code,brand,product_name,ingredients_text,countries_tags,quantity,source_url,image_url,data_source
3600542663045,Garnier,Vitamin C Fresh & Bright Hydrating Sorbet Cream,"Aqua/Water, Glycerin, Niacinamide, Alcohol Denat., Cetearyl Isononanoate, Sodium Polyacrylate, Citrus Limon Fruit Extract/Lemon Fruit Extract, Sodium Hydroxide, Silica, Salicylic Acid, Sodium Phytate, Citric Acid, Limonene, Parfum/Fragrance, Linalool, CI 19140/Yellow 5, CI 15985/Yellow 6",en:switzerland,,https://world.openbeautyfacts.org/product/3600542663045,https://images.openbeautyfacts.org/images/products/360/054/266/3045/front_en.3.400.jpg,open_beauty_facts
3600541945043,Garnier,Garnier SkinActive Hydra Bomb Tissue Masker met Kamille 28g,"AQUA, PROPYLENE GLYCOL, GLYCERIN, BENZYL ALCOHOL, BENZYL BENZOATE, CHAMOMILLA RECUTITA FLOWER EXTRACT, DIPOTASSIUM GLYCYRRHIZATE, ACRYLIC ACID COPOLYMER, HYDROGENATED STARCH HYDROLYSATE, HYDROXYACETOPHENONE, HYDROXYETHYLCELLULOSE, MANNOSE P-ANISIC ACID, PEG-40 HYDROGENATED CASTOR OIL, PHENOXYETHANOL, POTASSIUM HYDROXIDE, POTASSIUM SORBATE, PVM, SODIUM HYALURONATE, SORBIC ACID, XANTHAN GUM, FRAGRANCE.",en:italy,28 g,https://world.openbeautyfacts.org/product/3600541945043,https://images.openbeautyfacts.org/images/products/360/054/194/5043/front_nl.12.400.jpg,open_beauty_facts
3600542520454,"Garnier, Garnier ambre solaire",Sensitive expert + Spf 50+,"AQUA/WATER, ALCOHOL DENAT., ETHYLHEXYL SALICYLATE, ETHYLHEXYL TRIAZONE, BUTYL METHOXYDIBENZOYLMETHANE. BIS-ETHYLHEXYLOXYPHENOL METHOXYPHENYL TRIAZINE, ISOPROPYL PALMITATE, DIISOPROPYL ADIPATE, GLYCERIN, PROPANEDIOL, PHENYLBENZIMIDAZOLE SULFONIC ACID, DICAPRYLYL ETHER, TRIETHANOLAMINE, C12-22 ALKYL ACRYLATE/HYDROXYETHYLACRYLATE COPOLYMER, TOCOPHEROL, HYDROXYACETOPHENONE, SODIUM POLYACRYLATE, SODIUM BENZOATE, TRISODIUM ETHYLENEDIAMINE DISUCCINATE, DROMETRIZOLE TRISILOXANE, ALOE BARBADENSIS LEAF JUICE, CAPRYLYL GLYCOL, ACRYLATES/C10-30 ALKYL ACRYLATE CROSSPOLYMER, CERAMIDE NP, CITRIC ACID, POTASSIUM SORBATE.",en:france,150 ml,https://world.openbeautyfacts.org/product/3600542520454,https://images.openbeautyfacts.org/images/products/360/054/252/0454/front_fr.3.400.jpg,open_beauty_facts
8901526005208,Garnier,Garnier Skin Naturals Vitamin C Face Wash,"WATER, GLYCERIN, MYRISTIC ACID, PALMITIC ACID, STEARIC ACID, POTASSIUM HYDROXIDE, LAURIC ACID, GLYCERYL DISTEARATE, GLYCERYL STEARATE, KAOLIN, PEG-14M, LINALOOL, SALICYLIC ACID, PHENOXYETHANOL, LIMONENE, ASCORBYL GLUCOSIDE, TETRASODIUM EDTA, LEMON FRUIT EXTRACT, CITRUS JUNOS FRUIT EXTRACT, MALTODEXTRIN, BENZYL SALICYLATE, BENZYL ALCOHOL, FRAGRANCE.",en:india,,https://world.openbeautyfacts.org/product/8901526005208,https://images.openbeautyfacts.org/images/products/890/152/600/5208/front_en.6.400.jpg,open_beauty_facts
3600541338869,Garnier,Gel Wet Shine Fructis 02,"2
3
4
5
2D-INGREDIENTS: AQUA/WATER, GLYCERIN, PROPYLENE GLYCOL PF
HYDROGENATED CASTOR OIL, ALCOHOL DENAT., CI 42090/BLUE 1, C1 607
VOLET 2, PHENOXYETHANOL, TRIETHANOLAMINE, LIMONENE, BAMBUS
S SAP EXTRACT, LINALOOL, CAPRYLYL GLYCOL, CARBOMER, BUTYLE
AMYL CINNAMAL, PARFUM/FRAGRANCE (FLL C209160/2).",en:spain,,https://world.openbeautyfacts.org/product/3600541338869,https://images.openbeautyfacts.org/images/products/360/054/133/8869/front_en.13.400.jpg,open_beauty_facts
0603084560707,Garnier,Whole Blends Honey Treasures Repairing Conditioner,"Aqua / Water / Eau, Cetearyl Alcohol, Behentrimonium Chloride, Amodimethicone, Parfum / Fragrance, Mel / Honey, Potassium Hydroxide, Benzyl Alcohol, Cetrimonium Chloride, Glycerin, Potassium Hexylate, Phenoxyethanol, Caprylyl Glycol, Trideceth-6, Helianthus Annuus Seed Oil / Sunflower Seed Oil, Argania Spinosa Kernel Oil, Cera Alba / Beeswax / Cire D'Abeille, Glycerin, Mel Extract / Honey Extract, CI 19140 / Yellow 5, CI 15985 / Yellow 6, Sodium Benzoate, Potassium Sorbate",en:united-states,,https://world.openbeautyfacts.org/product/0603084560707,https://images.openbeautyfacts.org/images/products/060/308/456/0707/front_en.10.400.jpg,open_beauty_facts
3600542385312,Garnier,Garnier Nem Bombası Canlandırıcı Kağıt Maske 28 gr,"Aqua / Water, Propylene Glycol, Glycerin, Alcohol, Dipotassium Glycyrrhizate, Glyceryl Acrylate/Acrylic Acid Copolymer, Hamamelis Virginiana Leaf Water/Witch Hazel Leaf Water, Hydrogenated Starch Hydrolysate, Hydroxyacetophenone, Hydroxyethylcellulose, Limonene, Mannose, P-Anisic Acid, PEG-40 Hydrogenated Castor Oil, Phenoxyethanol, Potassium Hydroxide, Potassium Sorbate, Punica Granatum Fruit Extract, PVM/MA Copolymer, Sodium Benzoate, Sodium Hyaluronate, Sorbic Acid, Xanthan Gum, Parfum/Fragrance (F.I.L C260513/3).",en:turkey;en:Türkiye,28 gr,https://world.openbeautyfacts.org/product/3600542385312,https://images.openbeautyfacts.org/images/products/360/054/238/5312/front_en.4.400.jpg,open_beauty_facts
3600541943506,Garnier,Garnier Skinactive hydra bomb granaatappel mask,"967205 55 - INGREDIENTS:, AQUA / WATER, PROPYLENE GLYCOL, GLYCERIN, ALCOHOL, DIPOTASSIUM GLYCYRRHIZATE, GLYCERYL ACRYLATE/ACRYLIC ACID COPOLYMER, HAMAMELIS VIRGINIANA LEAF WATER/WITCH HAZEL LEAF WATER, HYDROGENATED STARCH HYDROLYSATE, HYDROXYACETOPHENONE, HYDROXYETHYLCELLULOSE, LIMONENE, MANNOSE, P-ANISIC ACID, PEG-40 HYDROGENATED CASTOR OIL, PHENOXYETHANOL, POTASSIUM HYDROXIDE, POTASSIUM SORBATE, PUNICA GRANATUM FRUIT EXTRACT, PVM/MA COPOLYMER, SODIUM BENZOATE, SODIUM HYALURONATE, SORBIC ACID, XANTHAN GUM, PARFUM / FRAGRANCE (F.I.L C260513/3)",en:netherlands,1 stuk,https://world.openbeautyfacts.org/product/3600541943506,https://images.openbeautyfacts.org/images/products/360/054/194/3506/front_nl.13.400.jpg,open_beauty_facts
3600542385336,Garnier,Garnier Nem Bombası Dinlendirici Kağıt Maske 28 gr,"Aqua, Propylene Glycol, Glycerin, P-Anisic Acid, Benzyl Alcohol, Benzyl Benzoate, Chamomilla Recutita (Matricaria) Flower Extract, Dipotassium Glycyrrhizate, Glyceryl Acrylate/Acrylic Acid Copolymer, Hydrogenated Starch Hydrolysate, Hydroxyacetophenone, Hydroxyethylcellulose, Mannose, PEG-40 Hydrogenated Castor Oil, Phenoxyethanol, Potassium Hydroxide, Potassium Sorbate, PVM/MA Copolymer, Sodium Hyaluronate, Sorbic Acid, Xanthan Gum, Parfum",en:bulgaria;en:germany;en:iraq;en:netherlands;en:north-macedonia;en:romania;en:serbia;en:spain;en:turkey;en:united-states;en:Türkiye,28 gr,https://world.openbeautyfacts.org/product/3600542385336,https://images.openbeautyfacts.org/images/products/360/054/238/5336/front_en.4.400.jpg,open_beauty_facts
3600542427531,Garnier,Garnier SkinActive Vitamine C Serummasker,"VITAMIN-C-TUCHMASKE: INTENSIV FEUCHTIGKEITSSPENDEND & ERFRISCHEND Auf die Plätze, fertig. Glow! Verwöhne deine Haut mit unserer Tuchmaske, die die Haut mit einer Ladung Feuchtigkeit in nur 15 Minuten strahlen und sie Energie tanken ist. Formel mit Vitamin Cg und Hyaluronsäure für einen sofortigen Glow-Effekt. Für sensible Haut geeignet. BESTATIGTE WIRKSAMKEIT: Nach nur 15 Minuten: Die Haut ist intensiv mit Feuchtigkeit versorgt, aufgeweckter und geschmeidiger. Nach 1 Woche: Der Teint sieht ebenmäßiger aus, Anzeichen einer müden Haut erscheinen gemildert und die Haut ist revitalisiert. Kane Inhaltsstoffe tierischen Ursprungs. Vitamin-C: Vitamin-Cg, ein Vitamin-C-Derivat. Konsumententest mit 116 Frauen und 33 Männer - 3 Anwendungen während 1 Woche. FR MASQUE TISSU VITAMINE C SUPER HYDRATANT+ BOOSTER D'ÉCLAT C'est l'heure de redonner de l'éclat à votre peau! Ce masque tissu nouvelle génération, infusé avec l'équivalent d'une bouteille de sérum, illumine et repulpe votre peau comme une bombe d'hydratation en 15min seulement ! Il convient aussi aux peaux sensibles. EFFICACITE PROUVEE: Après seulement 15 minutes: la peau est intensément réhydratée, semble plus éclatante et plus lisse. Après 1 semaine: le teint est plus uniforme, les signes de fatigue sont réduits et la peau semble revitalisée. Aucun ingredient ou derive d'origine animale. Vitamine C: Vitamine Cg, dérivé de Vitamine C. Basée sur la contenance usuelle d'un soin 28mL Test consommateur: 116 femmes et 33 hommes-3 applications pendant 1 semaine. VITAMINE C TISSUE MASK: ULTRA HYDRATEREND + LAAT STRALEN Geef jouw huid een hydratatie boost in slecht 15 minuten! Dit gezichtsmasker is doordrenkt met een hoeveelheid van een vol flesje serum**, verrijkt met Vitamince Cg en hyaluronzuur, voor een stralend effect. Geschikt voor een gevoelige huid. BEWEZEN DOELTREFFENDHEID: Na 15 minuten: De huid is intens gehydrateerd, ziet er stralend uit en voelt soepeler. Na 1 week: teint ziet er meer egaal uit tekenen van vermoeidheid lijken minder zichtbaar en de huid lijkt gerevitaliseerd. Zonder ingredienten of bijproducten van dierlijke oorsprong. 2 Vitamine C: Vitamine CG, een afgeleide van Vitamine C. &quot;Gebaseerd op de hoeveelheid serum van 28ml. &quot;Zelfevaluatie - 116 vrouwen en 33 mannen - na 3 applicaties per week. DE ANWENDUNG? / FR COMMENT L'UTILISER? / NL HOE TE GEBRUIKEN? 1 2 3",en:netherlands,28g,https://world.openbeautyfacts.org/product/3600542427531,https://images.openbeautyfacts.org/images/products/360/054/242/7531/front_nl.13.400.jpg,open_beauty_facts
3600542470254,Garnier,Body Superfood Gel Crème Hydratant Pastèque,"AQUA/WATER: Eau purifiée
GLYCERIN: Soja, Colza, Noix de Coco ALCOHOL DENAT: Betterave, Sucre de canne, Mélasses de Mais
ISOPROPYL PALMITATE:Noix de Coco
CITRULLUS LANATUS
FRUIT EXTRACT : Pastèque 
WATERMELON FRUIT EXTRACT BUTYROSPERMUM PARKII BUTTER: Beurre de Karité
SHEA BUTTER 
SODIUM HYALURONATE:Soja fermenté, Maïs, Blé
SODIUM POLYACRYLATE
AMMONIUM POLYACRYLOYLDIMETHYL TAURATE
CAPRYLYL GLYCOL CITRIC ACID: Mélasses fermentées
CI 77491/IRON OXIDES 
C77492/IRON OXIDES
LINALOOL
GERANIOL
EUGENOL
CITRONELLOL
BENZYL ALCOHOL",en:france,380ml,https://world.openbeautyfacts.org/product/3600542470254,https://images.openbeautyfacts.org/images/products/360/054/247/0254/front_fr.3.400.jpg,open_beauty_facts
3600542385329,Garnier,Garnier Moisture Bomb Refreshing Sheet Mask,"Aqua (Water), Propylene Glycol, Glycerin, Camellia Sinensis Leaf Extract, Citric Acid, Dipotassium Glycyrrhizate, Glyceryl Acrylate/Acrylic Acid Copolymer, Hydrogenated Starch Hydrolysate, Hydroxyacetophenone, Hydroxyethylcellulose, Limonene, Mannose, P-Anisic Acid, PEG-40 Hydrogenated Castor Oil, Phenoxyethanol, Potassium Hydroxide, Potassium Sorbate, PVM/MA Copolymer, Sodium Benzoate, Sodium Hyaluronate, Xanthan Gum, Parfum (Fragrance)",en:central-african-republic;en:france;en:germany;en:netherlands;en:qatar;en:turkey;en:united-arab-emirates;en:united-states;en:Dubaï;en:Türkiye,28 gr,https://world.openbeautyfacts.org/product/3600542385329,https://images.openbeautyfacts.org/images/products/360/054/238/5329/front_en.4.400.jpg,open_beauty_facts
3610340626753,"Garnier, Ultra Doux",Oil Replacement Nutrition Extrême - Olive Mythique,AQUA/WATER - PARAFFINUM LIQUIDUM/MINERAL OIL - CETEARYL ALCOHOL - CETYL ESTERS - CI 19140/YELLOW 5 - PHENOXYETHANOL OLEA - EUROPAEA OIL/OLIVE FRUIT OIL - BEHENTRIMONIUM CHLORIDE - TRIDECETH-6 - LIMONENE - BENZYL SALICYLATE - BENZYL ALCOHOL - AMODIMETHICONE - ISOPROPYL ALCOHOL - ALPHA-ISOMETHYL IONONE CARAMEL - CARTHAMUS TINCTORIUS SEED OIL/SAFFLOWER SEED OIL - CETRIMONIUM CHLORIDE - COUMARIN - HEXYL CINNAMAL - PARFUM/FRAGRANCE - C169673/1,en:morocco,300 ml,https://world.openbeautyfacts.org/product/3610340626753,https://images.openbeautyfacts.org/images/products/361/034/062/6753/front_en.9.400.jpg,open_beauty_facts
3600541729476,Garnier,Micellar Cleansing Water,"AQUA / WATER, HEXYLENE GLYCOL, GLYCERIN, POLOXAMER 184, DISODIUM COCOAMPHODIACETATE, DISODIUM EDTA, MYRTRIMONIUM BROMIDE.",en:australia;en:france;en:united-kingdom,125ml,https://world.openbeautyfacts.org/product/3600541729476,https://images.openbeautyfacts.org/images/products/360/054/172/9476/front_en.10.400.jpg,open_beauty_facts
3600542653732,Garnier,Garnier Fructis Keratin Sleek Serum 50mL,"1285631 - INGREDIENTS: DIMETHICONE, BIS-(MORPHOLINOMETHYL C1-4 DIALKOXYSILOXY) DIMETHICONE, BIS-CETEARYL AMODIMETHICONE, PARFUM / FRAGRANCE. (F.I.L. Z70054674/1) Please be aware that ingredient lists for the products of our brand are updated regularly. Please refer to the ingredient list on your product package for the most up to date list of ingredients to ensure it is suitable to your personal use.",en:australia;en:germany,50 mL,https://world.openbeautyfacts.org/product/3600542653732,,open_beauty_facts
3600542097147,Garnier,Garnier Pure Charcoal Mask Black Algae 28g,967635 03 - INGREDIENTS: AQUA / WATER - PROPANEDIOL - PENTYLENE GLYCOL - GLYCERIN - ANANAS SATIVUS FRUIT EXTRACT / PINEAPPLE FRUIT EXTRACT - BIOTIN - CAPRYLOYL SALICYLIC ACID - CITRIC ACID - GLYCERYL ACRYLATE/ACRYLIC ACID COPOLYMER - GLYCOLIC ACID - HYDROGENATED STARCH HYDROLYSATE - HYDROXYACETOPHENONE - HYDROXYETHYLCELLULOSE - PAPAIN - PEG-32 - PEG-40 HYDROGENATED CASTOR OIL - PHENOXYETHANOL - POTASSIUM HYDROXIDE - POTASSIUM SORBATE - PVM/MA COPOLYMER - SACCHAROMYCES/XYLINUM/BLACK TEA FERMENT - SALICYLIC ACID - SODIUM CITRATE - SODIUM HYALURONATE - XANTHAN GUM - PARFUM / FRAGRANCE (F.I.L. Z70029244/1). Please be aware that ingredient lists for the products of our brand are updated regularly. Please refer to the ingredient list on your product package for the most up to date list of ingredients to ensure it is suitable to your personal use.,en:australia;en:greece,28 g,https://world.openbeautyfacts.org/product/3600542097147,,open_beauty_facts
3600542486866,Garnier,Garnier Hand Superfood Cocoa & Ceramide 48H Reparing Balm 75 ml - Vegan,"AQUA / WATER - GLYCERIN - CETEARYL ALCOHOL - GLYCERYL STEARATE - BUTYROSPERMUM PARKII BUTTER / SHEA BUTTER - GLYCERYL STEARATE SE - THEOBROMA CACAO SEED BUTTER / COCOA SEED BUTTER - SODIUM P O LYAC RY L AT E - 2 - O L E A M I D O - 1,3-OCTADECANEDIOL - CAPRYLYL GLYCOL - CITRIC ACID - CARAMEL - BENZYL ALCOHOL - PARFUM / FRAGRANCE (Z70013259/1). Please be aware that ingredient lists for the products of our brand are updated regularly. Please refer to the ingredient list on your product package for the most up to date list of ingredients to ensure it is suitable to your personal use.",en:australia;en:egypt,75 ml,https://world.openbeautyfacts.org/product/3600542486866,https://images.openbeautyfacts.org/images/products/360/054/248/6866/front_en.3.400.jpg,open_beauty_facts
3600542520263,Garnier,Enfant sensitive expert + Spf 50+ Spay,"AQUA/WATER, ALCOHOL DENAT., ETHYLHEXYL SALICYLATE, ETHYLHEXYL TRIAZONE, BUTYL METHOXYDIBENZOYLMETHANE BIS-ETHYLHEXYLOXYPHENOL METHOXYPHENYL TRIAZINE, ISOPROPYL PALMITATE, DIISOPROPYL ADIPATE, GLYCERIN, PROPANEDIOL, PHENYLBENZIMIDAZOLE SULFONIC ACID, DICAPRYLYL ETHER, TRIETHANOLAMINE, C12-22 ALKYL ACRYLATE/HYDROXYETHYLACRYLATE COPOLYMER, TOCOPHEROL, HYDROXYACETOPHENONE, SODIUM POLYACRYLATE, SODIUM BENZOATE, TRISODIUM ETHYLENEDIAMINE DISUCCINATE, DROMETRIZOLE TRISILOXANE, ALOE BARBADENSIS LEAF JUICE, CAPRYLYL GLYCOL, ACRYLATES/C10-30 ALKYL ACRYLATE CROSSPOLYMER, CERAMIDE NP, CITRIC ACID, POTASSIUM SORBATE. (F.I.L. Z70015318/1). *Hors colorants, additifs et pompe.",en:france,150 ml,https://world.openbeautyfacts.org/product/3600542520263,https://images.openbeautyfacts.org/images/products/360/054/252/0263/front_fr.9.400.jpg,open_beauty_facts
3600542541633,Garnier,Garnier C Vitamini Süper Aydınlatıcı Gece Serumu,"Aqua / Water, Ascorbic Acid, Pentylene Glycol, Glycerin, Sodium Hydroxide, Hydroxyacetophenone, Salicylic Acid, Caprylyl Glycol, Caprylyl/Capryl Glucoside, Polyquaternium-67, Adenosine, Trisodium Ethylenediamine Disuccinate, Sodium Hyaluronate, Linalool, Limonene, Geraniol, Parfum / Fragrance",en:turkey,30 ml,https://world.openbeautyfacts.org/product/3600542541633,https://images.openbeautyfacts.org/images/products/360/054/254/1633/front_tr.5.400.jpg,open_beauty_facts
3600542543361,Garnier,Fructis Oil Repair 3,"AQUA / WATER, SODIUM LAURETH SULFATE, GLYCOL DISTEARATE, SODIUM CHLORIDE, COCAMIDOPROPYL BETAINE, DIMETHICONE, OLEA EUROPAEA FRUIT OIL / OLIVE FRUIT OIL, HELIANTHUS ANNUUS SEED OIL / SUNFLOWER SEED OIL, ROSMARINUS OFFICINALIS LEAF EXTRACT / ROSEMARY LEAF EXTRACT, COCOS NUCIFERA OIL /COCONUT OIL, PERSEA GRATISSIMA OIL / AVOCADO OIL, COCAMIDE MEA, STEARETH-6, FUMARIC ACID, CARBOMER, GLYCERIN, TRIDECETH-10, TRIDECETH-3, AMODIMETHICONE, PEG-100 STEARATE, SODIUM HYDROXIDE, COCO-BETAINE, GUAR HYDROXYPROPYLTRIMONIUM CHLORIDE, HYDROLYZED CORN PROTEIN, HYDROLYZED SOY PROTEIN, HYDROLYZED WHEAT PROTEIN, CITRIC ACID, ACETIC ACID, HEXYLENE GLYCOL, TOCOPHEROL, SODIUM BENZOATE, SALICYLIC ACID, PHENOXYETHANOL, CI 15985 /YELLOW 6, CI 19140 / YELLOW 5, LINALOOL, COUMARIN, LIMONENE, PARFUM / FRAGRANCE (F.I.I. Z70012358/1).",en:italy,250ml,https://world.openbeautyfacts.org/product/3600542543361,https://images.openbeautyfacts.org/images/products/360/054/254/3361/front_it.7.400.jpg,open_beauty_facts
3600542097024,"Garnier, Garnier SkinActive",Garnier SkinActive Pure Charcoal Tissuemasker,"AQUA / WATER, PROPYLENE GLYCOL, GLYCERIN, PEG-32, PEG-40 HYDROGENATED CASTOR OIL, PVM/MA COPOLYMER, PAPAIN, POTASSIUM HYDROXIDE, GLYCERYL ACRYLATE/ACRYLIC ACID COPOLYMER, SODIUM HYALURONATE, ANANAS SATIVUS FRUIT EXTRACT / PINEAPPLE FRUIT EXTRACT, P-ANISIC ACID, ALCOHOL, PROPANEDIOL, SUCROSE, HYDROGENATED STARCH HYDROLYSATE, HYDROXYACETOPHENONE, HYDROXYETHYLCELLULOSE, CAPRYLOYL SALICYLIC ACID, XANTHAN GUM, FUCUS VESICULOSUS EXTRACT, SODIUM BENZOATE, PHENOXYETHANOL, PARFUM / FRAGRANCE (F.I.L C208350/1)",en:netherlands,28 g,https://world.openbeautyfacts.org/product/3600542097024,https://images.openbeautyfacts.org/images/products/360/054/209/7024/front_fr.5.400.jpg,open_beauty_facts
3600551125206,Garnier,Hydra 24h protect spf 30,"aqua, alcohol denat., dicaprylyl ether, isopropyl palmitate, butyl methoxydibenzoylmethane, ethylhexyl triazone, bis-ethylhexyloxyphenol methoxyphenyl triazine, ethylhexyl salicylate, diethylhexyl butamido triazone, acrylates/octylacrylamide copolymer, c12-22 alkyl acrylate/hydroxyethylacrylate copolymer, tocopherol, caprylyl glycol, citric acid, sodium hydroxide, trisodium ethylenediamine disuccinate",en:morocco,15 cl,https://world.openbeautyfacts.org/product/3600551125206,https://images.openbeautyfacts.org/images/products/360/055/112/5206/front_fr.4.400.jpg,open_beauty_facts
3600542383370,Garnier,GEL HYDROALCOOLIQUE POUR L'ANTISEPSIE DES MAINS,"ALCOHOL DENAT., AQUA / WATER, GLYCERIN, AMMONIUM POLYACRYLOYLDIMETHYL TAURATE (F.I.L C258404/1).",en:france;en:germany,100ml,https://world.openbeautyfacts.org/product/3600542383370,https://images.openbeautyfacts.org/images/products/360/054/238/3370/front_en.6.400.jpg,open_beauty_facts
3215662980011,"Garnier, Garnier Skin Naturals",PureActive Gel nettoyant assainissant,"AQUA / WATER, COCO-BETAINE, PROPYLENE GLYCOL, SODIUM LAURETH SULFATE, PEG-120 METHYL GLUCOSE DIOLEATE, SODIUM CHLORIDE, DISODIUM COCOAMPHODIACETATE, BENZYL SALICYLATE, EUCALYPTUS GLOBULUS EXTRACT / EUCALYPTUS GLOBULUS LEAF EXTRACT, LIMONENE, LINALOOL, MENTHOL, MENTHOXYPROPANEDIOL, SALICYLIC ACID, SODIUM BENZOATE, TETRASODIUM EDTA, ZINC GLUCONATE, PARFUM / FRAGRANCE. (F.I.L. B34608/1).",en:france,200 ml,https://world.openbeautyfacts.org/product/3215662980011,https://images.openbeautyfacts.org/images/products/321/566/298/0011/front_fr.5.400.jpg,open_beauty_facts
3600541938489,Garnier,Micellar Cleansing Water All-in-1,"AQUA / WATER, HEXYLENE GLYCOL, GLYCERIN, POLOXAMER 184, DISODIUM COCOAMPHODIACETATE, DISODIUM EDTA, MYRTRIMONIUM BROMIDE. (F.I.L. Z280823/1).",en:united-kingdom,700ml,https://world.openbeautyfacts.org/product/3600541938489,https://images.openbeautyfacts.org/images/products/360/054/193/8489/front_en.25.400.jpg,open_beauty_facts
3600542561389,Garnier,Hand repair,"AQUA/WATER, GLYCERIN, CETEA - RYL ALCOHOL, GLYCERYL STEARATE, BUTYROSPERMUM PAR - KII BUTTER/SHEA BUTTER, GLYCE - RYL STEARATE SE, ACER SACCHA - RUM EXTRACT/SUGAR MAPLE EX - TRACT, ALLANTOIN, SODIUM POLYACRYLATE, CAPRYLYL GLY - COL, CITRIC ACID, LINALOOL, COU - MARIN, ANISE ALCOHOL, BENZYL ALCOHOL, PARFUM / FRAGRANCE. (F.I.L. Z70027951/1). 561389",en:united-states,75ml,https://world.openbeautyfacts.org/product/3600542561389,https://images.openbeautyfacts.org/images/products/360/054/256/1389/front_en.5.400.jpg,open_beauty_facts
3600542433266,Garnier,Brightening serum,"WATER, GLYCERIN, ALCOHOL DENAT., DIPROPYLENE GLYCOL, BUTYLENE GLYCOL, NIACINAMIDE, PEG/PPG/POLYBUTYLENE GLYCOL-8/5/3 SODIUM GLYCERIN, HYDROXYETHYLPIPERAZINE ETHANE SULFONIC ACID, ISONONYL ISONONANOATE, ASCORBYL GLUCOSIDE, CITRUS LIMON FRUIT EXTRACT / LEMON FRUIT EXTRACT, POTASSIUM HYDROXIDE, 2-MERCAPTONICOTINOYL GLYCINE, HYALURONATE, SODIUM THIOSULFATE, SILICA, ADENOSINE, PHENYLETHYL RESORCINOL, AMMONIUM POLYACRYLOYLDIMETHYL TAURATE, HYDROGENATED LECITHIN, CAPRYLYL GLYCOL, TETRASODIUM GLUTAMATE DIACETATE, TRISODIUM ETHYLENEDIAMINE DISUCCINATE, XANTHAN GUM, TOCOPHERYL ACETATE, SALICYLIC ACID, CHLORPHENESIN, CI 15510 / ORANGE 4, CI 19140/YELLOW 5, LINALOOL, GERANIOL, LIMONENE, PARFUM/FRAGRANCE. (F.I.L. Z70046241/1).",en:ireland;en:united-kingdom,30 ml,https://world.openbeautyfacts.org/product/3600542433266,https://images.openbeautyfacts.org/images/products/360/054/243/3266/front_en.3.400.jpg,open_beauty_facts
3600542097123,Garnier,Pure Charcoal Mask,"aqua / water, propylene glycol, glycerin, peg-32, peg-40 hydrogenated castor o pvm/ma copolymer, papain, potassium hydroxide, glyceryl acrylate/acrylic acid copolymer, sodil hyaluronate, ananas sativus fruit extract / pineapple fruit extract, p-anisic acid, alcohol, propanediol, sucrose, hydrogenated starch hydrolysate, hydroxyacetophenone, hydroxyethylcellulose, capryloyl salicylic acid, xanthan gum, fucus vesiculosus extract, sodium benzoate, phenoxyethanol, parfum / fragrance (f,i,l c208350/1),",en:portugal,,https://world.openbeautyfacts.org/product/3600542097123,https://images.openbeautyfacts.org/images/products/360/054/209/7123/front_en.8.400.jpg,open_beauty_facts
3600542578585,Garnier,50* Super UV Acide Hyaluronique,"AQUA/WATER, ALCOHOL DENAT., DIISOPROPYL SEBACATE, SILICA, ISOPROPYL MYRISTATE, ETHYLHEXYL SALICYLATE, ETHYLHEXYL TRIAZONE, BIS-ETHYLHEXYLOXYPHENOL METHOXYPHENYL TRIAZINE, BUTYL METHOXYDIBENZOYLMETHANE, GLYCERIN, C12-22 ALKYL ACRYLATE/ HYDROXYETHYLACRYLATE COPOLYMER, PROPANEDIOL, DROMETRIZOLE TRISILOXANE, PERLITE, CAPRYLIC/CAPRIC DAGELIJKS TRIGLYCERIDE, TOCOPHEROL, ZONBESCH NIEU SU HY HYD ZEER I BESCHE SPF 50 ONZI HYDROXYACETOPHENONE, HYDROXYETHYLCELLULOSE, SODIUM HYALURONATE, THERMUS THERMOPHILLUS FERMENT, PHENOXYETHANOL, TRIETHANOLAMINE, TRISODIUM ETHYLENEDIAMINE DISUCCINATE, CAPRYLYL GLYCOL, TEREPHTHALYLIDENE DICAMPHOR SULFONIC ACID, ACRYLATES/C10-30 ALKYL ACRYLATE CROSSPOLYMER, POTASSIUM SORBATE. (F.I.L. C243543/1). GARNIER Postbus 505-2130 AM Hoofddorp n.v. L'OREAL s.a.- 1082 Bruxelles TSA 75000 93584 ST OUEN CEDEX FR www.garnier.com NL ADVIESCENTRUM: 023-5499446 Ⓑ CONSUMENTENSERVICE / SERVICE CONSEIL: 02/210 07 05 Instructies kunnen lokaal verschillen. Les consignes peuvent varier localement. AONGES NIEU SU NI ANTI ZEER IN 50 + +0 C ONZ Door het gebruiken van FSC®- gecertificeerd, ondersteunt GARNIER bosbeheer dat de natuur respecteert. En utilisant des produits certifiés FSC, GARNIER soutient une gestion des forêts respectueuse de la nature. (21) PAP MIX Packaging FSC FSC C041494 12M e40 ml 3 600542 578585&quot;&gt; NACINAMIDE LIVE PRINTEDER QUOTIDIEN DIES BATE PROTECTION ZE BES SPF 5 ON DAGELIJKSE ZONBESCHE S NIEUW SU NI ANTI - ZEER H BESCHER SPF 50 CONZI",en:belgium,,https://world.openbeautyfacts.org/product/3600542578585,https://images.openbeautyfacts.org/images/products/360/054/257/8585/front_en.3.400.jpg,open_beauty_facts
3600542628563,"Garnier, Garnier PureActive",Salicylique lotion exfoliante,"AQUA/WATER, NIACINAMIDE, PENTAERYTHRITYL TETRAETHYLHEXANOATE, BUTYLENE GLYCOL GLYCERIN, SQUALANE, TARAXACUM OFFICINALE RHIZOME/ROOT EXTRACT - DANDELION RHIZOME/ROUT EXTRACT, SACCHAROMYCES/RICE FERMENT FILTRATE SODIUM HYDROXIDE, KAOLIN, ADENOSINE, CAPRYLY GLYCOL, LACTIC ACID, PENTYLENE GLYCOL SALICYLIC ACID, CHLORPHENESIN, PARFUM/FRAGRANCE ACRYLATES/C10-30 ALKYL ACRYLATE CROSSPOLYMER FLL 270055110/1).",en:france,120 ml,https://world.openbeautyfacts.org/product/3600542628563,https://images.openbeautyfacts.org/images/products/360/054/262/8563/front_fr.3.400.jpg,open_beauty_facts
3600542565639,Garnier,AMBRE SOLAIRE Hydra 24H Sonnenschutz-Spray (SPF 30),"Aqua, Alcohol Denat., Octocrylene, Homosalate, Ethylhexyl Salicylate, Glycerin, Butyl Methoxydibenzoylmethane, Styrene / Acrylates Copolymer, Diisopropyl Sebacate, Ethylhexyl Triazone, Poly C10-30 Alkyl Acrylate, Acrylates Copolymer, Behenyl Alcohol, Benzyl Alcohol, Butyrospermum Parkii Butter, Caprylyl Glycol, Cetyl Alcohol, Disodium Edta, Disodium Ethylene Dicocamide Peg-15 Disulfate, Eugenol, Glyceryl Stearate, Glyceryl Stearate Citrate, Linalool, Peg-8 Laurate, Phenoxyethanol, Potassium Sorbate, Sodium Dodecylbenzenesulfonate, Terephthalylidene Dicamphor Sulfonic Acid, Thermus Thermophillus Ferment, Tocopherol, Triethanolamine, Parfum",en:austria,200 ml,https://world.openbeautyfacts.org/product/3600542565639,https://images.openbeautyfacts.org/images/products/360/054/256/5639/front_de.8.400.jpg,open_beauty_facts
3600542432757,Garnier,Hyaluronic Care 48h Sensitiv,"AQUA / WATER, ALUMINUM CHLOROHYDRATE, CETEARYL ALCOHOL, CETEARETH-33, PARFUM /FRAGRANCE, SODIUM HYALURONATE, PERLITE, PENTYLENE GLYCOL, DIMETHICONE, PHENOXYETHANOL",en:austria,50 ml,https://world.openbeautyfacts.org/product/3600542432757,https://images.openbeautyfacts.org/images/products/360/054/243/2757/front_de.9.400.jpg,open_beauty_facts
3600542133425,Garnier,Micellar Cleansing Water 3-in-1,"Aqua, hexylene glycol, glycerin, poloxamer 184, disodium cocoamphodiacetate, disodium edta, myrtrimonium bromide",en:lithuania,100 ml,https://world.openbeautyfacts.org/product/3600542133425,https://images.openbeautyfacts.org/images/products/360/054/213/3425/front_en.4.400.jpg,open_beauty_facts
3600542048477,Garnier,Gesichtspflege,"GARNIER
SKINACTIVE
ISSTOFFEN
SINHAL
96%
ERFRISCHENDES
WASCHGEL
MIT ALOE
JRSPRUNGS
REINIGT DIE HAUT WIRKSAM UND ERFRISCHT
NORMALE UND MISCHHAUT
VEGAN
DERMATOLOGISCH GETESTET
MIXTURA
WASSEP',
ATURLICHEN",en:germany,200ml,https://world.openbeautyfacts.org/product/3600542048477,https://images.openbeautyfacts.org/images/products/360/054/204/8477/front_en.11.400.jpg,open_beauty_facts
3600541126046,Garnier,7 day hand cream,"aqua/water, glycerin, paraffinum ol nical scoring-40 subjects - 7 days, fruit oil, palmitic acid, nethanol, sodium hydroxide, consumer test-82 subjects-4 weeks, re se lanalool, olea europaea oil/ enss /aloe barbadensis leaf juice, benzyl salicylate, bifida ferment esistant to one wash - instrumental test, 22snd1 intensive 7 days hydrating hand cream normal to dry hands hands stay hydrated, even after washing**, l-bifidus - ultra-hydrating formula inspired by the probiotics found in yoghurts, it is capable of supporting the skin's natural hydration reservoir, the soothing formula reinforces the skin's natural protective barrier, creating an anti-evaporation effect to help preserve hydration for longer, aloe vera extract this desert plant has the capacity to survive for months in arid climates , without water, it produces a gel, rich in vitamins and minerals, known for its highly hydrating properties, non-greasy and non-sticky formula - fast-absorbing, effective results 95% of women found their skin felt softer () 83% of women felt that their skin was protected against dryness alter 7 days, dryness: - 37% (2) ot apply on face, ate of bifidus, iner",en:united-kingdom,,https://world.openbeautyfacts.org/product/3600541126046,https://images.openbeautyfacts.org/images/products/360/054/112/6046/front_en.9.400.jpg,open_beauty_facts
0603084512843,Garnier,SkinActive Micellar Foaming Face Wash,"Aqua/Water, Glycerin, Peg-200 Hydrogenated Glyceryl Palmate, Coco-Betaine, Sodium Laureth Sulfate, Polysorbate 20, Peg-7 Glyceryl Cocoate, Citric Acid, Cocamide Mea, Peg-55 Propylene Glycol Oleate, Polyquaternium-11, Ppg-5 Ceteth-20, Propylene Glycol, Sodium Benzoate, Sodium Chloride, Sodium Hydroxide, Vitis Vinifera Fruit Water/Grape Fruit Water. F.I.L.# B189874/1.",en:united-states,,https://world.openbeautyfacts.org/product/0603084512843,https://images.openbeautyfacts.org/images/products/060/308/451/2843/front_en.3.400.jpg,open_beauty_facts
3600542131148,Garnier,Nutrisse Cream 5.0,"VÄRIVOIDE: AQUA/WATER, CETEARYL ALCOHOL, PROPYLENE GLYCOL, DECETH-3, LAURETH-12, AMMONIUM HYDROXIDE, OLETH-30, LAURIC ACID, HEXADIMETHRINE CHLORIDE, GLYCOL DISTEARATE, POLYOQUATERNIUM-22, ETHANOLAMINE, SILICA DIMETHYL SILYLATE [NANOJ/SILICA DIMETHYL SILYLATE, CI 77891 / TITANIUM DIOXIDE. m-AMINOPHENOL, ASCORBIC ACID, TOCOPHEROL, SODIUM METABISULFITE. THIOGLYCERIN, TOLUENE-2.5-DIAMINE, HELIANTHUS ANNUUS SEED OIL ,SUNFLOWER SEED OIL, DIMETHICONE, N.N-BIS(2-HYDROXYETHYL)-p-PHENYLENEDIAMINE SULFATE, CARBOMER, RESORCINOL, ROSMARINUS OFFICINALIS (ROSEMARY) EXTRACT, EDTA, VITIS VINIFERA SEED OIL/GRAPE SEED OIL, PARFUM/FRAGRANCE (F.IL. C212313/1). 

KEHITE-EMULSIO: AQUA/WATER, HYDROGEN PEROXIDE, CETEARYL ALCOHOL ,TRIDECETH-2 CARBOXAMIDE MEA, CETEARETH-25, GLYCERIN, TETRASODIUM ETIDRONATE, TETRASODIUM PYROPHOSPHATE, SODIUM SALICYLATE, PHOSPHORIC ACID, PARFUM/FRAGRANCE. (F.IL C201679/1).

HOITOAINE: AQUA / WATER, CETEARYL ALCOHOL, PARAFFINUM LIQUIDUM / MINERAL OIL, BEHENTRIMONIUM CHLORIDE, OLEA EUROPAEA FRUIT OIL/ OLIVE FRUIT OIL, VACCINIUM MACROCARPON (CRANBERRY) SEED OIL, GLYCINE SOJA OIL / SOYBEAN OIL, RIBES NIGRUM SEED OIL / BLACK CURRANT SEED OIL, PERSEA GRATISSIMA OIL / AVOCADO OIL, BUTYROSPERMUM PARKII BUTTER / SHEA BUTTER, DILAURYL THIODIPROPIONATE, GLYCERIN, ISOPROPYL ALCOHOL, CITRIC ACID, TOCOPHEROL, CHLORHEXIDINE DIGLUCONATE, CI 15985 / YELLOW 6, CI 19140 / YELLOW 5, LINALOOL, BENZYL ALCOHOL, PARFUM/ FRAGRANCE. (F.I.L. C225459/2).",en:finland,"60ml,40ml,60ml",https://world.openbeautyfacts.org/product/3600542131148,https://images.openbeautyfacts.org/images/products/360/054/213/1148/front_fi.4.400.jpg,open_beauty_facts
3600542133531,Garnier,Coconut oil Shampoo,"AQUA/WATER, SODIUM LAURETH SULFATE, COCO-BETAINE, GLYCERIN SODIUM CHLORIDE, CI 14700/ RED 4, COCOS NUCIFERA OIL / COCONUT OIL, SODIUM BENZOATE HYDROXYCITRONELLAL, SODIUM HYDROXIDE, THEOBROMA CACAO SEED BUTTER/COCOA SEEDI BUITER, PEG-60 HYDROGENATED CASTOR OIL, POLYQUATERNIUM-10, SALICYLIC ACID, BENLYL SHICYLATE, BENZYL ALCOHOL, LINALOOL, CARAMEL, CITRIC ACID, HEXYLENE GLYCOL, HEYL CINNAMAL, PARFUM/FRAGRANCE. (F.I.L C55067/1).",en:france,360 ml,https://world.openbeautyfacts.org/product/3600542133531,https://images.openbeautyfacts.org/images/products/360/054/213/3531/front_fr.5.400.jpg,open_beauty_facts
3600541933927,Garnier,Gel douche Miel,"lions sa Douche born {lyararanre et protectrice, Garnier Ultra Doux o réuni 3 vérita es trésors issus de la ruche • La geloe royale, élixir revitalisant, réputée pour ses propriétés do reporotjon intense, • La propolis vòritoble ciment naturel de la ruche, utilisée pouf ses vertus protectrices. • Le miet nectar millénaire, reconnu pour apporter à votre peau nutrition et souplesse. Une parenthèse de douceur : laissez-vous envelopper par Doux so texture crémeuse et son parfum gourmand. Lavee en POUR VOTRE dajceur, votre peau est hydratée et protégée. PEAU, Doux POUR LA PLANÈTE Une formule ultra douce, pour le confort des adultes",en:france,,https://world.openbeautyfacts.org/product/3600541933927,,open_beauty_facts
3215660760127,"Garnier, Garnier Ambre Solaire",UVSKI Moyenne 20 SPF,"RICINUS COMMUNIS OIL / CASTOR SEED OIL, ISOPROPYL PALMITATE, OZOKERITE, ETHYLHEXYL METHOXYCINNAMATE, POLYETHYLENE, TITANIUM DIOXIDE, THEOBROMA CACAO BUTTER / CACAO SEED BUTTER, BUTYROSPERMUM PARKII BUTTER / SHEA BUTTER, TOCOPHEROL, STEARIC ACID, EUGENOL, LIMONENE, LINALOOL, DROMETRIZOLE TRISILOXANE, ALPHA-ISOMETHYL IONONE, GERANIOL, CITRONELLOL, CITRAL, ALUMINIUM HYDROXIDE, PARFUM / FRAGRANCE. (F.I.L. C29365/1).",en:france,"4,7 g",https://world.openbeautyfacts.org/product/3215660760127,https://images.openbeautyfacts.org/images/products/321/566/076/0127/front_fr.5.400.jpg,open_beauty_facts
3600540810595,"Garnier, Fructis",Nutri Repair 3 Huiles Démêlant soin instantané,"AQUA/WATER, ISODODECANE, CYCLOPENTASILOXANE, CI 19140 / YELLOW 5, CI 15985 / YELLOW 6, NIACINAMIDE, SACCHARUM OFFICINARUM EXTRACT / SUGAR CANE EXTRACT, PHENYL TRIMETHICONE, PHENOXYETHANOL, OLEA EUROPAEA OIL / OLIVE FRUIT OIL, EUGENOL, BEHENTRIMONIUM CHLORIDE, TRIDECETH-5, TRIDECETH-10, POLYQUATERNIUM-16, POLYAMINOPROPYL BIGUANIDE, DIMETHICONOL, DIMETHICONE, LIMONENE, CAMELLIA SINENSIS LEAF EXTRACT, LINALOOL, BENZYL SALICYLATE, BENZYL ALCOHOL, AMODIMETHICONE, ALPHA-ISOMETHYL IONONE, PYRUS MALUS EXTRACT / APPLE FRUIT EXTRACT, PYRIDOXINE HCI, PERSEA GRATISSIMA OIL / AVOCADO OIL, CITRIC ACID, BUTYROSPERMUM PARKII BUTTER / SHEA BUTTER, BUTYLPHENYL METHYLPROPIONAL, CITRONELLOL, CITRUS MEDICA LIMONUM PEEL EXTRACT / LEMON PEEL EXTRACT, LAURETH-23, LAURETH-4, HEXYL CINNAMAL, AMYL CINNAMAL, PARFUM / FRAGRANCE. (FIL C170095/1).",en:france,150 ml,https://world.openbeautyfacts.org/product/3600540810595,https://images.openbeautyfacts.org/images/products/360/054/081/0595/front_fr.5.400.jpg,open_beauty_facts
3600541888555,"Garnier, Fructis",Fructis Nutri Repair Intense,"AQUA / WATER, SODIUM LAURETH SULFATE, COCAMIDOPROPYL BETAINE, SODIUM LAURYL SULFATE, GLYCOL DISTEARATE, SODIUM CHLORIDE, AMODIMETHICONE, PPG-5-CETETH-20, SODIUM BENZOATE, PYRUS MALUS FRUIT EXTRACT  / APPLE FRUIT EXTRACT, SALICYLIC ACID, GUAR HYDROXYPROPYLTRIMONIUM CHLORIDE, TRIDECETH-6, CARBOMER, NIACINAMIDE, PYRIDOXINE HCI, HEXYL CINNAMAL, LINALOOL, BENZYL ALCOHOL, CITRIC ACID, BENZYL SALICYLATE, CETRIMONIUM CHLORIDE, SACCHARUM OFFICINARUM EXTRACT / SUGAR CANE EXTRACT, BENZYL CINNAMATE, COUMARIN, MACADAMIA TERNIFOLIA SEED OIL, SIMMONDSIA CHINENSIS SEED OIL / JOJOBA SEED OIL, PRUNUS AMYGDALUS DULCIS OIL / SWEET ALMOND OIL, COCOS NUCIFERA OIL / COCONUT OIL, BUTYROSPERMUM PARKII BUTTER / SHEA BUTTER, LIMONENE, FUMARIC ACID, CI 19140 / YELLOW 5, PHENOXYETHANOL, CITRUS LIMON PEEL EXTRACT / LEMON PEEL EXTRACT, CAMELLIA SINENSIS LEAF EXTRACT, CI 14700 / RED 4, SODIUM HYDROXIDE, PARFUM / FRAGRANCE. (FIL C185672/1)",en:france,250 ml,https://world.openbeautyfacts.org/product/3600541888555,https://images.openbeautyfacts.org/images/products/360/054/188/8555/front_fr.5.400.jpg,open_beauty_facts
3600541883550,"Garnier, Fructis",Fructis Nutri Repair 3 Huiles,"AQUA / WATER, SODIUM LAURETH SULFATE, DIMETHICONE, SODIUM CHLORIDE, COCO-BETAINE, GLYCOL DISTEARATE, CI 19140 / YELLOW 5, CI 15985 / YELLOW 6, GUAR HYDROXYPROPYLTRIMONIUM CHLORIDE, NIACINAMIDE, COCAMIDE MIPA, SACCHARUM OFFICINARUM EXTRACT / SUGAR CANE EXTRACT, SODIUM BENZOATE, SODIUM HYDROXIDE, OLEA EUROPAEA OIL / OLIVE FRUIT OIL, SALICYLIC ACID, CAMELLIA SINENSIS LEAF EXTRACT, LINALOOL, BENZYL SALICYLATE, BENZYL ALCOHOL, PYRUS MALUS EXTRACT / APPLE FRUIT EXTRACT, CARBOMER, PYRIDOXINE HCI, PERSEA GRATISSIMA OIL / AVOCADO OIL, CITRIC ACID, BUTYLPHENYL METHYLPROPIONAL, BUTYROSPERMUM PARKII BUTTER / SHEA BUTTER, CITRUS MEDICA LIMONUM PEEL EXTRACT / LEMON PEEL EXTRACT, HEXYLENE GLYCOL, HEXYL CINNAMAL, PARFUM / FRAGRANCE (FIL C169878/1).",en:france,250 ml,https://world.openbeautyfacts.org/product/3600541883550,https://images.openbeautyfacts.org/images/products/360/054/188/3550/front_fr.5.400.jpg,open_beauty_facts
8720181166617,"Dove, Dove Men","Invigorating Cool Fresh Body, Face & Hair Wash","AQUA, SODIUM LAURETH SULFATE, COCAMIDOPROPYL BETAINE, SODIUM CHLORIDE, SODIUM LAUROYL ISETHIONATE, GLYCERIN, ACRYLATES COPOLYMER, PARFUM, SODIUM BENZOATE, STEARIC ACID, LAURIC ACID, SODIUM HYDROXIDE, HYDROXYSTEARIC ACID, PALMITIC ACID, TETRASODIUM EDTA, SODIUM ISETHIONATE, CITRIC ACID, PPG-6, BENZYL SALICYLATE, LIMONENE, LINALOOL, LINALYL ACETATE, TETRAMETHYL ACETYLOCTAHYDRONAPHTHALENES",en:france,400 ml,https://world.openbeautyfacts.org/product/8720181166617,https://images.openbeautyfacts.org/images/products/872/018/116/6617/front_en.13.400.jpg,open_beauty_facts
8710447362945,"Dove, Baby Dove",Sensitive Skin Care Lotion,"Aqua, Glycerin, Petrolatum, Stearic Acid, Glycol Stearate, Dimethicone, Isopropyl Isostearate, Caprylyl Glycol, Carbomer, Cetearyl Alcohol, Disodium EDTA, Glyceryl Stearate, Magnesium Aluminum Silicate, Parfum, Phenoxyethanol, Stearamide AMP, Tapioca Starch, Triethanolamine.",en:france;en:nigeria,400 ml,https://world.openbeautyfacts.org/product/8710447362945,https://images.openbeautyfacts.org/images/products/871/044/736/2945/front_en.15.400.jpg,open_beauty_facts
8720182256836,Dove,Dove Beauty Cream Bar Original Yumuşak Pürüzsüz Bir Cilt İçin Nemlendirici Krem Sabun 90 gr x 4,"Sodium Lauroyl Isethionate, Stearic Acid, Lauric Acid, Sodium Oleate, Water (Aqua), Sodium Isethionate, Sodium Stearate, Cocamidopropyl Betaine, Fragrance (Parfum), Sodium Laurate, Tetrasodium Etidronate, Tetrasodium EDTA, Sodium Chloride, Alpha-Isomethyl Ionone, Citronellol, Hexyl Cinnamal, Linalool, Titanium Dioxide (CI 77891).",en:turkey;en:Türkiye,360 gr,https://world.openbeautyfacts.org/product/8720182256836,https://images.openbeautyfacts.org/images/products/872/018/225/6836/front_en.6.400.jpg,open_beauty_facts
0011111040564,Dove,Advanced Care Hand Wash,"Water (Aqua), Sodium Laureth Sulfate, Cocamidopropyl Betaine, Sodium Lauroyl Isethionate, Sodium Chloride, Glycerin, Fragrance (Parfum), Carbomer, Phenoxyethanol, Sodium Benzoate, Citric Acid, Tetrasodium EDTA, Stearic Acid, Palmitic Acid, Iodopropynyl Butylcarbamate, Benzyl Alcohol, Hexyl Cinnamal, Limonene, Linalool",en:united-states,,https://world.openbeautyfacts.org/product/0011111040564,https://images.openbeautyfacts.org/images/products/001/111/104/0564/front_en.3.400.jpg,open_beauty_facts
8712561538077,Dove,refreshing beauty cream bar,"sodium lauroyl isethionate, stearic acid, sodium stearate, aqua, lauric acid, sodium isethionate, sodium palm kernelate, parfum, sodium chloride, zinc oxide, glycerin, tetrasodium edta, tetrasodium etidronate, alpha-isomethyl ionone, benzyl alcohol, benzyl salicylate, butylphenyl methylpropional, cinnamyl alcohol, citronellol, coumarin, hexyl cinnamal, limonene, linalool, ci 77891",en:morocco,90 g,https://world.openbeautyfacts.org/product/8712561538077,https://images.openbeautyfacts.org/images/products/871/256/153/8077/front_en.12.400.jpg,open_beauty_facts
0011111020641,Dove,dove relaxing lavender oil & chamomile,"for your skin our moisturizing formula has: 0 naturally-derived cleansers skin-natural nutrients plant-based moisturizer no sulfates & no parabens we care for all: cruelty-free n microbiome gentle globally, dove does not test on animals million young people build self-esteem from 2004 to 2020. wnload our tools for free at dove.com/selfesteem what's here? water (asal socum chloride, cocamidopropyl betaine, sodium laroyl glyc 02064 tetrastlanate ppg-2 acid linalool linge 1 appenabled lauryl sethonate, acrylates copolymer, lauric acid, stearic acid, palmitic acid, chamomilla recutita la angustifolia lavender oil, lavandula hybrida tetrasodium edta, peg-150 pentaerythrityl onem cocamide koopropynyl butylcarbamate, citric maed 33 (17200, blue 1 (0142090) 11110ju41 plastic how c 1-800-761-dove 1-800-761-3603 www.do.com",en:united-states,,https://world.openbeautyfacts.org/product/0011111020641,https://images.openbeautyfacts.org/images/products/001/111/102/0641/front_en.9.400.jpg,open_beauty_facts
8720181460074,Dove,Dove Advanced Care Nourishing Care Douchegel,"INGREDIENTS:, Aqua, Cocamidopropyl Betaine, Sodium Hydroxypropyl Starch Phosphate, Lauric Acid, Sodium Lauroyl Glycinate, Sodium Lauroyl Isethionate, Sodium Chloride, Glycerin, Hydrogenated Soybean Oil, Helianthus Annuus Seed Oil, Parfum, Sodium Benzoate, Caprylyl Glycol, Sodium Hydroxide, Citric Acid, Sodium Isethionate, Stearic Acid, Palmitic Acid, Sodium Gluconate, Argania Spinosa Kernel Oil, Caprylic Acid, Guar Hydroxypropyltrimonium Chloride, Hydroxystearic Acid, Hydrogenated Vegetable Glycerides, Sodium Methyl Lauroyl Taurate, Hexyl Cinnamal, Limonene, Linalool",en:netherlands,400ml - Droge huid,https://world.openbeautyfacts.org/product/8720181460074,https://images.openbeautyfacts.org/images/products/872/018/146/0074/front_nl.5.400.jpg,open_beauty_facts
8720181457500,Dove,Dove Advanced Care Deeply Nourishing Douchegel,"INGREDIENTS:, Aqua, Cocamidopropyl Betaine, Sodium Hydroxypropyl Starch Phosphate, Lauric Acid, Sodium Lauroyl Glycinate, Sodium Lauroyl Isethionate, Sodium Chloride, Glycerin, Hydrogenated Soybean Oil, Parfum, Helianthus Annuus Seed Oil, Sodium Benzoate, Caprylyl Glycol, Sodium Hydroxide, Citric Acid, Sodium Isethionate, Stearic Acid, Palmitic Acid, Sodium Gluconate, Caprylic Acid, Guar Hydroxypropyltrimonium Chloride, Hydroxystearic Acid, Hydrogenated Vegetable Glycerides, Sodium Methyl Lauroyl Taurate, Benzyl Alcohol, Citronellol, Hexyl Cinnamal, Limonene, Linalool",en:netherlands,400ml - Droge huid,https://world.openbeautyfacts.org/product/8720181457500,https://images.openbeautyfacts.org/images/products/872/018/145/7500/front_nl.5.400.jpg,open_beauty_facts
8710447280072,Dove,Dove Surgras Gel Douche Mousse Nourissante Infusée Huile de Coco 200ml,"Aqua, Cocamidopropyl Betaine, Glycerin, Isobutane, Sodium Methyl Lauroyl Taurate, Sodium Lauroyl Isethionate, Sodium Chloride, Propane, Polysorbate 20, Parfum, Lauric Acid, Sodium Benzoate, Stearic Acid, Citric Acid, Capryloyl Glycine, Undecylenoyl Glycine, Sodium Isethionate, Sodium Methyltaurate, Sodium Hydroxide, Tetrasodium EDTA, Butane, Cocos Nucifera Oil, Capric Acid, Coumarin, Hexyl Cinnamal.",en:netherlands,200 ml,https://world.openbeautyfacts.org/product/8710447280072,https://images.openbeautyfacts.org/images/products/871/044/728/0072/front_fr.3.400.jpg,open_beauty_facts
8710447280065,Dove,Dove Surgras Gel Douche Mousse Nourrissante Huile de Rose 24h,"Aqua, cocamidopropyl betaine, glycerin, isobutane, sodium methyl lauroyl taurate, sodium lauroyl isethionate, propane, sodium chloride, polysorbate 20, parfum*, lauric acid, sodium benzoate, stearic acid, citric acid, undecylenoyl glycine, capryloyl glycine, sodium isethionate, sodium methyltaurate, butane, sodium hydroxide, tetrasodium edta, caprylic acid, citronellol, geraniol, limonene, linalool. *parfum avec de l'huile de rose",en:netherlands,200 ml,https://world.openbeautyfacts.org/product/8710447280065,https://images.openbeautyfacts.org/images/products/871/044/728/0065/front_fr.3.400.jpg,open_beauty_facts
8720181313448,Dove,Dove Men+care clean comfort douchegel,"AQUA, SODIUM LAURETH SULFATE, GLYCERIN, COCAMIDOPROPYL BETAINE, SODIUM CHLORIDE, ACRYLATES COPOLYMER, SODIUM LAUROYL ISETHIONATE, PARFUM, SODIUM BENZOATE, SODIUM HYDROXIDE, STEARIC ACID, LAURIC ACID, HYDROXYSTEARIC ACID, PALMITIC ACID, TETRASODIUM EDTA, SODIUM ISETHIONATE, CITRIC ACID, PPG-6, ALPHA-ISOMETHYL IONONE, AMYL SALICYLATE, BENZYL SALICYLATE, LIMONENE, LINALOOL LINALYL ACETATE, TETRAMETHYL ACETYLOCTAHYDRONAPHTHALENES, CI 17200, CI 19140, CI 42090. 30.004A",en:netherlands,400 ml,https://world.openbeautyfacts.org/product/8720181313448,https://images.openbeautyfacts.org/images/products/872/018/131/3448/front_en.7.400.jpg,open_beauty_facts
8720181313417,Dove,Dove Men+care clean comfort douchegel,"AQUA, SODIUM LAURETH SULFATE, GLYCERIN, COCAMIDOPROPYL BETAINE, SODIUM CHLORIDE, ACRYLATES COPOLYMER, SODIUM LAUROYL ISETHIONATE, PARFUM, SODIUM BENZOATE, SODIUM HYDROXIDE STEARIC ACID, LAURIC ACID, HYDROXYSTEARIC ACID, PALMITIC ACID, TETRASODIUM EDTA, SODIUM ISETHIONATE, CITRIC ACID, PPG-6, ALPHA-ISOMETHYL IONONE, AMYL SALICYLATE, BENZYL SALICYLATE, LIMONENE, LINALOOL, LINALYL ACETATE, TETRAMETHYL ACETYLOCTAHYDRONAPHTHALENES, CI 17200, CI 19140, CI 42090.",en:netherlands,250 ml,https://world.openbeautyfacts.org/product/8720181313417,https://images.openbeautyfacts.org/images/products/872/018/131/3417/front_en.3.400.jpg,open_beauty_facts
8711600453975,Dove,Dove Intense care bodylotion,"INGREDIENTS/SASTOJCI: Aqua, Glycerin, Stearic Acid, Caprylic/Capric Triglyceride, Dimethicone, Glycol Stearate, PEG-100 Stearate, Acrylates/C10-30 Alkyl Acrylate Crosspolymer, Carbomer, Cetyl Alcohol, Cyclopentasiloxane, Disodium EDTA, Glyceryl Stearate, Helianthus Annuus Hybrid Oil, Isomerized Linoleic Acid, Methylparaben, Parfum, Petrolatum, Phenoxyethanol, Propylparaben, Stearamide AMP, Tocopheryl Acetate, Triethanolamine, Alpha-Isomethyl lonone, Benzyl Alcohol, Citronellol, Coumarin, Geraniol, Hexyl Cinnamal, Limonene, Linalool, CI 77891",en:netherlands,400 ml,https://world.openbeautyfacts.org/product/8711600453975,https://images.openbeautyfacts.org/images/products/871/160/045/3975/front_nl.16.400.jpg,open_beauty_facts
8710447280003,Dove,Dove Surgras Gel Douche Mousse Infusée à l'Huile d'Argan 24H de Douceur,"Aqua, cocamidopropyl betaine, glycerin, isobutane, sodium methyl lauroyl taurate, sodium lauroyl isethionate, propane, sodium chloride, polysorbate 20, parfum, lauric acid, sodium benzoate, stearic acid, citric acid, undecylenoyl glycine, capryloyl glycine, sodium isethionate, sodium methyltaurate, butane, sodium hydroxide, tetrasodium edta, caprylic acid, arcania spinosa kernel oil, hexyl cinnamal, limonene, linaloo",en:netherlands,200 ml,https://world.openbeautyfacts.org/product/8710447280003,https://images.openbeautyfacts.org/images/products/871/044/728/0003/front_fr.12.400.jpg,open_beauty_facts
8712561593335,Dove,DOVE Gel Douche Nutrition Intense 250ml,"Aqua, Cocamidopropyl Betaine, Sodium Hydroxypropyl Starch Phosphate, Lauric Acid, Sodium Lauroyl Glycinate, Sodium Lauroyl Isethionate, Sodium Chloride, Glycerin, Hydrogenated Soybean Oil, Parfum, Helianthus Annuus Seed Oil, Sodium Benzoate, Caprylyl Glycol, Sodium Hydroxide, Citric Acid, Sodium Isethionate, Stearic Acid, Palmitic Acid, Sodium Gluconate, Caprylic Acid, Guar Hydroxypropyltrimonium Chloride, Hydroxystearic Acid, Benzyl Alcohol, Citronellol, Hexyl Cinnamal, Limonene, Linalool.",en:france,250 ml,https://world.openbeautyfacts.org/product/8712561593335,https://images.openbeautyfacts.org/images/products/871/256/159/3335/front_fr.25.400.jpg,open_beauty_facts
8710908778230,Dove,Restoring ritual body lotion,"Aqua, Glycerin, Caprylic/Capric Triglyceride, Dimethicone, Glycol Stearate, Stearic Acid, PEG-100 Stearate, Palmitic Acid, Petrolatum, 1,2-Hexanediol, Acrylates/C10-30 Alkyl Acrylate Crosspolymer, Carbomer, Cetyl Alcohol, Cocos Nucifera Oil, Collagen Amino Acids, Cyclopentasiloxane, Decylene Glycol, Disodium EDTA, Glyceryl Stearate, Helianthus Annuus Seed Oil, Isomerized Linoleic Acid, Lactic Acid, Methylparaben, Parfum, PEG-40 Hydrogenated Castor Oil, Pentylene Glycol, Phenoxyethanol Potassium Lactate, Potassium Sorbate, Propylene Glycol, Propylparaben, Prunus Amygdalus Dulcis Oil, Prunus Amygdalus Dulcis Seed Extract, Sine Adipe Lac, Sodium PCA, Stearamide AMP, Tocopheryl Acetate, Trideceth-9, Triethanolamine, Urea, Coumarin, CI 77891.",en:united-kingdom,400ml,https://world.openbeautyfacts.org/product/8710908778230,https://images.openbeautyfacts.org/images/products/871/090/877/8230/front_en.4.400.jpg,open_beauty_facts
9300830095827,Dove,Dove Advanced Body Wash Restoring 700mL,"Water, Cocamidopropyl Betaine, Sodium Cocoyl Isethionate, Sodium Benzoate, Sodium Chloride, Fragrance, Glycerin, Glycol Distearate, Carbomer, Coconut Acid, Caprylyl Glycol, Sodium Cocoyl Glycinate, Citric Acid, Stearic Acid, Sodium Isethionate, Palmitic Acid, PPG-6, Sodium Gluconate, Prunus Amygdalus Dulcis (Sweet Almond) Oil, Cocos Nucifera (Coconut) Oil, Hydroxystearic Acid, PEG-150 Pentaerythrityl Tetrastearate, PPG-2 Hydroxyethyl Cocamide, Hydrogenated Vegetable Glycerides.",en:australia,700 mL,https://world.openbeautyfacts.org/product/9300830095827,,open_beauty_facts
9300830095803,Dove,Dove Advanced Body Wash Rejuvenating 700mL,"Water, Cocamidopropyl Betaine, Sodium Cocoyl Isethionate, Sodium Benzoate, Sodium Chloride, Glycerin, Fragrance, Glycol Distearate, Carbomer, Coconut Acid, PPG-6, Caprylyl Glycol, Sodium Cocoyl Glycinate, Citric Acid, Stearic Acid, Sodium Isethionate, Palmitic Acid, Sodium Gluconate, Hydroxystearic Acid, PEG-150 Pentaerythrityl Tetrastearate, PPG-2 Hydroxyethyl Cocamide, Hydrogenated Vegetable Glycerides, PEG-40 Hydrogenated Castor Oil, Trideceth-9, Punica Granatum (Pomegranate) Fruit Juice, Cl 17200.",en:australia,700 mL,https://world.openbeautyfacts.org/product/9300830095803,,open_beauty_facts
9300830095773,Dove,Dove Advanced Body Wash Refreshing 700mL,"Water, Cocamidopropyl Betaine, Sodium Cocoyl Isethionate, Sodium Benzoate, Sodium Chloride, Fragrance, Glycerin, Glycol Distearate, Carbomer, Coconut Acid, PPG-6, Caprylyl Glycol, Sodium Cocoyl Glycinate, Citric Acid, Stearic Acid, Sodium isethionate, Palmitic Acid, Sodium Gluconate, Hydroxystearic Acid, PEG-150 Pentaerythrityl Tetrastearate, PPG-2 Hydroxyethyl Cocamide, Hydrogenated Vegetable Glycerides, CI 19140, CI 61570.",en:australia,700 mL,https://world.openbeautyfacts.org/product/9300830095773,,open_beauty_facts
9300830095735,Dove,Dove Advanced Body Wash Sensitive 700mL,"Water, Cocamidopropyl Betaine, Sodium Hydroxypropyl Starch Phosphate, Lauric Acid, Sodium Cocoyl Isethionate, Sodium Cocoyl Glycinate, Sodium Chloride, Glycerin, Hydrogenated Soybean Oil, Helianthus Annuus (Sunflower) Seed Oil, Sodium Benzoate, Coconut Acid, Caprylyl Glycol, Citric Acid, Stearic Acid, Sodium Isethionate, Palmitic Acid, Sodium Gluconate, Guar Hydroxypropyltrimonium Chloride, Hydroxystearic Acid, Hydrogenated Vegetable Glycerides.",en:australia,700 mL,https://world.openbeautyfacts.org/product/9300830095735,,open_beauty_facts
9300830095711,Dove,Dove Advanced Body Wash Triple Moisturising 700mL,"Water, Cocamidopropyl Betaine, Sodium Hydroxypropyl Starch Phosphate, Sodium Cocoyl Isethionate, Lauric Acid, Sodium Cocoyl Glycinate, Sodium Chloride, Glycerin, Hydrogenated Soybean Oil, Fragrance, Helianthus Annuus (Sunflower) Seed Oil, Sodium Benzoate, Coconut Acid, Caprylyl Glycol, Citric Acid, Stearic Acid, Sodium Isethionate, Palmitic Acid, Sodium Gluconate, Guar Hydroxypropyltrimonium Chloride, Hydroxystearic Acid, Hydrogenated Vegetable Glycerides.",en:australia,700 mL,https://world.openbeautyfacts.org/product/9300830095711,,open_beauty_facts
9300666565778,Dove,Dove Damage Therapy Intensive Repair + Ceramide Serum 95mL,"CYCLOPENTASILOXANE, DIMETHICONE, DIMETHICONOL, AMODIMETHICONE, FRAGRANCE, PHENYL TRIMETHICONE, CERAMIDE NG, ARGANIA SPINOSA KERNEL OIL, MINERAL OIL, ETHYLHEXYL METHOXYCINNAMATE, PRUNUS ARMENIACA (APRICOT) KERNEL OIL, CHENOPODIUM QUINOA SEED EXTRACT, HYDROLYZED CICER SEED EXTRACT, LENS ESCULENTA (LENTIL) SEED EXTRACT, GLYCERYL POLYMETHACRYLATE, PEG-8, PALMITOYL HEXAPEPTIDE-12, OLEA EUROPAEA (OLIVE) FRUIT OIL, RICINUS COMMUNIS (CASTOR) SEED OIL.",en:australia,95 mL,https://world.openbeautyfacts.org/product/9300666565778,,open_beauty_facts
9300666565730,Dove,Dove Damage Therapy Intensive Repair + Ceramide Mask 300mL,"WATER, CETEARYL ALCOHOL, GLYCERIN, BEHENTRIMONIUM CHLORIDE, LACTIC ACID, DIMETHICONOL/SILSESQUIOXANE COPOLYMER, DIPROPYLENE GLYCOL, ISOHEXADECANE, SODIUM GLUTAMATE, CERAMIDE NG, SODIUM HYALURONATE, SODIUM BENZOATE, TRIDECETH-6, DISODIUM EDTA, CETRIMONIUM CHLORIDE, PHENOXYETHANOL, PRUNUS ARMENIACA (APRICOT) KERNEL OIL, GLYCERYL POLYMETHACRYLATE, RICINUS COMMUNIS (CASTOR) SEED OIL, OLEA EUROPAEA (OLIVE) FRUIT OIL, PEG-8, CHENOPODIUM QUINOA SEED EXTRACT, HYDROLYZED CICER SEED EXTRACT, LENS ESCULENTA (LENTIL) SEED EXTRACT, HYDROLYZED WHEAT PROTEIN, PALMITOYL HEXAPEPTIDE-12, FRAGRANCE, CI 47005, CI 14700.",en:australia,300 mL,https://world.openbeautyfacts.org/product/9300666565730,https://images.openbeautyfacts.org/images/products/930/066/656/5730/front_en.3.400.jpg,open_beauty_facts
8851932490504,Dove,Dove Damage Therapy Intensive Repair + Ceramide Shampoo 350mL,"WATER, SODIUM LAURETH SULFATE, COCAMIDOPROPYL BETAINE, CERAMIDE NP, SODIUM GLUCONATE, GLYCERIN, HYDROLYSED SOY PROTEIN, DIMETHICONOL, SODIUM LAUROYL LACTYLATE, SODIUM GLUTAMATE, PEG-45M, CARBOMER, GUAR HYDROXYPROPYLTRIMONIUM CHLORIDE, COCAMIDE MEA, TEA-DODECYLBENZENSULFONATE, TEA-SULFATE, GLYCOL DISTEARATE, COCOS NUCIFERA (COCONUT) OIL, SODIUM CHLORIDE, CITRIC ACID, DISODIUM EDTA, SODIUM BENZOATE, PHENOXYETHANOL, MICA, TITANIUM DIOXIDE, PRUNUS ARMENIACA (APRICOT) KERNEL OIL, LENS ESCULENTA (LENTIL) SEED EXTRACT, HYDROLYZED CICER SEED EXTRACT, CHENOPODIUM QUINOA SEED EXTRACT, FRAGRANCE.",en:australia,350 mL,https://world.openbeautyfacts.org/product/8851932490504,,open_beauty_facts
8851932490184,Dove,Dove Damage Therapy Intensive Repair + Ceramide Conditioner 350mL,"WATER, CETEARYL ALCOHOL, STEARAMIDOPROPYL DIMETHYLAMINE, DIMETHICONOL/SILSESQUIOXANE COPOLYMER, CERAMIDE NP, BEHENTRIMONIUM CHLORIDE, GLYCERIN, SODIUM GLUCONATE, SODIUM GLUTAMATE, SODIUM LAUROYL LACTYLATE, SODIUM CITRATE, COCOS NUCIFERA (COCONUT) OIL, HYDROLYSED SOY PROTEIN, TRIDECETH-6, ISOHEXADECANE, CETRIMCNIUM CHLORIDE, DIPROPYLENE GLYCOL, LACTIC ACID, CITRIC ACID, SODIUM CHLORIDE, DISODIUM EDTA, SODIUM BENZOATE, PHENOXYETHANOL, PRUNUS ARMENIACA (APRICOT) KERNEL OIL, LENS ESCULENTA (LENTIL) SEED EXTRACT, HYDROLYZED CICER SEED EXTRACT, CHENOPODIUM QUINOA SEED EXTRACT, FRAGRANCE.",en:australia,350 mL,https://world.openbeautyfacts.org/product/8851932490184,,open_beauty_facts
8851932489669,Dove,Dove Damage Therapy Intensive Repair + Ceramide Shampoo 850mL,"WATER, SODIUM LAURETH SULFATE, COCAMIDOPROPYL BETAINE, CERAMIDE NP, SODIUM GLUCONATE, GLYCERIN, HYDROLYSED SOY PROTEIN, DIMETHICONOL, SODIUM LAUROYL LACTYLATE, SODIUM GLUTAMATE, PEG-45M, CARBOMER, GUAR HYDROXYPROPYLTRIMONIUM CHLORIDE, COCAMIDE MEA, TEA-DODECYLBENZENSULFONATE, TEA-SULFATE, GLYCOL DISTEARATE, COCOS NUCIFERA (COCONUT) OIL, SODIUM CHLORIDE, CITRIC ACID, DISODIUM EDTA, SODIUM BENZOATE, PHENOXYETHANOL, MICA, TITANIUM DIOXIDE, PRUNUS ARMENIACA (APRICOT) KERNEL OIL, LENS ESCULENTA (LENTIL) SEED EXTRACT, HYDROLYZED CICER SEED EXTRACT, CHENOPODIUM QUINOA SEED EXTRACT, FRAGRANCE.",en:australia,850 mL,https://world.openbeautyfacts.org/product/8851932489669,,open_beauty_facts
8851932489560,Dove,Dove Damage Therapy Intensive Repair + Ceramide Conditioner 850mL,"WATER, CETEARYL ALCOHOL, STEARAMIDOPROPYL DIMETHYLAMINE, DIMETHICONOL/SILSESQUIOXANE COPOLYMER, CERAMIDE NP, BEHENTRIMONIUM CHLORIDE, GLYCERIN, SODIUM GLUCONATE, SODIUM GLUTAMATE, SODIUM LAUROYL LACTYLATE, SODIUM CITRATE, COCOS NUCIFERA (COCONUT) OIL, HYDROLYSED SOY PROTEIN, TRIDECETH-6, ISOHEXADECANE, CETRIMONIUM CHLORIDE, DIPROPYLENE GLYCOL, LACTIC ACID, CITRIC ACID, SODIUM CHLORIDE, DISODIUM EDTA, SODIUM BENZOATE, PHENOXYETHANOL, PRUNUS ARMENIACA (APRICOT) KERNEL OIL, LENS ESCULENTA (LENTIL) SEED EXTRACT, HYDROLYZED CICER SEED EXTRACT, CHENOPODIUM QUINOA SEED EXTRACT, FRAGRANCE.",en:australia,850 mL,https://world.openbeautyfacts.org/product/8851932489560,,open_beauty_facts
8720181219979,Dove,Dove Beauty Cream Bar Sensitive Skin Micellar Nemlendirici Krem Bar,"Sodium Lauroyl Isethionate, Stearic Acid, Lauric Acid, Sodium Palmate, Aqua, Sodium Isethionate, Sodium Stearate, Cocamidopropyl Betaine, Sodium Palm Kernelate, Glycerin, Sodium Chloride, Zinc Oxide, Tetrasodium EDTA, Tetrasodium Etidronate, CI 77891.",en:turkey,90 g,https://world.openbeautyfacts.org/product/8720181219979,https://images.openbeautyfacts.org/images/products/872/018/121/9979/front_tr.3.400.jpg,open_beauty_facts
8717163430026,Dove,Dove Gel Douche Soin et Eclat Surgras 750ml,"Aqua, Sodium Laureth Sulfate, Glycerin, Cocamidopropyl Betaine, Citric Acid, Sodium Chloride, Parfum, Acrylates Copolymer, Sodium Benzoate, Glycol Distearate, Sodium Hydroxide, Glycol Stearate, Alpha-Isomethyl Ionone, Hexyl Cinnamal, Linalool, CI 15985.",en:france;en:morocco,750 ml,https://world.openbeautyfacts.org/product/8717163430026,https://images.openbeautyfacts.org/images/products/871/716/343/0026/front_fr.6.400.jpg,open_beauty_facts
8717163607268,Dove,Dove Savon Pain de Toilette Exfoliating Anti-Bactérien x1,"Sodium Lauroyl Isethionate, Stearic Acid, Lauric Acid, Sodium Palmate, Aqua, Sodium Isethionate, Sodium Stearate, Cocamidopropyl Betaine, Parfum, Sodium Palm Kernelate, Glycerin, Sodium Chloride, Cera Microcristallina, Zinc Oxide, Tetrasodium EDTA, Tetrasodium Etidronate, Alpha-Isomethyl Ionone, Benzyl Alcohol, Citronellol, Coumarin, Hexyl Cinnamal, Limonene, Linalool, CI 42090, CI 77891",en:france;en:morocco,1 pièce (0.1 kg),https://world.openbeautyfacts.org/product/8717163607268,https://images.openbeautyfacts.org/images/products/871/716/360/7268/front_fr.19.400.jpg,open_beauty_facts
8720182264664,Dove,Beauty cream bar,"Sodium Lauroyl Isethionate, Stearic Acid, Sodium Stearate, Sodium Palmate, Aqua, Sodium Isethionate, Lauric Acid, Cocamidopropyl Betaine, Parfum, Sodium Palm Kernelate, Sodium Chloride, Glycerin, Tetrasodium Etidronate, Tetrasodium EDTA, Zinc Oxide, Alpha-Isomethyl Ionone, Citronellol, Coumarin, Hexyl Cinnamal, Limonene, Linalool, CI 77891",en:bosnia-and-herzegovina;en:croatia;en:france;en:germany;en:morocco;en:serbia,90 g,https://world.openbeautyfacts.org/product/8720182264664,https://images.openbeautyfacts.org/images/products/872/018/226/4664/front_en.12.400.jpg,open_beauty_facts
8720181054242,Dove,Dove Hand Wash,"Aqua, Sodium Laureth Sulfate, Glycerin, Cocamidopropyl Betaine, Sodium Chloride, Citric Acid, Glycol Distearate, Acrylates Copolymer, Sodium Benzoate, Parfum, Lactic Hexyl Cinnamal, Linalool, Linalyl Acetate. Acid, Sodium Hydroxide, Laureth-4, PPG-6, Benzyl Alcohol, Benzyl Salicylate, Hexyl Cynnamal, Linalool, Linalyl Acetate",en:italy,,https://world.openbeautyfacts.org/product/8720181054242,https://images.openbeautyfacts.org/images/products/872/018/105/4242/front_en.3.400.jpg,open_beauty_facts
40133195,Dove,DermaSpa Nutri Essence³,"Mineral Oil, Isohexadecane, 
Acrylates Crosspolymer, 
Ethylene/Propylene/Styrene Copolymer, PPG-14 Butyl Ether, 
Aluminum Hydroxide, Aqua, 
BHT, Butylene/Ethylene/Styrene Copolymer, Dimethicone, 
Hippophae Rhamnoides Oil, 
Hydroxystearic Acid, Iron Oxides, 
Isopropyl Myristate, Isopropyl Palmitate, Mica, Palmitic Acid, Parfum, Silica, 
Stearic Acid, 
Alpha-Isomethyl Ionone,
Benzyl Alcohol, 
Benzyl Salicylate,
Butylphenyl Methylpropional,
Citral,
Citronellol,
Coumarin,
Hexyl Cinnamal,
Limonene,
Linalool,
CI 77891.",en:france,150 ml,https://world.openbeautyfacts.org/product/40133195,https://images.openbeautyfacts.org/images/products/000/004/013/3195/front_fr.10.400.jpg,open_beauty_facts
40133218,Dove,Dove DermaSpa Crème Hydratante Corps Nutri Essence Pot 300ml,"Aqua, Glycerin, Cetearyl Alcohol, Dimethicone, Caprylic/Capric Triglyceride, Isopropyl Myristate, Glyceryl Stearate, PEG-100 Stearate, Stearic Acid, Parfum, Caprylyl Glycol, Cetyl Palmitate, Sodium Cetearyl Sulfate, Phenoxyethanol, Ammonium Acryloyldimethyltaurate/VP Copolymer, Brassica Campestris Seed Oil, Disodium EDTA, Hippophae Rhamnoides Oil, Hydroxystearic Acid, Palmitic Acid, Alpha-Isomethyl Ionone, Benzyl Alcohol, Benzyl Salicylate, Citral, Citronellol, Coumarin, Hexyl Cinnamal, Limonene, Linalool",en:france,300 ml,https://world.openbeautyfacts.org/product/40133218,https://images.openbeautyfacts.org/images/products/000/004/013/3218/front_fr.19.400.jpg,open_beauty_facts
8710447381021,Dove,Dove Gel Douche Soin Apaisant 750ml,"Aqua, Sodium Lauroyl Glycinate, Cocamidopropyl Betaine, Sodium Lauroyl Isethionate, Sodium Chloride, Lauric Acid, Glycerin, Parfum, Sodium Benzoate, Carbomer, PEG-150 Pentaerythrityl Tetrastearate, Sodium Hydroxide, Glycol Distearate, Stearic Acid, PPG-2 Hydroxyethyl Cocamide, Undecylenoyl Glycine, Capryloyl Glycine, Palmitic Acid, Sodium Isethionate, Tetrasodium EDTA, Glycol Stearate, Caprylic Acid, Capric Acid, Citric Acid.",en:france,750 ml,https://world.openbeautyfacts.org/product/8710447381021,https://images.openbeautyfacts.org/images/products/871/044/738/1021/front_fr.23.400.jpg,open_beauty_facts
0011111015937,Dove,Baby Dove Derma Care Soothing Wash,"WATER (AQUA), GLYCERIN, COCAMIDOPROPYL BETAINE, SODIUM LAUROYL GLUTAMATE, COLLOIDAL OATMEAL, ACRYLATES/C10-30 ALKYL ACRYLATE CROSSPOLYMER, SODIUM METHYL LAUROYL TAURATE, CAPRYLYL GLYCOL, SODIUM BENZOATE, GLYCOL DISTEARATE, STEARIC ACID, CITRIC ACID, TETRASODIUM EDTA, AVENA SATIVA (OAT) MEAL EXTRACT",en:united-states,,https://world.openbeautyfacts.org/product/0011111015937,https://images.openbeautyfacts.org/images/products/001/111/101/5937/front_en.3.400.jpg,open_beauty_facts
8710447292068,Dove,Body milk para piel seca,"Aqua, Cyclopentasiloxane, Ethylhexyl Cocoate, Glycerin, Paraffinum Liquidum, Cetyl PEG/PPG-10/1 Dimethicone, Disodium Phosphate, Phenoxyethanol, Parfum, Paraffin, Cera Microcristallina, Methylparaben, Propylparaben, Tocopheryl Acetate, Isomerized Linoleic Acid, Helianthus Annuus Seed Oil, Citric Acid, Alpha-Isome - thyl Ionone, Benzyl Alcohol, Citronellol, Coumarin, Geraniol, Hexyl Cinnamal, Limonene, Linalool.",,250ml,https://world.openbeautyfacts.org/product/8710447292068,https://images.openbeautyfacts.org/images/products/871/044/729/2068/front_es.16.400.jpg,open_beauty_facts
8000700000012,Dove,Beauty Cream Bar,"Sodium lauroyl isethionate, stearic acid, lauric acid, sodium palmate, Aqua, sodium isethionate, sodium stearate, cocamidopropyl, betaine, sodium Palm kernelate, glycerin, parfum, sodium chlorite, zinc oxide, tetrasodium edta, tetrasodium etidronate, alpha-isometiyl ionone, citronellol, coumarin, hexyl cinnamal, limonene, linalolo, ci77891",en:morocco,90 g,https://world.openbeautyfacts.org/product/8000700000012,https://images.openbeautyfacts.org/images/products/800/070/000/0012/front_ar.36.400.jpg,open_beauty_facts
0079400075550,Dove,Daily Moisture Shampoo,"water (aqua), sodium laureth sulfate, cocamidopropyl betaine, dimethiconol, fragrance (parfum), citric acid, glycerin, sodium chloride, sodium benzoate, glycol distearate, carbomer, gluconolactone, guar hydroxypropyltrimonium chloride, tea-dodecylbenzenesulfonate, ppg-9, cocamide mea, trehalose, disodium edta, sodium sulfate, peg-45m, arginine, lysine hcl, benzyl salicylate, citronellol, hexyl cinnamal, limonene, linalool, mica (ci 77019), titanium dioxide (ci 77891) unilever questions or comments? call 1-800-761-dove (3683) or visit us at www.dove.com dove is a registered trademark",en:united-states,40 fl oz (1.18 L),https://world.openbeautyfacts.org/product/0079400075550,https://images.openbeautyfacts.org/images/products/007/940/007/5550/front_en.17.400.jpg,open_beauty_facts
8901030873218,Dove,Deep Moisture Body Wash,"Dove The Dove Difference Ordinary soaps can dry your skin. Dove deep moisture body wash cleans like a soap and moisturises for 24hr. Direction to use: 1. Pour 2. Lather We care: 3. Rinse building girls' 100% gentle paraben free/sulphate with 100% plant - cleansers free cleansers based moisturizer Petr-esteem Helping 40 million young people build self-esteem from 2004 to 2020. Download our tools for free at dove.com/selfesteem EVENT WATER, COCAMIDOPROPYL BETAINE, SODIUM METHYL LAUROYL TAURATE, SODIUM LAUROYL ISETHIONATE, PERFUME, GLYCERIN, PHENOXYETHANOL, CARBOMER, STYRENE/ACRYLATES COPOLYMER, PALMITIC ACID, STEARIC ACID, LAURIC ACID, SODIUM METHYLTAURATE, SODIUM HYDROXIDE, CITRIC ACID, SODIUM CHLORIDE, COCO-GLUCOSIDE, TETRASODIUM EDTA, 10DOPROPYNYL BUTYLCARBAMATE, BENZOIC ACID, PPG-9, ALPHA-ISOMETHYL IONONE, BENZYL SALICYLATE, CITRAL, CITRONELLOL, COUMARIN, EUGENOL, GERANIOL, HEXYL CINNAMAL, LIMONENE, LINALOOL 8 901030 873218&quot;&gt; 00 BODYWASH. MADE IN INDIA. MKTD. BY HINDUSTAN UNILEVER LIMITED (HUL). DOVE IS A REGISTERED TRADEMARK. HUL 2021. www.dove.in, www.unilever.com FOR MFG. UNIT ADDRESS, READ THE FIRST CHARACTER(S) OF THE CODE AND SEE BELOW. MFG. BY AA) L.B.C.P., UNIT II, HARIDWAR 249 403, UTTARAKHAND. M 16/C/UA/2010. Y) ALPLA INDIA PRIVATE LIMITED (UNIT-III), PLOT NO. 81 - EPIP PHASE II, THANA, BADDI 173 205, DISTRICT SOLAN, HIMACHAL PRADESH. M HIM/COS/04/41. HUL REGN. NO. BO-13-000-07-AAACH1004N-22. MINIMUM THICKNESS OF THE PACKAGING IS 600 MICRON. Hindustan Unilever Limited refers to syndet surfactants Based on clinical study, 2019 LOPE LEVERCARE-QUERY/FEEDBACK, TOLL FREE: 1800-10-22-221, PO BOX 14760, MUMBAI 400 099, LEVER.CARE@UNILEVER.COM AA# 155/- 0.62/ml #12/24 8246 @11/26 &quot;MRP (INCL. OF ALL TAXES), USP, #MFD., B. NO. & @USE BEFORE: SEE ABOVE. Net Vol. 250 ml 69740338 11",en:india,250 ml,https://world.openbeautyfacts.org/product/8901030873218,https://images.openbeautyfacts.org/images/products/890/103/087/3218/front_en.3.400.jpg,open_beauty_facts
0011111172654,Dove,Deep Moisture Nourishing Body Wash,"WATER (AQUA), COCAMIDOPROPYL BETAINE, SODIUM HYDROXYPROPYL STARCH PHOSPHATE, LAURIC ACID, SODIUM LAUROYL GLYCINATE, SODIUM LAUROYL ISETHIONATE, HYDROGENATED SOYBEAN OIL, GLYCINE SOJÁ (SOYBEAN) OIL, SODIUM CHLORIDE, GLYCERIN, FRAGRANCE (PARFUM), PHENOXYETHANOL, GUAR HYDROXYPROPYLTRIMONIUM CHLORIDE, STEARIC ACID, CITRIC ACID, SODIUM ISETHIONATE, BHT, TETRASODIUM EDTA, TODOPROPYNYL BUTYLCARBAMATE.",en:united-states,,https://world.openbeautyfacts.org/product/0011111172654,https://images.openbeautyfacts.org/images/products/001/111/117/2654/front_en.3.400.jpg,open_beauty_facts
0011111010406,Dove,Relaxing Lavender Oil & Chamomile,"WATER (EAU), COCAMIDOPROPYL BETAINE, SODIUM LAUROYL ISETHIONATE, SODIUM METHYL LAUROYL TAURATE, SODIUM CHLORIDE, SODIUM BENZOATE, GLYCERIN, FRAGRANCE PARFUM, STEARIC ACID, PALMITIC ACID, HYDROGENATED VEGETABLE GLYCERIDES, GLYCERYL STEARATE, GLYCOL DISTEARATE, HYDROXYSTEARIC ACID, CHAMOMILLA RECUTITTA (MATRICARIA) FLOWER EXTRACT, LAURIC ACID, CARRAGEENAN, CYAMOPSIS TETRAGONOLOBA (GUAR) GAM, SOOLM GLUCONATE, CITRIC ACID, PHENOXYETHANOL, COUMARIN, LIMONENE, LINALOOL, RED 3 (CI 17200, BLUE 1 (0-42090)",en:united-states,,https://world.openbeautyfacts.org/product/0011111010406,https://images.openbeautyfacts.org/images/products/001/111/101/0406/front_en.3.400.jpg,open_beauty_facts
8901030795589,Dove,Dove Cream Beauty Bar,"Sodium Cocoyl Isethionate, Stearic Acid, Lauric Acid, Sodium Palmate, Water, Sodium Isethionate, Sodium Stearate, Cocamidopropyl Betaine, Sodium Palm Kernelate, Perfume, Sodium Chloride, Titanium Dioxide, Tetrasodium Etidronate, Tetrasodium EDTA, Zinc Oxide, Glycerin, Alumina, Alpha-Isomethyl Ionone, Citral, Citronellol, Coumarin, Geraniol, Hexyl Cinnamal, Limonene, Linalool. REFERS TO SODIUM COCOYL ISETHIONATE AND SODIUM PALM KERNELATE.",en:india,100g,https://world.openbeautyfacts.org/product/8901030795589,https://images.openbeautyfacts.org/images/products/890/103/079/5589/front_en.11.400.jpg,open_beauty_facts
0011111051249,Dove,Clean Comfort Body and Face Wash,"WATER (AQUA), SODIUM LAURETH SULFATE, PETROLATUM, ACRYLATES COPOLYMER, FRAGRANCE (PARFUM), COCAMIDE MEA, AMMONIUM CHLORIDE, DMDM HYDANTOIN, TETRASODIUM EDTA, BHT, PPG-9, SODIUM BENZOATE, BLUE 1 (CI 42090), RED 33 (CI 17200), YELLOW 5 (CI 19140)",en:united-states,,https://world.openbeautyfacts.org/product/0011111051249,https://images.openbeautyfacts.org/images/products/001/111/105/1249/front_en.3.400.jpg,open_beauty_facts
0011111722590,Dove,Dove Body wash,"how2recycle.info butylcarbamate, citronell peg-150 1odopropin glycerin, (parfum), stearic acid, palmitic acid, rosa canina fruit ol, paein lauroyl sodium copolymer, lauric acd what's in here? water chloride, betaine sodum officinalis glycol bht, tetrasodiume no sulfates & no parabens we care for all: microbiome gentle puta cruelty-free ally, dove does not test on animals young people build self-esteem from 2004 to 2020. d our tools for free at dove.com/selfesteem what's in here? water (aqua), sodium chloride. cocamidopropyl betaine suu lauroyl glycinate, sodium lauroyl isethionate, acrylates copolymer, lauric a 2259 geraniol, red 33 (ci 17200), yellow 5 (ci 19140). appenabled empty & discard pump plastic bottle ounilever, trumbull, ct 06611 dove is a registered trademark. 1-800-761-dove 1-800-761-3683 www.dove.com 67915163 unilever",en:united-states,,https://world.openbeautyfacts.org/product/0011111722590,https://images.openbeautyfacts.org/images/products/001/111/172/2590/front_en.8.400.jpg,open_beauty_facts
0011111049918,Dove,Dove Oatmilk & Berry Brulee Plant Milk Cleansing Bsr,"sodium lauroyl isethionate stearic acid, sodium oleate, sodium stearate, water (aqua), sodium isethionate, lauric acid, sodium c14-16 olefin sulfonate, sodium laurate, fragrance (parfum), avena sativa (dat) kernel extract, rubus idaeus (raspberry) seed oil, prunus cerasus (bitter cherry) juice, cocos nucifera (coconut) fruit extract, dipropylene glycol, tetrasodium etidronate, tetrasodium edta, sodium chloride, hydroxycitronellal, limonene, linalool, titanium dioxide (ci 77891), green 5 (ci 61570), orange 4 (ci 15510), red 33 (ci 17200), red 4 (ci 14700).",en:united-states,5 oz,https://world.openbeautyfacts.org/product/0011111049918,https://images.openbeautyfacts.org/images/products/001/111/104/9918/front_en.9.400.jpg,open_beauty_facts
8717644682944,Dove,Dove Men+Care Body Wash,"AQUA, SODIUM LAURETH SULFATE, COCAMIDOPROPYL BETAINE, SODIUM CHLORIDE, GLYCERIN, PARFUM, SODIUM LAUROYL ISETHIONATE, ACRYLATES COPOLYMER, SODIUM BENZOATE, STEARIC ACID, LAURIC ACID, SODIUM HYDROXIDE, MENTHOL, PALMITIC ACID, TETRASODIUM EDTA, SODIUM ISETHIONATE, CITRIC ACID. HYDROXYSTEARIC ACID, PPG-6, HEXYL CINNAMAL, LIMONENE, LINALOOL, CI 17200, CI 19140, CI 42090",en:united-kingdom,,https://world.openbeautyfacts.org/product/8717644682944,https://images.openbeautyfacts.org/images/products/871/764/468/2944/front_en.10.400.jpg,open_beauty_facts
0079400998002,Dove,Daily Moisture Damage Therapy Shampoo,"WATER (AGUA), SODIUM C12-13 PARETH SULFATE, COCAMIDOPROPYL, BETAN, SODIUM GLUCONATE, FRAGRANCE FRAGANCIAL, DIMETHICONOL, SODIUM CHLORIDE, MD GLYCERIN, GLYCOL DISTEARATE, CARBOMER, SODIUM BENZOATE, SODIUM LAURETH, SORIAL LAM HYDROXYPROPYLTRIMONIUM CHLORIDE, PPG-9, TEA-DODECYLBENZENESULFONATE, COCAMIDE MEA, DOODUM EDTA, PEG-4SM, COCOS NUCIFERA (COCONUT) OIL, HYDROLYZED, ARIMA'S HOROD SOY PROTEIN, BENZYL SALICYLATE, ANAL, LIMONENE, LINALOOL, MICA (1 77019)",en:united-states,,https://world.openbeautyfacts.org/product/0079400998002,https://images.openbeautyfacts.org/images/products/007/940/099/8002/front_en.3.400.jpg,open_beauty_facts
5353065593655,Dove,Men+Care Advanced Care Dry Repair Face + Body Cleanser,"WATER (AQUA), SODIUM CHLORIDE, COCAMIDOPROPYL BETAINE, SODIUM LAUROYL GLYCINATE, SODIUM LAUROYL ISETHIONATE, ACRYLATES COPOLYMER, FRAGRANCE (PARFUM), GLYCERIN, LAURIC ACID, STEARIC ACID, PALMITIC ACID, BUTYROSPERMUM PARKII (SHEA) BUTTER, SODIUM BENZOATE, GLYCOL DISTEARATE, PEG-150 PENTAERYTHRITYL TETRASTEARATE, UNDECYLENOYL GLYCINE, CAPRYLOYL GLYCINE, PPG-2 HYDROXYETHYL COCAMIDE, TETRASODIUM EDTA, GLYCOL STEARATE, CITRIC ACID, PPG-9, HEXYL CINNAMAL, LINALOOL",en:united-states,,https://world.openbeautyfacts.org/product/5353065593655,https://images.openbeautyfacts.org/images/products/535/306/559/3655/front_en.3.400.jpg,open_beauty_facts
0079400052483,Dove,dove daily moisture shampoo,"water (aqua), sodium c12-13 pareth sulfate, cocamidopropyl betainë, södium chloride, fragrance (parfum), dimethiconol, citric acid, sodium benzoaté, glycerin, glycol distearate, carbomer, glúconolactóne, sodium laureth sulfate, guar hydroxypropyltrimonium chloride, ppg-9, tea-dodecylbenzenesulfonate, cocamide mea, sodium sulfate, trehalose, disodium edta, peg-45m, arginine, lysine hcl, benzyl salicylate, citronellol, hexyl cinnamal, limonene, linalool, mica (ci 77019), titanium dioxíde (ci 77891),",en:united-states,,https://world.openbeautyfacts.org/product/0079400052483,https://images.openbeautyfacts.org/images/products/007/940/005/2483/front_en.9.400.jpg,open_beauty_facts
0011111634640,Dove,Shea Butter & Warm Vanilla Shower Foam Body Wash,"water (aqua), sodium lauroyl glutamate, glycerin, cocamidopropyl betaine, sodium chloride, sodium lauroyl glycinate, polysorbate 20, fragrance (parfum, lauric acid, sodium laurate, phenokyethanol, ppg-9, citric acid, stearic acid, tetrasódium edta, butyrospermum parkii (shea) butter, 100opropynyl butylcarbamate",,,https://world.openbeautyfacts.org/product/0011111634640,https://images.openbeautyfacts.org/images/products/001/111/163/4640/front_en.8.400.jpg,open_beauty_facts
8901030661648,Dove,Deep Moisture,"/ WAIER (CAU, LAURIC AND, SODIUM LAUROYL ISETHIONATE, SODIUM METAL LAUROL TAURATE, COCAMIDOPROPY BETANE, SODIUM HYDROPROPI STARCH PHOSPHATE, HYDROGENATED SOYBEAN OIL, SODIUM CHLORIDE, GLYCINE SOLA (SOYBEAN OL, FRAGRANCE PARIM, GLYCERIN, STEARIC ACID, PALMITC ACID, HIDROGENATED VEGETABLE GLYCERIDES, GLYCERIL STEARATE, HADRONISTEARC ACID, SODIUM BENZOATE, GUAR HYDRO PROPITRIMONUM CHLORIDE, CAPRILO GLYNE, UNDECLENO GLYCINE, CIRC ACID, SODIUM GLUCONATE, ALPHA-ISOMETAM IONONE, BENZIL USA ,  CAN ALCOHOL, CITRONELL, Empty Before Recycling COUMARIN, HEML CANAL, Videz avant de LIMONENE, LINALOUL",en:united-states,591ml,https://world.openbeautyfacts.org/product/8901030661648,https://images.openbeautyfacts.org/images/products/890/103/066/1648/front_en.3.400.jpg,open_beauty_facts
8710847929083,Dove,Dove Gel Douche Soin Hydratant 750ml,"Aqua, Sodium Lauroyl Glycinate, Cocamidopropyl Betaine, Sodium Lauroyl Isethionate, Sodium Chloride, Lauric Acid, Glycerin, Parfum, Sodium Benzoate, Carbomer, Sodium Hydroxide, PEG-150 Pentaerythrityl Tetrastearate, Stearic Acid, PPG-2 Hydroxyethyl Cocamide, Undecylenoyl Glycine, Capryloyl Glycine, Palmitic Acid, Sodium Isethionate, Tetrasodium EDTA, Caprylic Acid, Capric Acid, Propylene Glycol, Citric Acid, Betula Alba Leaf Extract, Aloe Barbadensis Leaf Juice Powder, Geraniol, Limonene, Linalool, CI 42090.",en:france,750 ml,https://world.openbeautyfacts.org/product/8710847929083,https://images.openbeautyfacts.org/images/products/871/084/792/9083/front_fr.36.400.jpg,open_beauty_facts
8710522561430,Dove,Dove Gel Douche Hydratant Lot 2 x 750ml,"Aqua, Cocamidopropyl Betaine, Sodium Hydroxypropyl Starch Phosphate, Lauric Acid, Sodium Lauroyl Glycinate, Sodium Lauroyl Isethionate, Sodium Chloride, Glycerin, Hydrogenated Soybean Oil, Helianthus Annuus Seed Oil, Parfum, Sodium Benzoate, Guar Hydroxypropyltrimonium Chloride, Sodium Hydroxide, Citric Acid, Stearic Acid, Capryloyl Glycine, Undecylenoyl Glycine, Sodium Isethionate, Palmitic Acid, Tetrasodium EDTA, Caprylic Acid, Capric Acid, Argania Spinosa Kernel Oil, Hexyl Cinnamal, Limonene, Linalool.",en:france,1500 ml,https://world.openbeautyfacts.org/product/8710522561430,https://images.openbeautyfacts.org/images/products/871/052/256/1430/front_fr.26.400.jpg,open_beauty_facts
8710908437526,Dove,Dove Gel Douche Surgras à l'Huile d'Argan 750ml,"Aqua, Cocamidopropyl Betaine, Sodium Hydroxypropyl Starch Phosphate, Lauric Acid, Sodium Lauroyl Glycinate, Sodium Lauroyl Isethionate, Sodium Chloride, Glycerin, Hydrogenated Soybean Oil, Helianthus Annuus Seed Oil, Parfum, Sodium Benzoate, Guar Hydroxypropyltrimonium Chloride, Sodium Hydroxide, Citric Acid, Sodium Isethionate, Stearic Acid, Undecylenoyl Glycine, Capryloyl Glycine, Palmitic Acid, Tetrasodium EDTA, Caprylic Acid, Argania Spinosa Kernel Oil, Hydroxystearic Acid, Capric Acid, Hexyl Cinnamal, Limonene, Linalool.",en:france,750 ml,https://world.openbeautyfacts.org/product/8710908437526,https://images.openbeautyfacts.org/images/products/871/090/843/7526/front_fr.23.400.jpg,open_beauty_facts
8710522436127,Dove,Dove Gel Douche Surgras Argan 2x750ml,"Aqua, Cocamidopropyl Betaine, Sodium Hydroxypropyl Starch Phosphate, Lauric Acid, Sodium Lauroyl Glycinate, Sodium Lauroyl Isethionate, Sodium Chloride, Glycerin, Hydrogenated Soybean Oil, Helianthus Annuus Seed Oil, Parfum, Sodium Benzoate, Guar Hydroxypropyltrimonium Chloride, Sodium Hydroxide, Citric Acid, Stearic Acid, Capryloyl Glycine, Undecylenoyl Glycine, Sodium Isethionate, Palmitic Acid, Tetrasodium EDTA, Caprylic Acid, Capric Acid, Argania Spinosa Kernel Oil, Hexyl Cinnamal, Limonene, Linalool.",en:france,1500 ml,https://world.openbeautyfacts.org/product/8710522436127,https://images.openbeautyfacts.org/images/products/871/052/243/6127/front_fr.24.400.jpg,open_beauty_facts
8720181089985,Dove,DOVE Gel Douche Hypoallergénique 2x400ml,"Aqua, Cocamidopropyl Betaine, Sodium Hydroxypropyl Starch Phosphate, Lauric Acid, Sodium Lauroyl Glycinate, Sodium Lauroyl Isethionate, Sodium Chloride, Glycerin, Hydrogenated Soybean Oil, Helianthus Annuus Seed Oil, Sodium Benzoate, Guar Hydroxypropyltrimonium Chloride, Sodium Hydroxide, Citric Acid, Stearic Acid, Capryloyl Glycine, Undecylenoyl Glycine, Sodium Isethionate, Palmitic Acid, Tetrasodium EDTA, Caprylic Acid, Capric Acid",en:france,800 ml,https://world.openbeautyfacts.org/product/8720181089985,https://images.openbeautyfacts.org/images/products/872/018/108/9985/front_fr.27.400.jpg,open_beauty_facts
8710447370100,Dove,Dove Gel Douche Eau Micellaire Peau Sensible 400ml Lot de 2,"Aqua, Sodium Lauroyl Glycinate, Cocamidopropyl Betaine, Sodium Lauroyl Isethionate, Sodium Chloride, Lauric Acid, Glycerin, Parfum, Sodium Benzoate, Carbomer, PEG-150 Pentaerythrityl Tetrastearate, Sodium Hydroxide, Glycol Distearate, Stearic Acid, PPG-2 Hydroxyethyl Cocamide, Undecylenoyl Glycine, Capryloyl Glycine, Palmitic Acid, Sodium Isethionate, Tetrasodium EDTA, Glycol Stearate, Caprylic Acid, Capric Acid, Citric Acid.",en:france,800 ml,https://world.openbeautyfacts.org/product/8710447370100,https://images.openbeautyfacts.org/images/products/871/044/737/0100/front_fr.3.400.jpg,open_beauty_facts
8710522432563,Dove,Dove Gel Douche Surgras Huile et Crème 750ml Lot de 2,"Aqua, Cocamidopropyl Betaine, Sodium Hydroxypropyl Starch Phosphate, Lauric Acid, Sodium Lauroyl Glycinate, Sodium Lauroyl Isethionate, Sodium Chloride, Glycerin, Hydrogenated Soybean Oil, Parfum, Helianthus Annuus Seed Oil, Sodium Benzoate, Guar Hydroxypropyltrimonium Chloride, Sodium Hydroxide, Citric Acid, Stearic Acid, Undecylenoyl Glycine, Capryloyl Glycine, Sodium Isethionate, Palmitic Acid, Tetrasodium EDTA, Caprylic Acid, Capric Acid, Ricinus Communis Seed Oil, Alpha-Isomethyl Ionone, Benzyl Alcohol, Citronellol, Geraniol, Limonene, CI 19140, CI 17200.",en:france,1500 ml,https://world.openbeautyfacts.org/product/8710522432563,https://images.openbeautyfacts.org/images/products/871/052/243/2563/front_fr.3.400.jpg,open_beauty_facts
8710522942338,Dove,DOVE Gel Douche Pouvoir des Plantes Gingembre 2x250ml,"Glycerin, Aqua, Sodium Lauroyl Glutamate, Cocamidopropyl Betaine, Sodium Chloride, Carrageenan, Sodium Laurate, Sodium Benzoate, Lauric Acid, Citric Acid, Glyceryl Caprylate, Glutamic Acid, Parfum, Stearic Acid, Caramel, Ginger Extract, Sodium Hydroxide, Limonene, Linalool.",en:france,500 ml,https://world.openbeautyfacts.org/product/8710522942338,https://images.openbeautyfacts.org/images/products/871/052/294/2338/front_fr.3.400.jpg,open_beauty_facts
8710522942109,Dove,DOVE Gel Douche Pouvoir des Plantes Eucalyptus 2x250ml,"Glycerin, Aqua, Sodium Lauroyl Glutamate, Cocamidopropyl Betaine, Sodium Chloride, Carrageenan, Sodium Laurate, Sodium Benzoate, Lauric Acid, Citric Acid, Parfum, Glyceryl Caprylate, Glutamic Acid, Stearic Acid, Eucalyptus Globulus Leaf Oil, Sodium Hydroxide, Citronellol, Limonene, Linalool, CI 75810.",en:france,500 ml,https://world.openbeautyfacts.org/product/8710522942109,https://images.openbeautyfacts.org/images/products/871/052/294/2109/front_fr.15.400.jpg,open_beauty_facts
8710847972713,Dove,DOVE Gel Douche Pouvoir des Plantes Eucalyptus 250ml,"Glycerin, Aqua, Sodium Lauroyl Glutamate, Cocamidopropyl Betaine, Sodium Chloride, Carrageenan, Sodium Laurate, Sodium Benzoate, Lauric Acid, Citric Acid, Parfum, Glyceryl Caprylate, Glutamic Acid, Stearic Acid, Eucalyptus Globulus Leaf Oil, Sodium Hydroxide, Citronellol, Limonene, Linalool, CI 75810.",en:france,250 ml,https://world.openbeautyfacts.org/product/8710847972713,https://images.openbeautyfacts.org/images/products/871/084/797/2713/front_fr.25.400.jpg,open_beauty_facts
8710847972720,Dove,DOVE Gel Douche Pouvoir des Plantes Arbre à Thé 250ml,"Glycerin, Aqua, Sodium Lauroyl Glutamate, Cocamidopropyl Betaine, Sodium Chloride, Carrageenan, Sodium Laurate, Sodium Benzoate, Lauric Acid, Citric Acid, Glyceryl Caprylate, Glutamic Acid, Parfum, Stearic Acid, Pelargonium Graveolens Flower Oil, Caramel, Melaleuca Alternifolia Leaf Oil, Sodium Hydroxide, Citronellol, Geraniol, Limonene, Linalool.",en:france,250 ml,https://world.openbeautyfacts.org/product/8710847972720,https://images.openbeautyfacts.org/images/products/871/084/797/2720/front_fr.26.400.jpg,open_beauty_facts
8710908745874,Dove,Dove Gel Douche Mousse Soin Caresse,"Aqua, Sodium Lauroyl Glutamate, Glycerin, Cocamidopropyl Betaine, Sodium Chloride, Sodium Lauroyl Glycinate, Lauric Acid, Sodium Laurate, Parfum, Polysorbate 20, Citric Acid, Iodopropynyl Butylcarbamate, Magnolia Liliflora Flower Extract, PEG-4, PEG-4 Dilaurate, PEG-4 Laurate, Phenoxyethanol, Pistacia Vera Seed Extract, Propanediol, Propylene Glycol, Sodium Benzoate, Sodium Hydroxide, Sorbitol, Stearic Acid, Tetrasodium EDTA, Benzyl Alcohol, Benzyl Salicylate, Butylphenyl Methylpropional, Coumarin, Hexyl Cinnamal, Limonene, Linalool.",en:france,200 ml,https://world.openbeautyfacts.org/product/8710908745874,https://images.openbeautyfacts.org/images/products/871/090/874/5874/front_fr.7.400.jpg,open_beauty_facts
8712561628846,Dove,Dove Gel Douche Surgras Huile et Crème 400ml,"Aqua, Cocamidopropyl Betaine, Sodium Hydroxypropyl Starch Phosphate, Lauric Acid, Sodium Lauroyl Glycinate, Sodium Lauroyl Isethionate, Sodium Chloride, Glycerin, Hydrogenated Soybean Oil, Parfum, Helianthus Annuus Seed Oil, Sodium Benzoate, Guar Hydroxypropyltrimonium Chloride, Sodium Hydroxide, Citric Acid, Stearic Acid, Undecylenoyl Glycine, Capryloyl Glycine, Sodium Isethionate, Palmitic Acid, Tetrasodium EDTA, Caprylic Acid, Capric Acid, Ricinus Communis Seed Oil, Alpha-Isomethyl Ionone, Benzyl Alcohol, Citronellol, Geraniol, Limonene, CI 19140, CI 17200.",en:france,400 ml,https://world.openbeautyfacts.org/product/8712561628846,https://images.openbeautyfacts.org/images/products/871/256/162/8846/front_fr.31.400.jpg,open_beauty_facts
8712561967037,Dove,Dove Gel Douche Nutrition Intense 400ml Lot de 2,"Aqua, Cocamidopropyl Betaine, Sodium Hydroxypropyl Starch Phosphate, Lauric Acid, Sodium Lauroyl Glycinate, Sodium Lauroyl Isethionate, Hydrogenated Soybean Oil, Sodium Chloride, Helianthus Annuus Seed Oil, Glycerin, Parfum, Sodium Benzoate, Guar Hydroxypropyltrimonium Chloride, Citric Acid, Sodium Hydroxide, Stearic Acid, Undecylenoyl Glycine, Capryloyl Glycine, Sodium Isethionate, Palmitic Acid, Tetrasodium EDTA, Caprylic Acid, Capric Acid, Benzyl Alcohol, Citronellol, Hexyl Cinnamal, Limonene, Linalool.",en:france,800 ml,https://world.openbeautyfacts.org/product/8712561967037,https://images.openbeautyfacts.org/images/products/871/256/196/7037/front_fr.3.400.jpg,open_beauty_facts
8710522436172,Dove,Dove Gel Douche Eau Micellaire Peau Sensible 400ml Lot de 2,"Aqua, Sodium Lauroyl Glycinate, Cocamidopropyl Betaine, Sodium Lauroyl Isethionate, Sodium Chloride, Lauric Acid, Glycerin, Parfum, Sodium Benzoate, Carbomer, PEG-150 Pentaerythrityl Tetrastearate, Sodium Hydroxide, Glycol Distearate, Stearic Acid, PPG-2 Hydroxyethyl Cocamide, Undecylenoyl Glycine, Capryloyl Glycine, Palmitic Acid, Sodium Isethionate, Tetrasodium EDTA, Glycol Stearate, Caprylic Acid, Capric Acid, Citric Acid.",en:france,1500 ml,https://world.openbeautyfacts.org/product/8710522436172,https://images.openbeautyfacts.org/images/products/871/052/243/6172/front_fr.3.400.jpg,open_beauty_facts
8712561779807,Dove,Dove Gel Douche Homme Hydratant,"Aqua, Sodium Laureth Sulfate, Petrolatum, Acrylates Copolymer, Cocamide MEA, Parfum, Sodium Benzoate, Sodium Chloride, Citric acid, PPG-9, Glycerin, Tetrasodium EDTA, Sodium Hydroxide, Sodium Sulfate, Tocopherol, Limonene, Linalool, CI 42090,CI 17200.",en:france,250 ml,https://world.openbeautyfacts.org/product/8712561779807,https://images.openbeautyfacts.org/images/products/871/256/177/9807/front_fr.3.400.jpg,open_beauty_facts
8710908437137,Dove,Dove Gel Douche Surgras à l'Huile d'Argan 400ml,"Aqua, Cocamidopropyl Betaine, Sodium Hydroxypropyl Starch Phosphate, Lauric Acid, Sodium Lauroyl Glycinate, Sodium Lauroyl Isethionate, Sodium Chloride, Glycerin, Hydrogenated Soybean Oil, Helianthus Annuus Seed Oil, Parfum, Sodium Benzoate, Guar Hydroxypropyltrimonium Chloride, Sodium Hydroxide, Citric Acid, Stearic Acid, Capryloyl Glycine, Undecylenoyl Glycine, Sodium Isethionate, Palmitic Acid, Tetrasodium EDTA, Caprylic Acid, Capric Acid, Argania Spinosa Kernel Oil, Hexyl Cinnamal, Limonene, Linalool.",en:france,400 ml,https://world.openbeautyfacts.org/product/8710908437137,https://images.openbeautyfacts.org/images/products/871/090/843/7137/front_fr.25.400.jpg,open_beauty_facts
0011111014145,Dove,Deep Clean Body Wash,"Water (Eau), Sodium Laureth Sulfate, Petrolatum, Acrylates Copolymer, Parfum, Cocamide MEA, Hydrated Silica, Ammonium Chloride, Cera Microcristallina, DMDM Hydantoin, Tetrasodium EDTA, Methylisothiazolinone, PPG-9, CI 77499, CI 1914, CI 77891, CI 7336.",en:canada,400g,https://world.openbeautyfacts.org/product/0011111014145,https://images.openbeautyfacts.org/images/products/001/111/101/4145/front_en.5.400.jpg,open_beauty_facts
8710447362938,Dove,baby dove lotion,"aqua, glycerin, petrolatum, stearic acid, glycoll stearate, dimethicone, 38&quot;&gt; isopropyl isostearate, capryłyl glycol, carbomer, cetearyl alcohol, disodium edta, glyceryl stearate, magnesium aluminum silicate, phenoxyethanol, stearamide amp, tapioca starch, triethanolamine, ci 77891",,,https://world.openbeautyfacts.org/product/8710447362938,https://images.openbeautyfacts.org/images/products/871/044/736/2938/front_en.11.400.jpg,open_beauty_facts
0859581006747,Dove,Dove Beauty cream,dove beauty cream,en:bangladesh,1,https://world.openbeautyfacts.org/product/0859581006747,https://images.openbeautyfacts.org/images/products/085/958/100/6747/front_en.5.400.jpg,open_beauty_facts
8710847955730,Dove,Dove Gel Douche Soin Hydratant Lot 2 x 400ml,"Aqua, Sodium Lauroyl Glycinate, Cocamidopropyl Betaine, Sodium Lauroyl Isethionate, Sodium Chloride, Lauric Acid, Glycerin, Parfum, Sodium Benzoate, Carbomer, Sodium Hydroxide, PEG-150 Pentaerythrityl Tetrastearate, Stearic Acid, PPG-2 Hydroxyethyl Cocamide, Undecylenoyl Glycine, Capryloyl Glycine, Palmitic Acid, Sodium Isethionate, Tetrasodium EDTA, Caprylic Acid, Capric Acid, Propylene Glycol, Citric Acid, Betula Alba Leaf Extract, Aloe Barbadensis Leaf Juice Powder, Geraniol, Limonene, Linalool, CI 42090.",en:france,800 ml,https://world.openbeautyfacts.org/product/8710847955730,https://images.openbeautyfacts.org/images/products/871/084/795/5730/front_fr.3.400.jpg,open_beauty_facts
03920038,Dove,dove body lotion,"water (aqua), glycerin, caprylic/capic trighrcande, dimetie be sitearate, palmitic acid, peg-100 stearate, stearic acid, cyclopentasiloxane, petrolatum, goce phenoryethanol, cetyl alcohol, acrylates/c10-30 alkyl acrylate crosspolymer, partum/ fragrance, triethanolamine, methylparaben, própylparaben, disodum edta, stearamide amp, carbomer, cocos nucifera (coconut) oil, tocopheny aostate, helianthus annuus (sunflower) seed oil, isomerized linoleic acid, prunus amygdalus dulcis (sweet almond) seed extract, nonfat dry mik, peg-40 hydrogenated castor oil, pentylene glycol, propylene glycol, trideceth-9, prunus amygdalus dulcis (sweet almond) oil, decylene glycol, bht, potassum sorbate, 1,2-hexanediol, coumarin, titanium dioxide.",,,https://world.openbeautyfacts.org/product/03920038,https://images.openbeautyfacts.org/images/products/000/000/392/0038/front_en.7.400.jpg,open_beauty_facts
8710847972706,Dove,DOVE Gel Douche Pouvoir des Plantes Gingembre 250ml,"Glycerin, Aqua, Sodium Lauroyl Glutamate, Cocamidopropyl Betaine, Sodium Chloride, Carrageenan, Sodium Laurate, Sodium Benzoate, Lauric Acid, Citric Acid, Glyceryl Caprylate, Glutamic Acid, Parfum, Stearic Acid, Caramel, Ginger Extract, Sodium Hydroxide, Limonene, Linalool.",en:france,250 ml,https://world.openbeautyfacts.org/product/8710847972706,https://images.openbeautyfacts.org/images/products/871/084/797/2706/front_fr.25.400.jpg,open_beauty_facts
8712561655163,Dove,Dove Gel Douche Revive 500ml,"Aqua, Cocamidopropyl Betaine, Sodium Lauroyl Isethionate, Sodium Lauroyl Glycinate, Lauric Acid, Glycerin, Sodium Chloride, Sodium Benzoate, Parfum, Glycol Distearate, Carbomer, Caprylyl Glycol, Sodium Hydroxide, Stearic Acid, Sodium Isethionate, PEG-150 Pentaerythrityl Tetrastearate, PPG-2 Hydroxyethyl Cocamide, Palmitic Acid, Tetrasodium EDTA, Caprylic Acid, Capric Acid, Hydroxystearic Acid, Punica Granatum Fruit Juice, Hibiscus Sabdariffa Flower Extract, Citric Acid, Citronellol, Geraniol, Hexyl Cinnamal, Limonene, Linalool, CI 17200.",en:france,500 ml,https://world.openbeautyfacts.org/product/8712561655163,,open_beauty_facts
8710908719615,Dove,Dove Savon Pain de Toilette Soin et Huile Surgras 2x100g Lot de 3,"Sodium Lauroyl Isethionate, Stearic Acid, Sodium Palmitate, Aqua, Lauric Acid, Sodium Isethionate, Sodium Stearate, Cocamidopropyl Betaine, Sodium Palm Kernelate, Alumina, Argania Spinosa Kernel Oil, Glycerin, Helianthus Annuus Seed Oil, Parfum, Propylene glycol, Sodium chloride, Tetrasodium EDTA, Tetrasodium Etidronate, Zinc Oxide, Butylphenyl Methylpropional, Hexyl Cinnamal, Limonene, Linalool, CI 15985, CI 19140, CI 77891.",en:france,6 pièces (0.6 kg),https://world.openbeautyfacts.org/product/8710908719615,https://images.openbeautyfacts.org/images/products/871/090/871/9615/front_fr.3.400.jpg,open_beauty_facts
8717163714348,Dove,Dove Gel Douche Soin Infusée à l'Huile d'Argan Lot 2x400ML,"Aqua, Cocamidopropyl Betaine, Sodium Hydroxypropyl Starch Phosphate, Lauric Acid, Sodium Lauroyl Glycinate, Sodium Lauroyl Isethionate, Sodium Chloride, Glycerin, Hydrogenated Soybean Oil, Helianthus Annuus Seed Oil, Parfum, Sodium Benzoate, Guar Hydroxypropyltrimonium Chloride, Sodium Hydroxide, Citric Acid, Stearic Acid, Capryloyl Glycine, Undecylenoyl Glycine, Sodium Isethionate, Palmitic Acid, Tetrasodium EDTA, Caprylic Acid, Capric Acid, Argania Spinosa Kernel Oil, Hexyl Cinnamal, Limonene, Linalool.",en:france,800 ml,https://world.openbeautyfacts.org/product/8717163714348,https://images.openbeautyfacts.org/images/products/871/716/371/4348/front_fr.3.400.jpg,open_beauty_facts
8710522431160,Dove,Dove Gel Douche Nutrition Intense 750ml Lot de 2,"Aqua, Cocamidopropyl Betaine, Sodium Hydroxypropyl Starch Phosphate, Lauric Acid, Sodium Lauroyl Glycinate, Sodium Lauroyl Isethionate, Hydrogenated Soybean Oil, Sodium Chloride, Helianthus Annuus Seed Oil, Glycerin, Parfum, Sodium Benzoate, Guar Hydroxypropyltrimonium Chloride, Citric Acid, Sodium Hydroxide, Stearic Acid, Undecylenoyl Glycine, Capryloyl Glycine, Sodium Isethionate, Palmitic Acid, Tetrasodium EDTA, Caprylic Acid, Capric Acid, Benzyl Alcohol, Citronellol, Hexyl Cinnamal, Limonene, Linalool.",en:france,1500 ml,https://world.openbeautyfacts.org/product/8710522431160,https://images.openbeautyfacts.org/images/products/871/052/243/1160/front_fr.3.400.jpg,open_beauty_facts
60028006,Dove,even tone moisturising cream,"aqua, aluminium chlorohydrate, glycerin, helianthus annus seed oil-2, parfum, steareth-20, disodium ETDA,",en:south-africa,1,https://world.openbeautyfacts.org/product/60028006,https://images.openbeautyfacts.org/images/products/000/006/002/8006/front_en.6.400.jpg,open_beauty_facts
8710908706332,Dove,Dove Savon Pain de Toilette Original 2x100g Lot de 3,"Sodium Lauroyl Isethionate, Stearic Acid, Lauric Acid, Sodium Palmate, Aqua, Sodium Isethionate, Sodium Stearate, Cocamidopropyl Betaine, Sodium Palm Kernelate, Glycerin, Parfum, Sodium Chloride, Zinc Oxide, Tetrasodium EDTA, Tetrasodium Etidronate, Alpha-Isomethyl Ionone, Citronellol, Coumarin, Hexyl Cinnamal, Limonene, Linalool, CI 77891.",en:france,6 pièces (0.6 kg),https://world.openbeautyfacts.org/product/8710908706332,https://images.openbeautyfacts.org/images/products/871/090/870/6332/front_fr.3.400.jpg,open_beauty_facts
8710447326817,Dove,Dove Savon Pain de Toilette Micellaire 2x100g,"Sodium Lauroyl Isethionate, Stearic Acid, Sodium Palmitate, Aqua, Lauric Acid, Sodium Isethionate, Sodium Stearate, Cocamidopropyl Betaine, Sodium Palm Kernelate, Glycerin, Sodium chloride, Zinc Oxide, Tetrasodium EDTA, Tetrasodium Etidronate, Alumina, CI 77891.",en:france,600 g,https://world.openbeautyfacts.org/product/8710447326817,https://images.openbeautyfacts.org/images/products/871/044/732/6817/front_fr.3.400.jpg,open_beauty_facts
8717163714355,Dove,Dove Gel Douche Soin à l'Huile d'Amande Lot 2x400ml,"Aqua, Cocamidopropyl Betaine, Sodium Hydroxypropyl Starch Phosphate, Lauric Acid, Sodium Lauroyl Glycinate, Sodium Lauroyl Isethionate, Sodium Chloride, Glycerin, Hydrogenated Soybean Oil, Parfum, Helianthus Annuus Seed Oil, Sodium Benzoate, Guar Hydroxypropyltrimonium Chloride, Sodium Hydroxide, Citric Acid, Stearic Acid, Undecylenoyl Glycine, Capryloyl Glycine, Sodium Isethionate, Palmitic Acid, Tetrasodium EDTA, Caprylic Acid, Capric Acid, Prunus Amygdalus Dulcis Oil, Geraniol, Hexyl Cinnamal, Limonene, Linalool, CI 19140, CI 17200.",en:france,800 ml,https://world.openbeautyfacts.org/product/8717163714355,https://images.openbeautyfacts.org/images/products/871/716/371/4355/front_fr.3.400.jpg,open_beauty_facts
8710522403907,Dove,Dove Gel Douche Surgras à l'Huile d'Amande,"Aqua, Cocamidopropyl Betaine, Sodium Hydroxypropyl Starch Phosphate, Lauric Acid, Sodium Lauroyl Glycinate, Sodium Lauroyl Isethionate, Sodium Chloride, Glycerin, Hydrogenated Soybean Oil, Parfum, Helianthus Annuus Seed Oil, Sodium Benzoate, Guar Hydroxypropyltrimonium Chloride, Sodium Hydroxide, Citric Acid, Stearic Acid, Undecylenoyl Glycine, Capryloyl Glycine, Sodium Isethionate, Palmitic Acid, Tetrasodium EDTA, Caprylic Acid, Capric Acid, Prunus Amygdalus Dulcis Oil, Geraniol, Hexyl Cinnamal, Limonene, Linalool, CI 19140, CI 17200.",en:france,400 ml,https://world.openbeautyfacts.org/product/8710522403907,https://images.openbeautyfacts.org/images/products/871/052/240/3907/front_fr.3.400.jpg,open_beauty_facts
8710908832420,Dove,Oil Care Nährpflege,"Aqua, Cetearyl Alcohol, Dimethicone, Stearamidopropyl Dimethylamine, Behentrimonium Chloride, Parfum, Lactic Acid, Dipropylene Glycol, 1,2-Hexanediol, Benzyl Alcohol, Amodimethicone, Gluconolactone, Glycerin, Disodium EDTA, Sodium Chloride, Trehalose, Phenoxyethanol, Cetrimonium Chloride, PEG-7 Propylheptyl Ether, Paraffinum Liquidum, Prunus Amygdalus Dulcis Oil, Argania Spinosa Kernel Oil, Cocos Nucifera Oil, Sodium Sulfate, Alpha-Isomethyl lonone, Hexyl Cinnamal, Hydroxycitronellal, Linalool, Cl 17200, Cl 19140, Cl 42090.",en:germany,200 ml,https://world.openbeautyfacts.org/product/8710908832420,https://images.openbeautyfacts.org/images/products/871/090/883/2420/front_de.7.400.jpg,open_beauty_facts
8717163661574,Dove,Dove Surgras Gel Douche Mousse Infusée à l'Huile d'Açaï 24H de Douceur,"Aqua, Sodium Lauroyl Glutamate, Isobutane, Cocamidopropyl Betaine, Glycerin, Sodium Chloride, Sodium Lauroyl Glycinate, Propane, Butane, Citric Acid, Euterpe Oleracea Fruit Oil, Helianthus Annuus Seed Oil, Iodopropynyl Butylcarbamate, Lauric Acid, Parfum, PEG-4 Laurate, PEG-4 Dilaurate, PEG-4, Phenoxyethanol, Polysorbate 20, PPG-12, Sodium Hydroxide, Sodium Laurate, Stearic Acid, Tetrasodium EDTA, Butylphenyl Methylpropional, Hexyl Cinnamal, Limonene, Linalool.",en:france,200 ml,https://world.openbeautyfacts.org/product/8717163661574,https://images.openbeautyfacts.org/images/products/871/716/366/1574/front_fr.5.400.jpg,open_beauty_facts
8710447326824,Dove,Dove Savon Pain de Toilette Pink Lot 2x100g,"Sodium Lauroyl Isethionate, Stearic Acid, Sodium Palmitate, Aqua, Lauric Acid, Sodium Isethionate, Sodium Stearate, Cocamidopropyl Betaine, Sodium Palm Kernelate, Glycerin, Parfum, Sodium Chloride, Propylene Glycol, Zinc Oxide, Tetrasodium EDTA, Tetrasodium Etidronate, Alumina, Alpha-Isomethyl Ionone, Benzyl Alcohol, Butylphenyl Methylpropional, Citronellol, Coumarin, Hexyl Cinnamal, Limonene, Linalool, CI 14700, CI 17200, CI 77891.",en:france,6 pièces (0.6 kg),https://world.openbeautyfacts.org/product/8710447326824,https://images.openbeautyfacts.org/images/products/871/044/732/6824/front_fr.3.400.jpg,open_beauty_facts
8710447250679,Dove,Dove Secrets de Soin Gel Douche Lavande,"Aqua, Sodium Lauroyl Glycinate, Cocamidopropyl Betaine, Sodium Lauroyl Isethionate, Sodium Chloride, Lauric Acid, Glycerin, BHT, Butylene Glycol, Carbomer, DMDM Hydantoin, Glucose, Iodopropynyl Butylcarbamate, Lactic Acid, Lavendula Angustifolia Flower Extract, Parfum, PEG-150 Pentaerythrityl Tetrastearate, Potassium Sorbate, PPG-2 Hydroxyethyl Cocamide, Propylene Glycol, Rosmarinus Officinalis Leaf Extract, Sodium Benzoate, Sodium Hydroxide, Sodium Isethionate, Stearic Acid, Tetrasodium EDTA, Zinc Oxide, Geraniol, Hexyl Cinnamal, Limonene, Linalool, CL 17200, Cl 42090.",en:france,400 ml,https://world.openbeautyfacts.org/product/8710447250679,https://images.openbeautyfacts.org/images/products/871/044/725/0679/front_fr.3.400.jpg,open_beauty_facts
8717163747216,Dove,Dove Nutrition Intense Gel Douche Mousse à l'Huile de Coton 24h de Douceur Douche & Rasage,"Aqua, cocamidopropyl betaine, glycerin, isobutane, sodium methyl lauroyl taurate, sodium lauroyl isethionate, propane, sodium chloride, polysorbate 20, parfum, lauric acid, sodium benzoate, stearic acid, citric acid, undecylenoyl glycine, capryloyl glycine, sodium isethionate, sodium methyltaurate, butane, sodium hydroxide, tetrasodium edta, caprylic acid, cocos nucifera oil, coumarin, hexyl cinnamal.",en:france,200 ml,https://world.openbeautyfacts.org/product/8717163747216,https://images.openbeautyfacts.org/images/products/871/716/374/7216/front_fr.3.400.jpg,open_beauty_facts
8712561772075,Dove,Dove Gel Douche Amande et Hibiscus,"aqua, cocamidopropyl betaine, sodium hydroxypropyl starch phosphate, lauric acid, hydrogenated soybean oil, sodium lauroyl glycinate, sodium lauroyl isethionate, glycerin, sodium chloride, parfum, prunus amygdalis dulcis seed extract, hibiscus sabdariffa flower extract, prunus amygdalis dulcis oil, heliantus annuus hybrid oil, guar hydroxypropyltrimonium chloride, stearic acid, palmitic acid, peg-40, hydrogenated castor oil, sine adipe lac, glucose, sodium isethionate, tricedeth-9, propylene glycol, pentylene glycol, citric acid, sodium hydroxide, bht, tetrasodium edta, butylene glycol, dmdm hydantoin, sodium benzoate, iodopropynyl butylcarbamate, zinc oxide, benzyl alcohol, benzyl salicylate, butylphenyl methylpropional, geraniol, hexyl cinnamal, limonene, linalool,  ci 17200, ci 19140",en:france,400 ml,https://world.openbeautyfacts.org/product/8712561772075,https://images.openbeautyfacts.org/images/products/871/256/177/2075/front_fr.7.400.jpg,open_beauty_facts
0040000525387,Dove,"Milk chocolate bar, milk chocolate","Milk chocolate (sugar, cocoa butter, skim milk, chocolate, milkfat, lactose, soy lecithin, artificial flavor).",en:united-states,,https://world.openbeautyfacts.org/product/0040000525387,https://images.openbeautyfacts.org/images/products/004/000/052/5387/front_en.3.400.jpg,open_beauty_facts
8711700963503,Dove,Body Lotion Hydro Pflege,"Aqua, Glycerin, Paraffinum Liquidum, Stearic Acid. Sorbitol, Glycol Stearate, Caprylic/Capric Triglyceride, Dimethicone, Octyldodecanol, Tocopheryl Acetate, Collagen Amino Acids, Helianthus Annuus Hybrid Oil, Isomerized Linoleic Acid, Lactic Acid, Potassium Lactate, Sodium PCA, Urea, Cyclopentasiloxane, Dimethiconol, Iso - hexadecane, Cetyl Alcohol, Glyceryl Stearate, Polysorbate 80, Sorbitan Oleate, Triethanolamine, Carbomer, Magnesium Aluminum Silicate, Sodium Acrylate/Sodium Acryloyldimethyl Taurate Copolymer, Stearamide AMP, Disodium EDTA, Parfum, Methylparaben, Phenoxyethanol, Pro - pylparaben, Alpha-Isomethyl lonone, Benzyl Alcohol, Butylphenyl Methy - propional, Citronellol, Coumarin, Geraniol, Hexyl Cinnamal, Hydroxyisohexyl 3-Cyclohexene Carboxaldehyde, Limonene, Linalool.",en:germany,400 ml,https://world.openbeautyfacts.org/product/8711700963503,https://images.openbeautyfacts.org/images/products/871/170/096/3503/front_en.9.400.jpg,open_beauty_facts
8710522420713,Dove,Baby gel de ducha,"Aqua, Glycerin,
Cocamidopropyl Betaine, Sodium
Cocoyl Glycinate, Polyacrylate-33,
Benzoic Acid, Caprylyl Glycol, Citric
Acid, Coco-Glucoside, Coconut
Acid, Lauric Acid, Parfum,
Phenoxyethanol, Sodium Benzoate,
Sodium Chloride, Sodium Hydroxide,
Sodium Isethionate, Sodium Lauroyl
Isethionate, Sodium Palm Kernelate,
Sodium Palmitate, Sodium Stearate,
Stearic Acid, Styrene/Acrylates
Copolymer, Tetrasodium EDTA
Zinc Oxide, CI 77891.
ES Tel:900 81 25 10
ark.",en:spain,,https://world.openbeautyfacts.org/product/8710522420713,https://images.openbeautyfacts.org/images/products/871/052/242/0713/front_en.3.400.jpg,open_beauty_facts
8717163673072,Dove,Sensitive Body Lotion,"Aqua, Glycerin, Brassica Campestris Seed Oil, Butyrospermum Parkii Butter, Simmondsia Chinensis Seed Oil, Ethylhexyl Stearate, Cetearyl Alcohol, Ceteareth-20, Ceteareth-12, Acrylates/C10-30 Alkyl Acrylate Crosspolymer, Caprylyl Glycol, Citric Acid, Phenoxyethanol, Sodium Gluconate, Sodium Hydroxide, Tocopherol",en:germany,250 ml,https://world.openbeautyfacts.org/product/8717163673072,https://images.openbeautyfacts.org/images/products/871/716/367/3072/front_de.7.400.jpg,open_beauty_facts
8712561631112,Dove,Dove Purely Pampering Coconut Milk With Jasmine Petals Nourishing Body Wash,"Prendre soin de vous n'a jamais été aussi agréable, Dove et HydraNutrium sont des marques déposées !NGREDIENTS: Aqua, Cocamidopropyl Betaine, Sodium Hydroxypropyl Starch Phosphate, Lauric Acid, Hydrogenated Soybean Oil, Sodium Lauroyl Glycinate, Sodium Lauroyl Isethionate, Glycerin, Sodium Chloride, Parfum, Helianthus Annuus Hybrid Oil, Cocos Nucifera Fruit Extract, Sine Adipe Lac, Guar Hydroxypropyltrimo- nium Chloride, Stearic Acid, Palmitic Acid, Sodium Isethionate, Pentylene Glycol, Propy!ene Glycol, Citric Acid, Sodium Hydroxide, BHT, Tetrasodium EDTA, Butylene Gtycol, DMDM Hydantoin, Sodium Benzoate, Iodopropynyl Butylcarbamate, Zinc O)dde, Alpha-lsomethyl Ionone, Benzyl Alcohol, Benzyl Salicylate, Butylphenyl Methylpropional, Coumarin, Hexyl Cinnamal, Limonene, Linalool, Cl 17200, Cl 19140, FLACON PLASTIQUE PENSEZ ET SON BOUCHON À RECYCLER",en:france,,https://world.openbeautyfacts.org/product/8712561631112,,open_beauty_facts
8710908472312,Dove,Cream Oil Beauty Cream Bar with Morrocan Argan Oil,"Sodium Lauroyl Isethionate, Stearic Acid, Sodium Palmitate, Aqua, Lauric Acid, Sodium Isethionate, Sodium Stearate, Cocamidopropyl Betaine, Sodium Palm Kernelate, Alumina, Argania Spinosa Kernel Oil, Glycerin, Helianthus Annuus Seed Oil, Parfum, Propylene Glycol, Sodium Chloride, Tetrasodium EDTA, Tetrasodium Etidronate, Zinc Oxide, Butylphenyl Methylpropional, Hexyl Cinnamal, Limonene, Linalool, CI 15985, CI 19140, CI 77891.",en:france,2 * 100 g,https://world.openbeautyfacts.org/product/8710908472312,https://images.openbeautyfacts.org/images/products/871/090/847/2312/front_fr.7.400.jpg,open_beauty_facts
8712561493031,Dove,Advanced Hair Series Pure Care Sublime Oil,"Aqua, Sodium Laureth Sulfate, Sodium Chloride, Cocamidopropyl Betaine, Cocos Nucifera Oil, Gluconolactone, Sodium Sulfate, Trehalose, Macadamia Ternifolia Seed Oil, Prunus Amygdalus Dulcis Oil, PPG-1-PEG-9 Lauryl Glycol Ether, TEA-Dodecylbenzenesulfonate, Guar Hydroxypropyltrimonium Chloride, Benzophenone-4, Laureth-23, Citric Acid, Coceth-7, Dimethiconol, Parfum, PPG-12, PEG-40 Hydrogenated Castor Oil, Disodium EDTA, Sodium Benzoate, Alpha-Isomethyl Ionone, Benzyl Alcohol, Benzyl Salicylate, Butylphenyl Methylpropional, Citronellol, Coumarin, Limonene, Linalool, CI 17200, CI 19140, CI 42090.",en:france,250 ml,https://world.openbeautyfacts.org/product/8712561493031,https://images.openbeautyfacts.org/images/products/871/256/149/3031/front_fr.6.400.jpg,open_beauty_facts
3574661863207,Neutrogena,Hand Gel Cream Hydro Boost,"Aqua, Glycerin, Isopropyl Palmitate, Cetyl Alcohol, Dimethicone, Sodium Hyaluronate, Ethylhexylglycerin, Petrolatum, Caprylyl Glycol, Cetearyl Olivate, Sorbitan Olivate, Carbomer, Sodium Polyacrylate, Sodium Hydroxide, Tocopherol, Phenoxyethanol, Parfum, CI 42090. [PR-018319]",en:ukraine,75ml,https://world.openbeautyfacts.org/product/3574661863207,https://images.openbeautyfacts.org/images/products/357/466/186/3207/front_en.3.400.jpg,open_beauty_facts
0062600400055,Neutrogena,Ultra gentle daily cleanser,"Water (eau), Glycerin, Cocamidopropyl Betaine, Lauryl Glucoside, Potassium Acrylates Copolymer, PEG-120 Methyl Glucose Dioleate, Disodium Lauroamphodiacetate, Sodium Cocoyl Sarcosinate, Caprylyl Glycol, Ethylhexylglycerin, Potassium Sorbate, Parfum, Sodium Hydroxide, Citric Acid.",en:canada,473 mL,https://world.openbeautyfacts.org/product/0062600400055,https://images.openbeautyfacts.org/images/products/006/260/040/0055/front_en.3.400.jpg,open_beauty_facts
3574661554280,Neutrogena,Neutrogena Hydro Boost Aqua Gel Dagcrème,"Aqua, Dimethicone, Glycerin, Dimethicone Crosspolymer, Trehalose, Sodium Hyaluronate, Ethylhexylglycerin, Cetearyl Olivate, Dimethiconol, Polyacrylamide, C13-14 Isoparaffin, Sorbitan Olivate, Laureth-7, Carbomer, Sodium Hydroxide, Chlorphenesin, Phenoxyethanol, Parfum, Cl 42090. [PR-0000947]",en:netherlands,50ml - Alle huidtypen,https://world.openbeautyfacts.org/product/3574661554280,https://images.openbeautyfacts.org/images/products/357/466/155/4280/front_nl.13.400.jpg,open_beauty_facts
3574661655611,Neutrogena,Anti Pickel Peeling Cleanser AHA/PHA/BHA,"Aqua, Sodium C14-16 Olefin Sulfonate, Cocamidopropyl Hydroxysultaine, Sorbitol, Gluconolactone, Salicylic Acid*, Sodium Hydroxide, Sodium Chloride, Potassium Acrylates Copolymer, Disodium EDTA, Citric Acid, Sodium Bicarbonate",en:germany,200ml,https://world.openbeautyfacts.org/product/3574661655611,,open_beauty_facts
3574661287201,Neutrogena,Hydro Boost Aqua-Gel,"Aqua, Dimethicone, Glycerin, Dimethicone/Vinyl Dimethicone Crosspolymer, Sodium Hyaluronate, Ethylhexylglycerin, Dimethiconol, Cetearyl Olivate, Sorbitan Olivate, Laureth-7, C12-14 Pareth-12 Polyacrylamide, Dimethicone Crosspolymer, Carbomer, C13-14 Isoparaffin, Sodium Hydroxide, Phenoxyethanol, Chlorphenesin, Methylparaben, Benzoic Acid, Parfum, CI 42090",en:france;en:morocco,50 ml,https://world.openbeautyfacts.org/product/3574661287201,https://images.openbeautyfacts.org/images/products/357/466/128/7201/front_en.10.400.jpg,open_beauty_facts
0086800870258,Neutrogena,sport face oil-free lotion sunscreen 70,"Avobenzone 3%, homosalate 15%, octisalate 5%, octocylene 10%",en:united-states,,https://world.openbeautyfacts.org/product/0086800870258,https://images.openbeautyfacts.org/images/products/008/680/087/0258/front_en.3.400.jpg,open_beauty_facts
3574661016702,Neutrogena,Hand cream,"Aqua, Glycerin, Cetearyl Alcohol, Ethylhexylglycerin, Palmitic Acid, Stearic Acid, Sodium Cetearyl Sulfate, Sodium Sulfate, Tocopherol, Parfum. Phenoxyethanol,",en:spain,,https://world.openbeautyfacts.org/product/3574661016702,https://images.openbeautyfacts.org/images/products/357/466/101/6702/front_es.6.400.jpg,open_beauty_facts
3574661750521,Neutrogena,Neutrogena Gesichtspflege,"aqua, glycerine, isopropyl myristate, cetyl alcohol, carbomer, potassium cetyl phosphate, caprylyl glycol, p-anisic acid, parfum, sodium hydroxide, Avena sativa, oat kernel oil, ethylhextylglycerin, tocopherol",en:germany,200 ml,https://world.openbeautyfacts.org/product/3574661750521,https://images.openbeautyfacts.org/images/products/357/466/175/0521/front_nl.9.400.jpg,open_beauty_facts
3574661685977,Neutrogena,hand cream,"Aqua, Glycerin, Cetearyl Alcohol, Sodium Cetearyl Sulfate, Ethylhexylglycerin, Caprylyl Glycol, Palmitic Acid, Stearic Acid, Disodium Phosphate, Potassium Phosphate, Tocopherol, Tocopheryl Acetate.",en:united-states,50ml,https://world.openbeautyfacts.org/product/3574661685977,https://images.openbeautyfacts.org/images/products/357/466/168/5977/front_en.3.400.jpg,open_beauty_facts
3574660527452,Neutrogena,Deep Moisture Body Lotion,"aqua, paraffinum liquidum, glycerin, hydrogenated palm glycerides, cetyl alcohol, caprylyl glycol, potassium cetyl phosphate, carbomer, sodium polyacrylate, sodium hydroxide, phenoxyethanol [pr-0001828] johnson , johnson 2018 santé beauté france 92130 issy-les-moulineaux france/f-27100 val de reuil made in italy 400ml e 722880 12ay hdpe 12m",en:croatia,,https://world.openbeautyfacts.org/product/3574660527452,https://images.openbeautyfacts.org/images/products/357/466/052/7452/front_en.9.400.jpg,open_beauty_facts
0070501113424,Neutrogena,Hydro Boost Water Gel Lotion SPF 50,"Water, Homosalate, Octocrylene, Ethylhexyl Salicylate, Oxybenzone, Glycerin, Alcohol Denat., Caprylyl Methicone, Butyl Methoxydibenzoylmethane, Diisopropyl Adipate, Silica, Dicaprylyl Carbonate, Dimethicone, Polyurethane-62, Phenoxyethanol, Hydroxyacetophenone, Pentylene Glycol, Aluminum Starch Octenylsuccinate, Sodium Acryloyldimethyltaurate/VP Crosspolymer, Acrylates/Dimethicone Copolymer, Fragrance, Glyceryl Stearate, Chlorphenesin, Menthyl Lactate, Tocopheryl Acetate, Disodium EDTA, Trideceth-6, Hydrolyzed Hyaluronic Acid, Sodium Hydroxide, Cl 60725, CI 42090",en:philippines,"88 mL, 3 fl oz",https://world.openbeautyfacts.org/product/0070501113424,https://images.openbeautyfacts.org/images/products/007/050/111/3424/front_en.4.400.jpg,open_beauty_facts
3574661499666,Neutrogena,Clear & Defend 1% Salicylic Acid 2-in-1 Wash-Mash,"Aqua, Glycerin, Kaolin, Bentonite, Sodium Methyl Cocoyl Taurate, CI 77891, Trideceth-9, C12-15 Alkyl Lactate, Salicylic Acid*, Cetyl Lactate, Cocamidopropyl PG-Dimonium Chloride Phosphate, Menthol, Cetyl Alcohol, PEG-5 Ethylhexanoate, Sodium Chloride, Xanthan Gum, Disodium EDTA, Citric Acid, Sodium Citrate, Sodium Hydroxide Chlorphenesin, Benzalkonium Chloride, Parfum [PR-017563) Keratolytisk",en:morocco,,https://world.openbeautyfacts.org/product/3574661499666,https://images.openbeautyfacts.org/images/products/357/466/149/9666/front_en.16.400.jpg,open_beauty_facts
3574661662411,Neutrogena,Deep Moisture - hypoallergenic body lotion,"Acqua, paraffinum liquido, glycerin, hydrogenated palm glycerides, cetyl alcohol, caprylyl glycol, potassium cetyl phosphate, carbomer, sodium polyacrylate, sodium hydroxide, phenoxyethanol",en:italy,400 ml,https://world.openbeautyfacts.org/product/3574661662411,https://images.openbeautyfacts.org/images/products/357/466/166/2411/front_en.15.400.jpg,open_beauty_facts
0887777111111,Neutrogena,Oil-Free Acne Wash,"INSON INC LR SL2 2017 XM/32 30038736
Salicid Acid",en:canada,177ml,https://world.openbeautyfacts.org/product/0887777111111,https://images.openbeautyfacts.org/images/products/088/777/711/1111/front_xx.7.400.jpg,open_beauty_facts
3574660600124,Neutrogena,Hand Cream concentrated,"Aqua, Glycerin, Cetearyl Alcohol, Ethylhexylglycerin, Palmitic Acid, Stearin Acid, Sodium Cetearyl Sulfate, Sodium Sulfate, Tocopherol, Phenoxyethanol. [PR-015376]",en:sweden,50 ml,https://world.openbeautyfacts.org/product/3574660600124,https://images.openbeautyfacts.org/images/products/357/466/060/0124/front_sv.12.400.jpg,open_beauty_facts
8850007543336,Neutrogena,Hydro Boost Hyaluronic Acid Water Gel,"Ingredients/N/21981: WATER GLYCERIN DIMETHICONE CETEARYL OLVATE SORBITAN OLIVATE POLIACIMATE CROSSPOLYMER-6. BETAINE CAPRYLYL GLYCOL SYNTHETIC BEESWAX ETALHEALGLYCERIN, PENTYLENE GLYCOL SODIUM RCA FRUCTOSE DMETHICONE CROSSPOLOMMER SCOUMPALURONATE DIMETHICONOL SODUM LACTATE UREA OTRICACD PCA FRAGRANCE SODIUM HVORDADE MALTOSE SERNE ALAVINE GLYONE SODUM CHLORDE TREHALOSE ALLANTON GLUTAMICACD LYSNE HOL THREONNE ARGININE GLUCOSE PROLINE 042090 CONTAINS SYNTHETIC BEESWAX DERIVED FROM SHEEP",en:india,15g,https://world.openbeautyfacts.org/product/8850007543336,https://images.openbeautyfacts.org/images/products/885/000/754/3336/front_en.3.400.jpg,open_beauty_facts
3574660258288,Neutrogena,Hand Cream Concentrated Unscented,"Aqua, Glycerin, Cetearyl Alcohol, Sodium Cetearyl Sulfate, Ethylhexylglycerin, Palmitic Acid, Stearic Acid, Disodium Phosphate, Potassium Phosphate, Tocopherol, Phenoxyethanol.",en:croatia,75ml,https://world.openbeautyfacts.org/product/3574660258288,https://images.openbeautyfacts.org/images/products/357/466/025/8288/front_en.16.400.jpg,open_beauty_facts
0070501112618,Neutrogena,Skin Balancing Clay Cleanser,"Water, Glycerin, Kaolin, Bentonite, Sodium Methyl Cocoyl Taurate, Gluconolactone, Citric Acid, Sodium Hydroxide, Sodium Benzoate, Xanthan Gum, Fragrance, Sodium Citrate, Disodium EDTA, Titanium Dioxide.",en:united-states,,https://world.openbeautyfacts.org/product/0070501112618,https://images.openbeautyfacts.org/images/products/007/050/111/2618/front_en.3.400.jpg,open_beauty_facts
0070501112625,Neutrogena,Skin Balancing Milky Cleanser,"Water, Helianthus Annuus (Sunflower) Seed Oil, Glycerin, Gluconolactone, Glyceryl Stearate, PEG-100 Stearate, Sorbitol, Sodium Acrylates Copolymer, Carbomer, Sodium Hydroxide, PEG-40 Hydrogenated Castor Oil, Persea Gratissima (Avocado) Oil, Caprylyl Glycol, Fragrance, Lecithin, Sodium Citrate, p-Anisic Acid, Chlorphenesin, Allantoin.",en:united-states,,https://world.openbeautyfacts.org/product/0070501112625,https://images.openbeautyfacts.org/images/products/007/050/111/2625/front_en.3.400.jpg,open_beauty_facts
0070501872956,Neutrogena,Ultra Gentle Daily Cleanser,"Water, Glycerin, Cocamidopropyl Betaine, Lauryl Glucoside, Potassium Acrylates Copolymer, PEG-120 Methyl Glucose Dioleate, Disodium Lauroamphodiacetate, Sodium Cocoyl Sarcosinate, Ethylhexylglycerin, Caprylyl Glycol, Potassium Sorbate, Fragrance.",en:united-states,,https://world.openbeautyfacts.org/product/0070501872956,https://images.openbeautyfacts.org/images/products/007/050/187/2956/front_en.3.400.jpg,open_beauty_facts
0070501872963,Neutrogena,Ultra Gentle Hydrating Cleanser,"Water, Glycerin, Cetearyl Alcohol, Polyglyceryl-10 Laurate, Ethylhexylglycerin, Cetearyl Glucoside, Caprylyl Glycol, Carbomer, Sodium Hydroxide, Phenoxyethanol.",en:united-states,,https://world.openbeautyfacts.org/product/0070501872963,https://images.openbeautyfacts.org/images/products/007/050/187/2963/front_en.3.400.jpg,open_beauty_facts
0070501050354,Neutrogena,Deep Clean Gentle Facial Scrub,"Water, Sodium Methyl Cocoyl Taurate, Jojoba Esters, Glycerin, Cocamidopropyl Betaine, Glycol Distearate, Stearic Acid, Sodium Chloride, Acrylates/C10-30 Alkyl Acrylate Crosspolymer, Xanthan Gum, Salicylic Acid, Cetyl Alcohol, Phenoxyethanol, Fragrance, Magnesium Aluminum Silicate, Linoleamidopropyl PG-Dimonium Chloride Phosphate, Methylparaben, Sodium Hydroxide, Disodium EDTA, Propylparaben, Ethylparaben, Agar, Citric Acid, Titanium Dioxide, Iron Oxides, Mica, Red 30.",en:united-states,,https://world.openbeautyfacts.org/product/0070501050354,https://images.openbeautyfacts.org/images/products/007/050/105/0354/front_en.3.400.jpg,open_beauty_facts
0070501100073,Neutrogena,Neutrogena Hydro Boost Water Gel Lotion SPF 30,"Água, Álcool desnaturado, Glicerina, Dimeticona, Óxido de zinco, Poliacrilato de sódio, Ácido esteárico, Álcool cetoestearílico, Fenoxietanol, Metilparabeno, Etilparabeno, Propilparabeno, Butilparabeno, Fragância.",en:brazil,47 ml,https://world.openbeautyfacts.org/product/0070501100073,,open_beauty_facts
0070501110478,Neutrogena,Hydro Boost Water Gel,"Water, Dimethicone, Glycerin, Dimethicone/Vinyl Dimethicone Crosspolymer, Phenoxyethanol, Polyacrylamide, Cetearyl Olivate, Sorbitan Olivate, Dimethiconol, C13-14 Isoparafin, Dimethicone Crosspolymer, Chlorphenesin, Carbomer, Laureth-7, Sodium Hyaluronate, Ethylhexylglycerin, Fragrance, C12-14 Pareth-12, Sodium Hydroxide, Blue 1.",en:united-states,,https://world.openbeautyfacts.org/product/0070501110478,https://images.openbeautyfacts.org/images/products/007/050/111/0478/front_en.3.400.jpg,open_beauty_facts
0070501110492,Neutrogena,Neutrogena Hydro Boost Gel-Cream Eye,"Aqua, Dimethicone, Glycerin, Dimethicone Crosspolymer, Pentaerythrityl Tetraisostearate, Sodium Hyaluronate, Phenoxyethanol, Citric Acid, Sodium Citrate, Ethylhexylglycerin, Disodium EDTA, Acrylates/C10-30 Alkyl Acrylate Crosspolymer, Polyacrylamide, C13-14 Isoparaffin, Laureth-7, Sodium Hydroxide",en:brazil,14g,https://world.openbeautyfacts.org/product/0070501110492,,open_beauty_facts
0070501111505,Neutrogena,Hydro Boost Gentle Cleansing Lotion,"Water, Glycerin, Butylene Glycol, Sodium Hydrolyzed Potato Starch Dodecenylsuccinate, Zea Mays (Corn) Starch, Polysorbate 20, Poloxamer 188, Hydroxyacetophenone, Acrylates/C10-30 Alkyl Acrylate Crosspolymer, PEG-100 Stearate, Glyceryl Stearate, Ethylhexylglycerin, Disodium EDTA, Sodium Polyacrylate, Sodium Hydroxide, Sodium Hyaluronate",en:united-states,,https://world.openbeautyfacts.org/product/0070501111505,https://images.openbeautyfacts.org/images/products/007/050/111/1505/front_en.3.400.jpg,open_beauty_facts
0070501112601,Neutrogena,Skin Balancing Gel Cleanser,"Water, Sodium C14-16 Olefin Sulfonate, Cocamidopropyl Hydroxysultaine, Sorbitol, Gluconolactone, Sodium Benzoate, Sodium Hydroxide, Potassium Acrylates Copolymer, Disodium EDTA, Fragrance, Glycerin, Aloe Barbadensis Leaf Extract.",en:united-states,,https://world.openbeautyfacts.org/product/0070501112601,https://images.openbeautyfacts.org/images/products/007/050/111/2601/front_en.3.400.jpg,open_beauty_facts
0070501050217,Neutrogena,Deep Clean Invigorating Foaming Scrub,"Water, Glycerin, Sodium Laureth Sulfate, Cellulose, Lauryl Glucoside, Acrylates/C10-30 Alkyl Acrylate Crosspolymer, Microcrystalline Cellulose, Phenoxyethanol, Fragrance, Synthetic Wax, Methylparaben, Sodium Hydroxide, Menthol, Disodium EDTA, Polyquaternium-7, Sodium Benzotriazolyl Butylphenol Sulfonate, Ultramarines, Blue 1.",en:united-states,,https://world.openbeautyfacts.org/product/0070501050217,https://images.openbeautyfacts.org/images/products/007/050/105/0217/front_en.3.400.jpg,open_beauty_facts
7899529001956,Neutrogena,Neutrogena Hydro Boost Exfoliating Cleanser,"Água, sodium C14-16 olefin sulfonate, cocamidopropyl hydroxysultaine, glicerina, sodium hydrolyzed potato starch dodecenylsuccinate, acrylates crosspolymer-4, celulose, polysorbate 20, ácido cítrico, sodium benzoate, ácido glicólico, fragrância, ácido láctico, sodium hydroxide, disodium EDTA, extrato de fruta de carica papaya (mamão), ácido hialurônico hidrolisado",en:brazil,14gg,https://world.openbeautyfacts.org/product/7899529001956,,open_beauty_facts
0885229253723,Neutrogena,Neutrogena Hydro Boost Water Gel,"Aqua, Dimethicone, Glycerin, Sodium Hyaluronate, Ethylhexylglycerin, Dimethiconol, Cetearyl Olivate, Sorbitan Olivate, Laureth-7, Polyacrylamide, Carbomer, Sodium Hydroxide, Phenoxyethanol, Chlorphenesin, Methylparaben, Benzoic Acid, Parfum, CI 42090",en:brazil,250ml,https://world.openbeautyfacts.org/product/0885229253723,,open_beauty_facts
5020379016285,Neutrogena,Neutrogena Oil-Free Acne Wash,"Salicylic Acid (2%), Water, Sodium C14-16 Olefin Sulfonate, Cocamidopropyl Betaine, Sodium Chloride, PEG-80 Sorbitan Laurate, Citric Acid, Disodium EDTA, C12-15 Alkyl Lactate, Benzalkonium Chloride, Fragrance, Cocamidopropyl PG-Dimonium Chloride Phosphate, Propylene Glycol, Aloe Barbadensis Leaf Extract, Chamomilla Recutita (Matricaria) Flower Extract, Sodium Hydroxide, Yellow 5, Red 40.",en:brazil,177 ml,https://world.openbeautyfacts.org/product/5020379016285,,open_beauty_facts
7891010704490,Neutrogena,Esfoliante Facial Neutrogena Deep Clean Energizing em Gel com 100g,"Aqua, MethylGluceth 20, Sodium Laureth Sulfate, Lauryl Glucoside, Disodium, Lauroamphodiacetate, Polyethylene, PEG-80 Sorbitan Laurate, Acrylates / C10-30 Alkyu Acrilate Crosspolymer, Dimethicone PEG-8 Meadowfoamate, Parfum Synthetic Wax (and) Ultramarines, Menthol, DMDM Hydantoin, Panthecol, Disodium EDTA, Polyquaternium-7, Sodium Benzotriazoly Butylphenol Sulfonate, CI 42090.",en:brazil,100 g,https://world.openbeautyfacts.org/product/7891010704490,,open_beauty_facts
7891010250980,Neutrogena,Protetor Solar Facial Neutrogena Sun Fresh FPS30 40g,"Aqua, Homosalate, Octocrylene, Butyl Methoxydibenzoylmethane, Glycerin, Methylene Bis-Benzotriazolyl Tetramethylbutylphenol, Aluminum Starch Octenylsuccinate, Ethylhexyl Triazone, Silica, Phenoxyethanol, Potassium Cetyl Phosphate, Glyceryl Stearate, PEG-100 Stearate, Bis-Ethylhexyloxyphenol Methoxyphenyl Triazine, Sodium Potassium Aluminum Silicate, Triacontanyl PVP, Hydroxyacetophenone, Diisopropyl Adipate, Hydrolyzed Jojoba Esters, Titanium Dioxide, Dimethicone, Acrylates/C10-30 Alkyl Acrylate Crosspolymer, Parfum, Acrylates/Dimethicone Copolymer, Tocopheryl Acetate, Disodium EDTA, Jojoba Esters, Sodium Hydroxide, Amyl Cinnamal, Benzyl Salicylate.",en:brazil,40 g,https://world.openbeautyfacts.org/product/7891010250980,,open_beauty_facts
7891010882990,Neutrogena,Gel Creme Hidratante para Área dos Olhos Neutrogena Hydro Boost com 15g,"Aqua, Dimethicone, Glycerin, Cetearyl Olivate, Polyacrylamide, Sorbitan Olivate, Phenoxyethanol, Dimethicone/Vinyl Dimethicone Crosspolymer, Cera alba, C13-14 Isoparaffin, Dimethiconol, Dimethicone Crosspolymer, Carbomer, Chlorphenesin, Laureth-7, Sodium Hyaluronate, Ethylhexylglycerin, Sodium Hydroxide, C12-14 Pareth-12",en:brazil,15 g,https://world.openbeautyfacts.org/product/7891010882990,,open_beauty_facts
7891010882983,Neutrogena,Neutrogena Hydro Boost Water Gel,"Aqua, Dimethicone, Glycerin, Domethicone/Vinyl Domethicone Crosspolymer, Phenoxyethanol, Polyacrylamide, Cetearyl Olivate, Dimethiconol, Sorbitan Olivate, C13-14 Isoparaffin, Dimethicone Crosspolymer, Chlorphenesin, Carbomer, Sodium Hyaluronate, Laureth-7, Ethylhexylglycerin, Parfum, C12-14 Pareth-12, Sodium Hydroxide, CI 42090.",en:brazil,50g,https://world.openbeautyfacts.org/product/7891010882983,https://images.openbeautyfacts.org/images/products/789/101/088/2983/front_xx.6.400.jpg,open_beauty_facts
7891010009250,Neutrogena,Gel de Limpeza Facial Neutrogena Hydro Boost,"Água, Glicerina, Coco-Glucosídeo, Carbomer, Trietanolamina, Lactose (1%), Avena Sativa (Aveia), Hydrolyzed Wheat Protein (Glúten), Sodium Benzoate, Potassium Sorbate, Fragrância",en:brazil,150 g,https://world.openbeautyfacts.org/product/7891010009250,https://images.openbeautyfacts.org/images/products/789/101/000/9250/front_en.7.400.jpg,open_beauty_facts
7896095410441,Neutrogena,Gel de Limpeza Facial Neutrogena Hydro Boost,"dimethicone, glycerin, cetearyl olivate, polyacrylamide, sorbitan olivate, phenoxyethanol, dimethicone/vinyl dimethicone crosspolymer, synthetic beeswax, C13-14 isoparaffin, dimethiconol, dimethicone crosspolymer, chlorphenesin, laureth-7, carbomer, sodium hyaluronate, ethylhexylglycerin, C12-14 pareth-12, sodium hydroxide Neutrogena Hydro Boost Hydrating Cleansing Gel Water, Glycerin, Cocamidopropyl Hydroxysultaine, Sodium Cocoyl Isethionate, Sodium Methyl Cocoyl Taurate, Sodium Chloride, Sodium Hydrolyzed Potato Starch Dodecenylsuccinate, Potassium Acrylates Copolymer, Hydroxyacetophenone, Polysorbate 20, Phenoxyethanol, Fragrance, Linoleamidopropyl PG-Dimonium Chloride Phosphate, Sodium Hydroxide, Citric Acid, Polyquaternium-10, Disodium EDTA, Ethylhexylglycerin, Hydrolyzed Hyaluronic Acid",en:netherlands,150 ml,https://world.openbeautyfacts.org/product/7896095410441,,open_beauty_facts
3574661311234,Neutrogena,"Hydro boost, limpiador gel de agua","NUEVO I NUOVO
Neutrogena
Q.
Hydro
Boost*
acqua-gel deterge
GEL DE AGUA
ACQUA-GEL",en:spain,,https://world.openbeautyfacts.org/product/3574661311234,https://images.openbeautyfacts.org/images/products/357/466/131/1234/front_en.10.400.jpg,open_beauty_facts
0070501027004,Neutrogena,Alcohol-Free Toner,"Water, Butylene Glycol, PEG-4, Polysorbate 20, Oleth-30, Sodium Chloride, Methylparaben, Propylparaben, Disodium EDTA, Fragrance, Ceteth-15, Benzalkonium Chloride, Panthenol, Glycereth-26, Sodium PCA, Choleth-15",en:united-states,250ml,https://world.openbeautyfacts.org/product/0070501027004,https://images.openbeautyfacts.org/images/products/007/050/102/7004/front_en.4.400.jpg,open_beauty_facts
0062600953674,Neutrogena,Ultra Sheer Dry-Touch Sunscreen with Helioplex,"Homosalate (15%), Octocrylene (10%), Oxybenzone (6%), Octisalate (5%), Avobenzone (3%), Acrylates/C10-30 Alkyl Acrylate Crosspolymer, Acrylates/ Dimethicone Copolymer, BHT, Cera Alba, Chlorphenesin, Cyclopentasiloxane, Diethylhexyl 2, 6-Naphthalate, Dipotassium Glycyrrhizate, Disodium EDTA, Ethylhexylglycerin, Glyceryl Stearate, Methylisothiazolinone, Parfum, PEG-8 Laurate, PEG-100 Stearate, Silica, Styrene/Acrylates Copolymer, Triethanolamine, Water (eau).",en:canada,88 mL,https://world.openbeautyfacts.org/product/0062600953674,https://images.openbeautyfacts.org/images/products/006/260/095/3674/front_en.7.400.jpg,open_beauty_facts
0062600380579,Neutrogena,Ultra Sheeran Body Mist Sunscreen,"Homosalate 15%, Octocrylene 10%, Octisalate 5% Avobenzone 3%, Acrylates/Octylacyline, copolymer, alcohol Denat., Butyloctyl Salicylate, Dicaprylyl Carbonate 2,6-Naphthalate, Isobutane, Nexpert Glycol, Diheptanoate, Parfum, Polyester-7, tocopheryl acetate.",en:czech-republic,141 g,https://world.openbeautyfacts.org/product/0062600380579,https://images.openbeautyfacts.org/images/products/006/260/038/0579/front_en.4.400.jpg,open_beauty_facts
3574660527490,Neutrogena,Deep Moisture,"INGREDIENTS: Aqua, Glycerin, Paraffinum Liquidum, Isopropyl Palmitate, Petrolatum, Stearyl Alcohol, Dimethicone, Glyceryl Stearate, PEG-100 Stearate, Ethylhexylglycerin, Palmitic Acid, Stearic Acid, Ammonium Acryloyldimethyltaurate/P Copolymer, Acrylates/C10-30 Alkyl Acrylate Crosspolymer, Disodium EDTA, Sodium Hydroxide, Tocopherol, Phenoxyethanol. [PR-014404]",en:germany,400ml,https://world.openbeautyfacts.org/product/3574660527490,https://images.openbeautyfacts.org/images/products/357/466/052/7490/front_en.9.400.jpg,open_beauty_facts
3574660412277,Neutrogena,Neutrogena fast absorbing hand cream,"Aqua, Glycerin, Isononyl, Isononanoate, Dimethicone, Cyclopentasiloxane, Cetearyl Alcohol, Cyclohexasiloxane, Cetyl Alcohol, Paraffinum Liquidum, Behenyl Alcohol, Glyceryl Stearate, Panthenol, Xylitylglucoside, Anhydroxylitol, Xylitol, Tocopheryl Acetate, Ceteth-20, PEG-75 Stearate, Steareth-20, Cetearyl Glucoside, Paraffin, Cera Microcristallina, PVP/Hexadecene Copolymer, Xanthan Gum, Disodium EDTA, Methylparaben, Phenoxyethanol, Propylparaben, Parfum.",en:austria,75ml,https://world.openbeautyfacts.org/product/3574660412277,https://images.openbeautyfacts.org/images/products/357/466/041/2277/front_pl.7.400.jpg,open_beauty_facts
3574660532739,Neutrogena,Deep Moisture - Sofort einziehende Feuchtigkeitscreme,"Aqua, Cyclopentasiloxane, Glycerin, Cetyl Alcohol, Dimethicone, Caprylic/Capric Triglyceride, Glyceryl Stearate, PEG-100 Stearate, Butyrospermum Parkii Butter, Sodium Acrylate/Sodium Acryloyldimethyl Taurate Copolymer, Acrylates/C10-30 Alkyl Acrylate Crosspolymer, Isohexadecane, Polysorbate 80, Sodium Hydroxide, Phenoxyethanol.",en:germany,200 ml,https://world.openbeautyfacts.org/product/3574660532739,https://images.openbeautyfacts.org/images/products/357/466/053/2739/front_de.11.400.jpg,open_beauty_facts
3574661177229,Neutrogena,intense repair,"i app DEVELOPPÉ AVEC NOS DERMATOLOGUES 2 tois par jour, en insistant particulièrement sur les zones sèches et abimées (jambes, genoux, caoudes... 33-NGREDIENTS Aqua, Glycerin, Paraffinum Liquidum, Petrolatum, Isopropyl Palmitate mmonium Acryloyldimethyltaurate/VP Copolymer, Acrylates/C10-30 Alkyl Acrylate Aicotiol, Dimethicone, Glyceryl Stearate, PEG-100 Stearate, Synthetic Beeswax, Panthenol. mes, Palmitic Acid, Stearic Acid, Disodium EDTA, an, Ethylhexylglycerin, Parfum Sodium Hydroxide, Tocopher a carp LA CA-USA Fabriqué en UE Serte Beaute France MWinezaus FrancelF-27100 Val de Reuil 00 80 555 22 000, numéro vert gratuit depuis un poste fixe 300 mle",en:france,300ml,https://world.openbeautyfacts.org/product/3574661177229,https://images.openbeautyfacts.org/images/products/357/466/117/7229/front_fr.4.400.jpg,open_beauty_facts
3574660156324,Neutrogena,Visibly Clear gel nettoyant exfoliant douceur,"aqua,propylene glycol, sodium laureth sulfate,cocamidopropyl betaine,polyéthylène sodium lauroamphoacetate,sodium chloride,sodium carbomer,lauryl methyl gluceth-10 hydroxypropyldimonium chloride,peg-120 methyl glucose dioleate,hamamelis virginiana distillate
(...)",en:france,150 ml,https://world.openbeautyfacts.org/product/3574660156324,,open_beauty_facts
8851932473446,Vaseline,Vaseline Gluta-Hya Serum Etkili Vücut Losyonu Pürüzsüzleştirici,"Aqua, Dimethicone, Niacinamide, Isohexadecane, Glycerin, Propylene Glycol, Carbomer, Phenoxyethanol, Parfum, Lactic Acid, Sodium PCA, Glycine, Cystine, Gluconolactone, Salicylic Acid, Glycolic Acid, Glutathione, Petrolatum, Sodium Acetylated Hyaluronate, Sodium Hyaluronate, Sodium Hyaluronate Crosspolymer, Hydrolyzed Sodium Hyaluronate, Ethylhexylglycerin, Methylparaben, Sodium Hydroxide, Acrylates/C10-30 Alkyl Acrylate Crosspolymer, Disodium EDTA, Titanium Dioxide, Pentylene Glycol, BHT, Tocopherol, Citronellol, Citrus Aurantium Peel Oil, Citrus Limon Peel Oil, Geraniol, Hexyl Cinnamal, Limonene, Linalool, Pinene, Rose Ketone, Tetramethyl Acetyloctahydronaphthalenes",en:turkey,170 ml,https://world.openbeautyfacts.org/product/8851932473446,https://images.openbeautyfacts.org/images/products/885/193/247/3446/front_en.4.400.jpg,open_beauty_facts
6281006606104,Vaseline,Essential Even Tone Glutathione Serum Moisturizer Lotion Flawless Glow,"Water, Glycerin, Niacinamide, Isopropyl Myristate, Stearic Acid, Glyceryl Stearate, PEG-100 Stearate, Dimethicone, Cyclopentasiloxane, Niacinamide, Cetearyl Alcohol, Petrolatum, Triethanolamine, Phenoxyethanol, Fragrance, Carbomer, Methylparaben, Disodium EDTA, Cocoa Extract, Glycine Soja (Soybean) Oil, Tocopheryl Acetate, Glutathione, Sodium Ascorbyl Phosphate, Acerola Cherry Extract, Citric Acid, Sodium Citrate, CI 77891, CI 77492, CI 77491, CI 77499, Helianthus Annuus (Sunflower) Seed Oil, Potassium Sorbate, Sodium Benzoate, Hydroxyacetophenone, Sodium Hydroxide, Disodium EDTA, Cetearyl Glucoside, Glyceryl Acrylate/Acrylic Acid Copolymer, Sodium Polyacrylate, Hydrolyzed Jojoba Esters, Dimethicone Crosspolymer, Sodium Hyaluronate, Ethylhexylglycerin, Caprylyl Glycol, Tetrasodium EDTA, BHT, Butylene Glycol, Hydroxyacetophenone, Sodium Hydroxide, Disodium EDTA, Cetearyl Glucoside, Glyceryl Acrylate/Acrylic Acid Copolymer, Sodium Polyacrylate, Hydrolyzed Jojoba Esters, Dimethicone Crosspolymer, Sodium Hyaluronate, Ethylhexylglycerin, Caprylyl Glycol, Tetrasodium EDTA, BHT, Butylene Glycol",en:india,,https://world.openbeautyfacts.org/product/6281006606104,https://images.openbeautyfacts.org/images/products/628/100/660/6104/front_en.7.400.jpg,open_beauty_facts
8712561482318,Vaseline,Vaseline Aloe Soothe Bodylotion,"Aqua, Glycerin, Stearic Acid, Palmitic Acid, Isopropyl Myristate, Paraffinum Liquidum, Acrylates/C10-30 Alkyl Acrylate Crosspolymer, Aloe Barbadensis Leaf Juice Powder, Cetyl Alcohol, Dimethicone, Disodium EDTA, Glyceryl Stearate, Glycol Stearate, Lactic Acid, Magnesium Aluminum Silicate, Methylparaben, Parfum, PEG-100 Stearate, Petrolatum, Phenoxyethanol, Propylparaben, Sodium Hydroxide, Stearamide AMP, Tapioca Starch, Xanthan Gum, Benzyl Alcohol, Benzyl Salicylate, Butylphenyl Methylpropional, Geraniol, Hexyl Cinnamal, Linalool.",en:netherlands,400ml,https://world.openbeautyfacts.org/product/8712561482318,https://images.openbeautyfacts.org/images/products/871/256/148/2318/front_nl.20.400.jpg,open_beauty_facts
8712561479806,Vaseline,Vaseline Intensive Care Essential Healing Bodylotion,"Vaseline Essential Healing Niisutav kreem

Maht: 200 ml

Ingredients: Aqua, Glycerin, Stearic Acid, Palmitic Acid, Isopropyl Myristate. Paraffinum Liquidum, Petrolatum, Avena Sativa Straw Extract,

Dimethicone, Dihydroxypropyltri-nonium Chloride. Hydroxyethyl Urea, Propylene Glycol. Lactic Acid Glyceryl Stearate. Glycol Stearate, PEG-100 Stearate, Cetyl Alcohol. Stearamide AMP, Sodium Hydroxide. Tapioca Starch, Magnesium Aluminum Silicate, Acrylates/C10-30 Alkyl Acrylate Crosspolymer, Xanthan Gum, Disodium EDTA Parfum, Methylparaben, Phenoxyethanol. Propylparaben, Alpha-Isomethyl Ionone. Amyl Cinnamal, Butylphenyl Methylpropional, Citronellol Coumarin, Hexyl Cinnamal, Geraniol, Benzyl Alcohol, Limonene, Linalool.",en:netherlands,200ml,https://world.openbeautyfacts.org/product/8712561479806,https://images.openbeautyfacts.org/images/products/871/256/147/9806/front_en.8.400.jpg,open_beauty_facts
8712561484398,Vaseline,Vaseline Intensive Care Essential Healing Bodylotion,"aqua, glycerin, stearic acid, palmitic acid, isopropyl myristate, paraffinum liquidum, acrylates/c10-30 alkyl acrylate crosspolymer, averna sativa straw extract, cetyl alcohol, dimethicone, disodium edta, glyceryl stearate, glycol stearate, lactic acid, magnesium aluminum silicate, methylparaben, parfum, peg-100 stearate, petrolatum, phenoxyethanol, propylene glycol, propylparaben, sodium hydroxide, stearamide amp, tapioca starch, xanthan gum, alpha-isomethyl lonone, amyl cinnamal, benzyl alcohol, butylphenyl methylpropional, citronellol, coumarin, geraniol, hexyl cinnamal, limonene, linalool,",en:netherlands,400 ml,https://world.openbeautyfacts.org/product/8712561484398,https://images.openbeautyfacts.org/images/products/871/256/148/4398/front_en.13.400.jpg,open_beauty_facts
8712561485524,Vaseline,Vaseline Intensive care hand cream,"aqua, paraffinum liquidum, dimethicone, stearic acid, glycerin, glycol stearate, triethanolamine, hi glyceryl stearate, phenoxyethanol, petrolatum, cetyl alcohol, magnesium aluminum silicate, parfum, methylparaben, carbomer, disodium edta, stearamide amp, hydrolyzed keratin, propylparaben, benzyl alcohol, benzyl salicylate, citronellol, geraniol, hexyl cinnámal, limonene, linalool,",en:netherlands,75 ml,https://world.openbeautyfacts.org/product/8712561485524,https://images.openbeautyfacts.org/images/products/871/256/148/5524/front_fr.17.400.jpg,open_beauty_facts
8712561480369,Vaseline,Vaseline Advanced Repair Intensive Rescue Bodylotion,"Aqua, Glycerin, Isopropyl Palmitate, Glycol Stearate, Stearic Acid, PEG-100 Stearate, Palmitic Acid, Dimethicone, Paraffinum Liquidum, Petrolatum, Dihydroxypropyltrimonium Chloride, Isopropyl Myristate, Hydroxyethyl Urea, Glyceryl Stearate, Cetyl Alcohol, Stearamide AMP, Triethanolamine, Acrylates/C10-30 Alkyl Acrylate Crosspolymer, Disodium EDTA, Methylparaben, Phenoxyethanol, Propylparaben",en:netherlands,400ml,https://world.openbeautyfacts.org/product/8712561480369,https://images.openbeautyfacts.org/images/products/871/256/148/0369/front_nl.22.400.jpg,open_beauty_facts
0305210238596,Vaseline,Intensive Care Advanced Repair,"water, glycerin, stearic acid, isopropyl palmitate, glycol stearate, peg-100 stearate, dimethicone, mineral oil, glycerin stearate, petrolatum, cetyl alcohol, phenoxyethanol, methylparaben, acrylates/c10-30 alkyl acrylate crosspolymer, triethanolamine, parfum, disodium edta, stearamide amp, isopropyl myristate, helianthus annuus, sunflower seed oil, cedrol, butyrospermum parkii butter, dipropylene glycol, linalool",en:united-states,,https://world.openbeautyfacts.org/product/0305210238596,https://images.openbeautyfacts.org/images/products/030/521/023/8596/front_en.20.400.jpg,open_beauty_facts
8712561478762,Vaseline,Vaseline Intensive Care Advanced Repair Bodylotion,"Aqua, Glycerin, Stearic Acid, Isopropyl Palmitate, Glycol Stearate, PEG-100 Stearate, Dimethicone, Paraffinum Liquidum, Glyceryl Stearate, Petrolatum, Cetyl Alcohol, Phenoxyethanol, Methylparaben, Acrylates/C10-30 Alkyl Acrylate Crosspolymer, Disodium EDTA, Parfum, Stearamide AMP, Propylparaben, Sodium Hydroxide, Magnesium Aluminum Silicate, Xanthan Gum, Benzyl Alcohol, Coumarin, Linalool, Hexyl Cinnamal, Citronellol, Butylphenyl Methylpropional, Alpha-Isomethyl Ionone, Geraniol, Hydroxyisohexyl 3-Cyclohexene Carboxaldehyde, CI 77891",en:netherlands,200ml,https://world.openbeautyfacts.org/product/8712561478762,https://images.openbeautyfacts.org/images/products/871/256/147/8762/front_en.9.400.jpg,open_beauty_facts
8851932285438,Vaseline,Vaseline Intensive Care Body Lotion Deep Restore 225mL,"Water,Glycerin,Stearic Acid,Isopropyl Myristate,Mineral Oil,Glyceryl Stearate,Glycol Stearate,Dimethicone,PEG-100 Stearate,Petrolatum,Cetyl Alcohol,Magnesium Aluminum Silicate,Tapioca Starch,Acrylates/C10-30 Alkyl Acrylate Crosspolymer,Fragrance,Xanthan Gum,Stearamide AMP,Disodium EDTA,Helianthus Annuus (Sunflower) Seed Oil,Avena Sativa (Oat) Straw Extract,Propylene Glycol,Lactic Acid,Phenoxyethanol,Methylparaben,Propylparaben,Titanium Dioxide,Quartz.",en:australia,225 mL,https://world.openbeautyfacts.org/product/8851932285438,,open_beauty_facts
8851932486514,Vaseline,Vaseline Dry Skin Rescue Body Lotion 225mL,"Water, Glycerin, Stearic Acid, Isopropyl Palmitate, Glycol Stearate, PEG-100 Stearate, Dimethicone, Mineral Oil, Hydroxystearic Acid, Petrolatum, Stearamide AMP, Glyceryl Stearate, Palmitic Acid, Cetyl Alcohol, Acrylates/C10-30 Alkyl Acrylate Crosspolymer, Tocopherol, Arachidic Acid, Triethanolamine, Disodium EDTA, Phenoxyethanol, Methylparaben, Propylparaben.",en:australia;en:germany,225 mL,https://world.openbeautyfacts.org/product/8851932486514,,open_beauty_facts
9300830099252,Vaseline,Vaseline Gluta-Hya Body Lotion Overnight Renewal 200mL,"Water, Dimethicone, Glycerin, Isohexadecane, Niacinamide, Glutathione, Sodium Hyaluronate, Hydrolysed Sodium Hyaluronate, Sodium Hyaluronate Crosspolymer, Sodium Acetylated Hyaluronate, Acetyl Hexapeptide-8, Hydrolysed Collagen, Albizia Julibrissin (Persian Silk Tree) Bark Extract, Glycine, Cystine, Sodium PCA, Tocopherol, Petrolatum, Carbomer, Acrylates/C10-30 Alkyl Acrylate Crosspolymer, Pentylene Glycol, Ethylhexylglycerin, Disodium EDTA, Phenoxyethanol, Methylparaben, Sodium Benzoate, BHT, Caprylyl Glycol, Fragrance, Titanium Dioxide.",en:australia,200 mL,https://world.openbeautyfacts.org/product/9300830099252,,open_beauty_facts
9300830099221,Vaseline,Vaseline Gluta-Hya Serum Burst Lotion Perfectly Smooth 200mL,"Water, Dimethicone, Niacinamide, Isohexadecane, Glycerin, Glutathione, Sodium Hyaluronate, Sodium Hyaluronate Crosspolymer, Sodium Acetylated Hyaluronate, Hydrolysed Sodium Hyaluronate, Glycolic Acid, Salicylic Acid, Lactic Acid, Gluconolactone, Glycine, Cystine, Sodium PCA, Tocopherol, Propylene Glycol, Petrolatum, Carbomer, Acrylates/C10-30 Alkyl Acrylate Crosspolymer, Pentylene Glycol, Ethylhexylglycerin, Disodium EDTA, Phenoxyethanol, Methylparaben, BHT, Fragrance, Titanium Dioxide.",en:australia,200 mL,https://world.openbeautyfacts.org/product/9300830099221,,open_beauty_facts
9300830092130,Vaseline,Vaseline Gluta-Hya Body Lotion Pro-Age Restore 200mL,"Water, Dimethicone, Glycerin, Isohexadecane, Niacinamide, Glutathione, Sodium Hyaluronate, Hydrolysed Collagen, Glycine, Cystine, Sodium PCA, Tocopherol, Petrolatum, Carbomer, Acrylates/C10-30 Alkyl Acrylate Crosspolymer, Disodium EDTA, Phenoxyethanol, Methylparaben, Fragrance, Titanium Dioxide.",en:australia,200 mL,https://world.openbeautyfacts.org/product/9300830092130,,open_beauty_facts
9300830092123,Vaseline,Vaseline Gluta-Hya Body Lotion Flawless Glow 200mL,"Water, Ethylhexyl Methoxycinnamate, Niacinamide, Glycerin, Glutathione, Sodium Hyaluronate, Retinyl Palmitate, Glycine, Cystine, Sodium PCA, Butyl Methoxydibenzoylmethane, Helianthus Annuus (Sunflower) Seed Oil, Tocopherol, Dimethicone, Cyclopentasiloxane, Acrylates/C10-30 Alkyl Acrylate Crosspolymer, Styrene/Acrylates Copolymer, Petrolatum, Coco-Glucoside, Disodium EDTA, Citric Acid, Benzoic Acid, Phenoxyethanol, Methylparaben, Propylparaben, Fragrance.",en:australia,200 mL,https://world.openbeautyfacts.org/product/9300830092123,,open_beauty_facts
9300830092116,Vaseline,Vaseline Gluta-Hya Body Lotion Dewy Radiance 200ml,"Water, Dimethicone, Isohexadecane, Niacinamide, Glycerin, Glutathione, Sodium Hyaluronate, Glycine, Cystine, Sodium PCA, Tocopherol, Carbomer, Acrylates/C10-30 Alkyl Acrylate Crosspolymer, Petrolatum, Disodium EDTA, Phenoxyethanol, Methylparaben, Fragrance, Titanium Dioxide.",en:australia,200 mL,https://world.openbeautyfacts.org/product/9300830092116,,open_beauty_facts
8886304605071,Vaseline,Vaseline Gluta-Hya Tinted Serum Lip Gloss Cherry Crush 10mL,"Polybutene, Hydrogenated Polyisobutene, Diisostearyl Malate, Hydrogenated Poly(C6-14 Olefin), Trimethylolpropane
Triisostearate, Phytosteryl/Isostearyl/Cetyl/Stearyl/Behenyl Dimer Dilinoleate, Polyglyceryl-2 Triisostearate, Bis-Ethylhexyloxyphenol
Methoxyphenyl Triazine, Octocrylene, Microcrystalline Wax, Ceresin, Diethylamino Hydroxybenzoyl Hexyl Benzoate, Ethylene/Propylene/Styrene
Copolymer, Petrolatum, Ethylhexyl Palmitate, Butyrospermum Parkii (Shea) Butter, Parfum, Bisabolol, Tribehenin, BHT, Butylene/Ethylene/Styrene
Copolymer, Sorbitan Isostearate, Lysine Carboxymethyl Cysteinate, Palmitoyl Tripeptide-1, Aqua, Glutathione, Pentylene Glycol, Sodium Acetylated
Hyaluronate, Sodium Hyaluronate, Sodium Hyaluronate Crosspolymer, Hydrolyzed Sodium Hyaluronate, Ethylhexylglycerin, Benzyl Benzoate,
Vanillin, CI 15850, CI 77891, CI 77491, CI 15985, CI 19140, CI 42090.",en:australia,10 mL,https://world.openbeautyfacts.org/product/8886304605071,,open_beauty_facts
8886304605064,Vaseline,Vaseline Gluta-Hya Tinted Serum Lip Gloss Juicy Peach 10mL,"Polybutene, Hydrogenated Polyisobutene, Diisostearyl Malate, Hydrogenated Poly(C6-14 Olefin), Trimethylolpropane
Triisostearate, Phytosteryl/Isostearyl/Cetyl/Stearyl/Behenyl Dimer Dilinoleate, Bis-Ethylhexyloxyphenol Methoxyphenyl Triazine, Octocrylene,
Microcrystalline Wax, Polyglyceryl-2 Triisostearate, Ceresin, Diethylamino Hydroxybenzoyl Hexyl Benzoate, Ethylene/Propylene/Styrene Copolymer,
Petrolatum, Ethylhexyl Palmitate, Butyrospermum Parkii (Shea) Butter, Parfum, Bisabolol, Tribehenin, BHT, Butylene/Ethylene/Styrene Copolymer,
Sorbitan Isostearate, Palmitoyl Tripeptide-1, Lysine Carboxymethyl Cysteinate, Aqua, Glutathione, Pentylene Glycol, Sodium Acetylated Hyaluronate,
Sodium Hyaluronate, Sodium Hyaluronate Crosspolymer, Hydrolyzed Sodium Hyaluronate, Ethylhexylglycerin, Benzyl Benzoate, Vanillin, CI 77891, CI
19140, CI 77491, CI 15850, CI 77492, CI 15985, CI 42090.",en:australia,10 mL,https://world.openbeautyfacts.org/product/8886304605064,,open_beauty_facts
8886304605057,Vaseline,Vaseline Gluta-Hya Tinted Serum Lip Gloss Rosy Pink 10mL,"Polybutene, Diisostearyl Malate, Hydrogenated Polyisobutene, Hydrogenated Poly(C6-14 Olefin), Trimethylolpropane
Triisostearate, Phytosteryl/Isostearyl/Cetyl/Stearyl/Behenyl Dimer Dilinoleate, Bis-Ethylhexyloxyphenol Methoxyphenyl Triazine, Octocrylene,
Polyglyceryl-2 Triisostearate, Microcrystalline Wax, Ceresin, Diethylamino Hydroxybenzoyl Hexyl Benzoate, Ethylene/Propylene/Styrene Copolymer,
Petrolatum, Ethylhexyl Palmitate, Butyrospermum Parkii (Shea) Butter, Parfum, Bisabolol, Tribehenin, BHT, Butylene/Ethylene/Styrene Copolymer,
Sorbitan Isostearate, Palmitoyl Tripeptide-1, Lysine Carboxymethyl Cysteinate, Aqua, Glutathione, Pentylene Glycol, Sodium Acetylated Hyaluronate,
Sodium Hyaluronate, Sodium Hyaluronate Crosspolymer, Hydrolyzed Sodium Hyaluronate, Ethylhexylglycerin, Benzyl Benzoate, Vanillin, CI 77891, CI
77492, CI 77491, CI 19140, CI 15850, CI 42090.",en:australia,10 mL,https://world.openbeautyfacts.org/product/8886304605057,,open_beauty_facts
8851932492386,Vaseline,Vaseline Intensive Care Body Lotion Ceramide Glow 750mL,"Water, Stearic Acid, Isopropyl Palmitate, Glyceryl Stearate, Mineral Oil, Ethylhexyl Methoxycinnamate, Glycerin, Niacinamide, Butyl Methoxydibenzoylmethane, Titanium Dioxide, Sodium Ascorbyl Phosphate, Tocopheryl Acetate, Cystine, Glycine, Sodium PCA, Ceramide NP, Ceramide AP, Ceramide EOP, Petrolatum, Glutathione, Dimethicone, Carbomer, Cetyl Alcohol, Perfume, Triethanolamine, Potassium Hydroxide, Aluminum Hydroxide, BHT, Disodium EDTA, Phenoxyethanol, Methylparaben, Propylparaben, Tocopherol, Potassium Carbonate, Sodium Lauroyl Lactylate, Phytosphingosine, Potassium Chloride, Cholesterol, Xanthan Gum, Ethylhexylglycerin, CI 77489.",en:australia,750 mL,https://world.openbeautyfacts.org/product/8851932492386,,open_beauty_facts
8851932492362,Vaseline,Vaseline Intensive Care Body Lotion Ceramide Glow 225mL,"Water, Stearic Acid, Isopropyl Palmitate, Glyceryl Stearate, Mineral Oil, Ethylhexyl Methoxycinnamate, Glycerin, Niacinamide, Butyl Methoxydibenzoylmethane, Titanium Dioxide, Sodium Ascorbyl Phosphate, Tocopheryl Acetate, Cystine, Glycine, Sodium PCA, Ceramide NP, Ceramide AP, Ceramide EOP, Petrolatum, Glutathione, Dimethicone, Carbomer, Cetyl Alcohol, Perfume, Triethanolamine, Potassium Hydroxide, Aluminum Hydroxide, BHT, Disodium EDTA, Phenoxyethanol, Methylparaben, Propylparaben, Tocopherol, Potassium Carbonate, Sodium Lauroyl Lactylate, Phytosphingosine, Potassium Chloride, Cholesterol, Xanthan Gum, Ethylhexylglycerin, CI 77489.",en:australia,225 mL,https://world.openbeautyfacts.org/product/8851932492362,,open_beauty_facts
8851932486521,Vaseline,Vaseline Expert Body Lotion Dry Skin Rescue 750mL,"Water, Glycerin, Stearic Acid, Isopropyl Palmitate, Glycol Stearate, PEG-100 Stearate, Dimethicone, Mineral Oil, Hydroxystearic Acid, Petrolatum, Stearamide AMP, Glyceryl Stearate, Palmitic Acid, Cetyl Alcohol, Acrylates/C10-30 Alkyl Acrylate Crosspolymer, Tocopherol, Arachidic Acid, Triethanolamine, Disodium EDTA, Phenoxvethanol, Methylparaben, Propylparaben.",en:australia,750 mL,https://world.openbeautyfacts.org/product/8851932486521,,open_beauty_facts
8851932285513,Vaseline,Vaseline Intensive Care Body Lotion Cocoa Glow 225mL,"Water, Petrolatum, Glycerin, Stearic Acid, Isopropyl Palmitate, Glycol Stearate, Dimethicone, Triethanolamine, Glyceryl Stearate, Butyrospermum Parkii (Shea) Butter, Theobroma Cacao (Cocoa) Seed Butter, Cetyl Alcohol, Fragrance, Magnesium Aluminum Silicate, Carbomer, Disodium EDTA, Stearamide AMP, Helianthus Annuus (Sunflower) Seed Oil, Phenoxyethanol, Methylparaben, Propylparaben, Titanium Dioxide, Quartz, Caramel.",en:australia,225 mL,https://world.openbeautyfacts.org/product/8851932285513,,open_beauty_facts
8851932285476,Vaseline,Vaseline Intensive Care Body Lotion Aloe Smooth 225mL,"Water, Glycerin, Stearic Acid, Glycol Stearate, Isopropyl Palmitate, Petrolatum, Triethanolamine, Glyceryl Stearate, Cetyl Alcohol, Dimethicone, Tapioca Starch, Carbomer, Fragrance, Titanium Dioxide, Disodium EDTA, Stearamide AMP, Helianthus Annuus (Sunflower) Seed Oil, Aloe Barbadensis Leaf Juice Powder, Lactic Acid, Potassium Sorbate, Phenoxyethanol, Methylparaben, Propylparaben.",en:australia,225 mL,https://world.openbeautyfacts.org/product/8851932285476,https://images.openbeautyfacts.org/images/products/885/193/228/5476/front_en.3.400.jpg,open_beauty_facts
0305210134423,Vaseline,Intensive Care Cocoa Radiant 48H Moisture/ Hydration Lotion,"/INGREDIENS: VALE LAU GENERA AMERO LATUM, SIEARIC ACID, DIME HICONE, BUTYLENE GLYCOE GLYCOL SABAKALE PEG-100 STEARATE ISOPROPYL MYRISTAIL, HELIANTHUS ZINNUUS SUNFLOWER SEED OIL, COCOS NUCIFERA (COCONUT) OIL, GLYCERYL STEARATE THEOBROMA CACAO COCOA) SEED BUTTER, PHENOXYETHANOL CETYL ALEOHOL MAGNESIUM ALUMINUM SILICATE, FRAGRANCE (PARFUM), METHYLPARABEN, HYDROXYEIHY CELLULOSE, XANTHAN GUM, PROPYLPARABEN, DISODIUM EDTA, STEARAMIDE AMP COUMARIN, GERANIOL, HEXYL CINNAMAL, HYDROXYCITRONELLAL, LIMONENC, LINALOOL, CARAMEL",en:senegal;en:united-states,,https://world.openbeautyfacts.org/product/0305210134423,https://images.openbeautyfacts.org/images/products/030/521/013/4423/front_en.10.400.jpg,open_beauty_facts
8901030978449,Vaseline,Vaseline deep moisture,"WATER, MINERAL OIL, GLYCERIN, CETEARYL ALCOHOL, PETROLATUM, AVENA SATIVA (OAT) STRAW EXTRACT, SODIUM CETEARYL SULFATE, GLYCERYL STEARATE, PARAFFIN, DIMETHICONE, MICROCRYSTALLINE WAX, SODIUM CARBOXY METHYL CELLULOSE, METHYL PARABEN, PHENOXYETHANOL, PROPYL PARABEN, SIMETHICONE, DISODIUM EDTA, GLYCINE SOJA (SOYABEAN) OIL, BHT, PERFUME, BENZYL SALICYLATE, CITRONELLOL, HEXYL CINNAMAL, LIMONENE, LINALOOL, AMYL CINNAMAL.",en:india,90 ml,https://world.openbeautyfacts.org/product/8901030978449,https://images.openbeautyfacts.org/images/products/890/103/097/8449/front_en.11.400.jpg,open_beauty_facts
9310051388011,Vaseline,Intensive Care Non-greasy Lotion,"Water, Mineral Oil, Dimethicone, Glycol Stearate, Glycerin, Stearic Acid, Palmitic Acid, Triethanolamine, Cyclopentasiloxane, Petrolatum, Glyceryl Stearate, Magnesium Aluminum Silicate, Carbomer, Fragrance, Stearamide AMP, Myristic Acid, Disodium EDTA, Tocopheryl Acetate, Methylparaben, Phenoxyethanol, Propylparaben, Citric Acid",en:australia,,https://world.openbeautyfacts.org/product/9310051388011,https://images.openbeautyfacts.org/images/products/931/005/138/8011/front_en.8.400.jpg,open_beauty_facts
0305210158863,Vaseline,Intensive Care Nourishing Moisture,"WATER (EAU), GLYCERIN, STEARIC ACID, ISOPROPYL MYRISTATE, MINERAL OIL (HUILE MINERALE), GLYCERYL STEARATE, GLYCOL STEARATE, DIMETHICONE, PEG-100 STEARATE, PETROLATUM, CETYL ALCOHOL, TAPIOCA STARCH, PHENOXYETHANOL, MAGNESIUM ALUMINUM SILICATE, METHYLPARABEN, ACRYLATES/C10-30 ALKYL ACRYLATE CROSSPOLYMER, FRAGRANCE (PARFUM) PROPYLPARABEN, DISODIUM EDTA, XANTHAN GUM, STEARAMIDE AMP, HELIANTHUS ANNUUS (SUNFLOWER) SEED OIL, AVENA SATIVA (OAT) STRAW EXTRACT, ALPHA-ISOMETHYL IONONE, AMYL CINNAMAL, BENZYL ALCOHOL, CINNAMYL ALCOHOL, CITRONELLOL, COUMARIN, GERANIOL, HEXYL CINNAMAL, LIMONENE, LINALOOL. COSMETIC PRODUCT FOR MOISTURIZATION UNILEVER, TRUMBULL, CT 06611 VASELINE IS A UNILEVER TRADEMARK smartlabel&quot;app enabled &quot;05210 15886 3 QUESTIONS & COMMENTS? Call 1-800-457-7084 www.vaseline.com 69559308 PLASTIC TUBE how2recycle.into 3 Unilev",en:united-states,2oz 60ml,https://world.openbeautyfacts.org/product/0305210158863,https://images.openbeautyfacts.org/images/products/030/521/015/8863/front_en.14.400.jpg,open_beauty_facts
4792081019762,Vaseline,vaseline body lotion,"WATER, GLYCERIN, PALMITIC ACID (AND) STEARIC ACID, GLYCOL STEARATE (AND) STEARAMIDE AMP, ISOPROPYL PALMITATE, PETROLATUM, TRIETHANOLAMINE, GLYCERYL STEARATE, ALOE BARBADENSIS LEAF JUICE, MENTHOL, CETYL ALCOHOL, DIMETHICONE, TITANIUM DIOXIDE, CARBOMER, TAPIOCA STARCH, PHENOXYETHANOL, METHYLPARABEN, PROPYLPARABEN, DISODIUM EDTA, PERFUME, BENZYL ALCOHOL, GERANIOL, HEXYL CINNAMAL, LINALOOL. USE TWICE A DAY FOR BEST RESULTS. WITHIN EPIDERMIS.",en:sri-lanka,100 ml,https://world.openbeautyfacts.org/product/4792081019762,https://images.openbeautyfacts.org/images/products/479/208/101/9762/front_en.3.400.jpg,open_beauty_facts
0381370036029,Aveeno,aveeno body lotion,"Dimethicone 1.2%, Water, Glycerin, Distearyldimonium Chloride, Petrolatum, Isopropyl Palmitate, Cetyl Alcohol, Avena Sativa (Oat) Kernel Flour, Benzyl Alcohol, Sodium Chloride",en:united-states,71g,https://world.openbeautyfacts.org/product/0381370036029,https://images.openbeautyfacts.org/images/products/038/137/003/6029/front_en.13.400.jpg,open_beauty_facts
0381371191949,Aveeno,Baby Cleansing Therapy Moisturizing Wash,"Water, Glycerin, Cocamidopropyl Betaine, Sodium Lauroamphoacetate, Coco-Glucoside, Avena Sativa (Oat) Kernel Flour, Sodium Chloride, Hydroxypropyl Starch Phosphate, Acrylates/C10-30 Alkyl Acrylate Crosspolymer, Citric Acid, Caprylic/Capric Triglyceride, Sodium Benzoate, Glyceryl Oleate, Guar Hydroxypropyltrimonium Chloride, Glycol Distearate, Sodium Hydroxide, Glyceryl Stearate, Panthenol, Ceramide NP, Avena Sativa (Oat) Kernel Extract",en:united-states,,https://world.openbeautyfacts.org/product/0381371191949,https://images.openbeautyfacts.org/images/products/038/137/119/1949/front_en.3.400.jpg,open_beauty_facts
0381371151035,Aveeno,Body Lotion,"Water, Glycerin, Distearyldimonium Chloride, Petrolatum, Isopropyl Palmitate, Cetyl Alcohol, Avena Sativa (Oat) Kernel Flour, Benzyl Alcohol, Sodium Chloride",en:united-states,,https://world.openbeautyfacts.org/product/0381371151035,https://images.openbeautyfacts.org/images/products/038/137/115/1035/front_en.23.400.jpg,open_beauty_facts
0381370012979,Aveeno,Daily moisturizing body wash,"water, glycerin, cocamidopropyl betaine, sodium laureth sulfate, avena sativa (oat) kernel flour, citric acid, sodium chloride, sodium benzoate, guar hydroxypropyltrimonium chloride, fragrance, glycol distearate, polyquaternium-10, tetrasodium edta, myristyl alcohol, avena sativa (oat) kernel oil, avena sativa (oat) kernel extract, sodium hydroxide ouestiouo",en:united-states,,https://world.openbeautyfacts.org/product/0381370012979,https://images.openbeautyfacts.org/images/products/038/137/001/2979/front_en.14.400.jpg,open_beauty_facts
0381371196944,Aveeno,Daily Moisturing Face Cream,"Water, Glycerin, Dicaprylyl Ether, Stearic Acid, Caprylic/Capric Triglyceride, Cetyl Alcohol, Avena Sativa (Oat) Kernel Flour, Cetearyl Alcohol, Dimethicone, Phenoxyethanol, Carbomer, Caprylyl Glycol, Ceteareth-20, Sodium Hydroxide, Sodium Citrate, Citric Acid",en:united-states,5oz,https://world.openbeautyfacts.org/product/0381371196944,https://images.openbeautyfacts.org/images/products/038/137/119/6944/front_en.5.400.jpg,open_beauty_facts
0381371192915,Aveeno,Stress relief moisturizing lotion,"water, glycerin, distearyldimonium chloride, petrolatum, sopropyl palmitate, cetyl alcohol, dimethicone, avena satia cal) kernel flour, benzyl alcohol, fragrance, sodium chloride",en:united-states,,https://world.openbeautyfacts.org/product/0381371192915,https://images.openbeautyfacts.org/images/products/038/137/119/2915/front_en.8.400.jpg,open_beauty_facts
76898525,Aveeno,Aveeno Baby Eczema Therapy Nighttime Balm,"Glycerin, Water, Cetearyl Alcohol, Isocetyl Alcohol, Dimethicone, Cetyl Alcohol, Benzyl Alcohol, Ethylhexylglycerin, Sodium Cetearyl Sulfate, Benzoic Acid, Stearic Acid, Dipotassium Phosphate, Potassium Phosphate, p-Anisic Acid, Caprylic/Capric Triglyceride, Sodium Hydroxide, Avena Sativa (Oat) Kernel Oil, Ceramide NP, Citric Acid, Avena Sativa (Oat) Kernel Extract",en:united-states,11 oz,https://world.openbeautyfacts.org/product/76898525,https://images.openbeautyfacts.org/images/products/000/007/689/8525/front_en.3.400.jpg,open_beauty_facts
0381370042297,Aveeno,Aveeno Baby Daily Moisture Lotion,"Water, Glycerin, Distearyldimonium Chloride, Petrolatum, Isopropyl Palmitate, Cetyl Alcohol, Dimethicone, Avena Sativa (Oat) Kernel Flour, Benzyl Alcohol, Sodium Chloride, Allantoin",en:united-states,,https://world.openbeautyfacts.org/product/0381370042297,https://images.openbeautyfacts.org/images/products/038/137/004/2297/front_en.6.400.jpg,open_beauty_facts
0381371187607,Aveeno,Baby Eczema Therapy Nighttime Balm,"Glycerin, Water, Cetearyl Alcohol, Isocetyl Alcohol, Dimethicone, Cetyl Alcohol, Benzyl Alcohol, Ethylhexylglycerin, Sodium Cetearyl Sulfate, Benzoic Acid, Stearic Acid, Dipotassium Phosphate, Potassium Phosphate, p-Anisic Acid, Caprylic/Capric Triglyceride, Sodium Hydroxide, Avena Sativa (Oat) Kernel Oil, Ceramide NP, Citric Acid, Avena Sativa (Oat) Kernel Extract",en:united-states,,https://world.openbeautyfacts.org/product/0381371187607,https://images.openbeautyfacts.org/images/products/038/137/118/7607/front_en.3.400.jpg,open_beauty_facts
0381370036456,Aveeno,Baby Calming Comfort Lotion,"Water, Glycerin, Distearyldimonium Chloride, Petrolatum, Isopropyl Palmitate, Cetyl Alcohol, Dimethicone, Avena Sativa (Oat) Kernel Flour, Benzyl Alcohol, Fragrance, Sodium Chloride",en:united-states,8 oz,https://world.openbeautyfacts.org/product/0381370036456,https://images.openbeautyfacts.org/images/products/038/137/003/6456/front_en.3.400.jpg,open_beauty_facts
77275271,Aveeno,Continuous Protection Sensitive Skin Zinc Oxide Sunscreen SPF 50,"Water, C12-15 Alkyl Benzoate, Styrene/Acrylates Copolymer, Octyldodecyl Citrate Crosspolymer, Phenyl Trimethicone, Cetyl PEG/PPG-10/1 Dimethicone, Dimethicone, Polyhydroxystearic Acid, Glycerin, Ethyl Methicone, Silica, Cetyl Dimethicone, Triethoxycaprylylsilane, Phenoxyethanol, Glyceryl Behenate, Sodium Chloride, Acrylates/Dimethicone Copolymer, Chlorphenesin, Phenethyl Alcohol, Avena Sativa (Oat) Kemel Four, Caprylyl Glycol, Cetyl Dimethicone/Bis-Vinyldimethicore Crosspolymer, Chrysanthemum Parthenium (Feverfew)",en:united-states,,https://world.openbeautyfacts.org/product/77275271,https://images.openbeautyfacts.org/images/products/000/007/727/5271/front_en.3.400.jpg,open_beauty_facts
0381371156658,Aveeno,Eczema Therapy Daily Moisturizing Cream,"Learn Drug Facts Active ingredient Purpose Colloidal Oatmeal (1%), Skin Protectant Uses Temporarily protects and helps relieve minor skin imitation and itching due to • rashes • eczema Warnings For external use only When using this product • do not get into eyes Stop use and ask a doctor if • condition worsens • symptoms last more than 7 days or clear up and occur again within a few days Keep out of reach of children If swallowed, 00 65 efforts at Avenocom Drug Facts (continued) get medical nelp or contact a Poison Control Center night away Directions • apply as needed Other information • for use on mild to moderate eczema or as directed by a physician • store at room temperature Inactive  Water, Glycerin, Panthenol, Distearyldimonium Chloride, Petrolatum, Isopropyl Palmitate, Cetyl Alcohol, Dimethicone, Avena Sativa (Oat) Kernel Oil, Sleareth-20, Benzalkonium Chloride, Ceramide NP, Sodium Chloride, Avena Sativa (Oat) Kernel Extract Questions? 866-428-3366",en:united-states,,https://world.openbeautyfacts.org/product/0381371156658,https://images.openbeautyfacts.org/images/products/038/137/115/6658/front_en.3.400.jpg,open_beauty_facts
0381371172405,Aveeno,Daily Moisturizing Body Wash,"Water, Glycerin, Cocamidopropyl Betaine, PEG-80 Sorbitan Laurate, Sodium, Cocoyl Isethionate, Avena Sativa (Oat) Kernel Flour, Acrylates/C10-30 Alkyl Acrylate, Crosspolymer, Fragrance, Caprylyl Glycol, Sodium Benzoate, Potassium Sorbate, Sodium Hydroxide, Citric Acid",en:united-states,33fl oz,https://world.openbeautyfacts.org/product/0381371172405,https://images.openbeautyfacts.org/images/products/038/137/117/2405/front_en.9.400.jpg,open_beauty_facts
0381371151059,Aveeno,Eczema Therapy Daily Moisturizing Cream,"Water, Glycerin, Panthenol, Distearyldimonium Chloride, Petrolatum, Isopropyl Palmitate, Cetyl Alcohol, Dimethicone, Avena Sativa (Oat) Kernel Oil, Steareth-20, Benzalkonium Chloride Ceramide NP, Sodium Chloride, Avena Sativa (Oat) Kernel Extract Questions? 866-428-3366 Outside US, dial collect 215-273-8755 www.aveeno.com JOHNSON INC. PLASTIC TUBE how2recycle.Info Aveenos DERMATOLOGIST RECOMMENDED FOR OVER 70 YEARS",en:united-states,5oz 141g,https://world.openbeautyfacts.org/product/0381371151059,https://images.openbeautyfacts.org/images/products/038/137/115/1059/front_en.3.400.jpg,open_beauty_facts
3574661411545,Aveeno,Aveeno Dermexa Daily Emollient Cream,"Aqua, Glycerin, Panthenol, Distearyldimonium Chloride, Petrolatum, Isopropyl Palmitate, Cetyl Alcohol, Dimethicone, Avena Sativa Kernel (Oat) Flour, Avena Sativa Kernel (Oat) Extract, Avena Sativa Kernel (Oat) Oil, Ceramide 3 Steareth-20, Sodium Chloride, Citric Acid, Tocopherol, Potassium Sorbate, Benzalkonium Chloride",en:india,200 ml,https://world.openbeautyfacts.org/product/3574661411545,https://images.openbeautyfacts.org/images/products/357/466/141/1545/front_en.4.400.jpg,open_beauty_facts
0062600650870,Aveeno,Aveeno Daily Moisturizing Cream,"Water (eau), Glycerin, Isopropyl Myristate, Cetyl Alcohol, Carbomer, Butyrospermum Parkii (Shea) Butter, Avena Sativa (Oat) Kernel Flour, Potassium Cetyl Phosphate, Caprylyl Glycol, Sodium Hydroxide, p-Anisic Acid, Ethylhexylglycerin",en:canada,425 g,https://world.openbeautyfacts.org/product/0062600650870,https://images.openbeautyfacts.org/images/products/006/260/065/0870/front_en.4.400.jpg,open_beauty_facts
0062600500496,"Johnson & Johnson, Aveeno",Baby Daily Lotion,"Water (eau), Glycerin, Distearyldimonium Chloride, Petrolatum, Isopropyl Palmitate, Cetyl Alcohol, Dimethicone, Avena Sativa (Oat) Kernel Flour, Benzyl Alcohol, Sodium Chloride, Allantoin.",en:canada,227 mL,https://world.openbeautyfacts.org/product/0062600500496,https://images.openbeautyfacts.org/images/products/006/260/050/0496/front_en.7.400.jpg,open_beauty_facts
0381370015840,Aveeno,Aveeno Positively Radiant Sheer Daily Moisturizer SPF 30,"Água, Álcool desnaturado, Óxido de zinco, Glicerina, Dimeticona, Ácido esteárico, Álcool cetoestearílico, Fenoxietanol, Metilparabeno, Etilparabeno, Propilparabeno, Butilparabeno, Fragância, Extrato de aveia.",en:brazil,120 ml,https://world.openbeautyfacts.org/product/0381370015840,,open_beauty_facts
0381370039211,Aveeno,Creamy oil moisturizer,"Water, Sesamum Indicum (Sesame) Seed Oil, Di-PPG-3 Myristyl Ether Adipate, Hydrogenated Polydecene, Dimethicone, Glycerin, Cetyl Alcohol, PEG-100 Stearate, Magnesium Aluminum Silicate, Xanthan Gum, Diazolidinyl Urea, Acrylates/C10-30 Alkyl Acrylate Crosspolymer, Avena Sativa (Oat) Kernel Flour, Methylparaben, Lauroyl Lysine, Fragrance, Ethylparaben, Sodium Hydroxide, Propylparaben, BHT, Tetrasodium EDTA, Avena Sativa (Oat) Kernel Oil, Prunus Amygdalus Dulcis (Sweet Almond) Oil, Citric Acid, Titanium Dioxide.",en:united-states,,https://world.openbeautyfacts.org/product/0381370039211,https://images.openbeautyfacts.org/images/products/038/137/003/9211/front_en.5.400.jpg,open_beauty_facts
0062600063731,Aveeno,Aveeno clear completion cream cleanser,"Water, Cetyl Alcohol, PPG-15 Stearyl Ether, Salicylic Acid, Polysorbate 60, Steareth-21, Potassium Cetyl Phosphate, Xanthan Gum, Parfum, Menthyl Lactate, Glycine Soja (Soybean) Seed Extract.",,141 g,https://world.openbeautyfacts.org/product/0062600063731,https://images.openbeautyfacts.org/images/products/006/260/006/3731/front_en.4.400.jpg,open_beauty_facts
3574660325492,Aveeno,Skin Relief moisturising lotion,"Aqua, Glycerin, Distearyldimonium Chloride, Petrolatum, Isopropyl Palmitate, Cetyl Alcohol, Dimethicone, Avena Sativa Kernel (Oat) Flour, Avena Sativa Kernel (Oat) Oil, Avena Sativa Kernel (0at) Extract, Butyrospermum Parkii Butter, Sleareth-20, Sodium Chloride, BHT, Potassium Sorbate, Benzyl Alcohol [PR-001331]",en:united-kingdom,200 ml,https://world.openbeautyfacts.org/product/3574660325492,https://images.openbeautyfacts.org/images/products/357/466/032/5492/front_en.7.400.jpg,open_beauty_facts
0880917938852,Aveeno,Positively Radiant Brightening Facial Cleanser,"Water, Cocamidopropyl Betaine, Sodium Laureth Sulfate, Acrylates Copolymer, PEG-80 Sorbitan Laurate, Coco-glucoside, Di-PPG-2 Myreth-10 Adipate, Glyceryl Oleate, Glycerin, Fragrance, Dmdm Hydantoin, Soyamidopropyl Betaine, Lauryl Methyl Gluceth-10 Hydroxypropyldimonium Chloride, Methylparaben, Tetrasodium EDTA, Sodium Hydroxide, Polyquaternium-10, Butylene Glycol, Silica, PEG-16 Soy Sterol, Glycine Soja (soybean) Protein, Citric Acid, Mica, Titanium Dioxide.",en:united-states,,https://world.openbeautyfacts.org/product/0880917938852,https://images.openbeautyfacts.org/images/products/088/091/793/8852/front_en.3.400.jpg,open_beauty_facts
0062600061065,Aveeno,daily moisturizer with salicylic acid,"INGREDIENTS: Water (eau), C12-15 Alkyl Benzoate Cetearyl Alcohol, Dimethicone Methyl Gluceth-20, PPG-10 Cetyl Ether, Bis-Phenylpropyl Dimethicone, Arachidyl Alcohol, Behenyl Alcohol, Glycine Soja (Soybean) Seed Extract, Glycerin, Isoceteath-20, Polyacrylamide, Cetearyl Glucoside, Arachidyl Glucoside, C13-14 lsoparaffin, Ethylene/Acrylic Acid Copolymer, Salicylic Acid Parfum, Laureth-7, Disodium EDTA, BHT, Sodium Hydroxide, Citric Acid.",en:canada,120 ml,https://world.openbeautyfacts.org/product/0062600061065,https://images.openbeautyfacts.org/images/products/006/260/006/1065/front_en.6.400.jpg,open_beauty_facts
0062600061515,Aveeno,ultra-calming sensitive skin foaming cleanser,"INGREDIENTS: Water (eau), Glycerin, Cocamidopropyl Betaine, Decyl Glucoside, Citric Acid, PPG-2 Hydroxyethyl Cocamide, PEG-16 Soy Sterol, Polysorbate 20, Sodium Lauroamphoacetate, Disodium Lauroamphodiacetate, Phenoxyethanol, Butylene Glycol, Sodium Coco PG-Dimonium Chloride Phosphate, Sodium Chloride, Sodum Citrate, Tetrasodium EDTA Methylparaben, Xanthan Gum, Propy/paraben, Ethylparaben, Propylene Glycol, Chrysanthemum Parthenium (Feverfew) Extract, Sodium Cocoyl Amino Acids, Sarcosine, Polasim Aspartate, Magnesium Aspartale, Sodum Hydroxide",en:canada,177 ml,https://world.openbeautyfacts.org/product/0062600061515,https://images.openbeautyfacts.org/images/products/006/260/006/1515/front_en.6.400.jpg,open_beauty_facts
3499320015431,Cetaphil,Gentle Skin Cleanser,"AQUA, GLYCERIN, CETEARYL ALCOHOL, PANTHENOL, NIACINAMIDE, PANTOLACTONE, XANTHAN GUM, SODIUM COCOYL ISETHIONATE, SODIUM BENZOATE CITRIC ACID. FIL1747V00",en:australia;en:hong-kong;en:indonesia,236ml,https://world.openbeautyfacts.org/product/3499320015431,https://images.openbeautyfacts.org/images/products/349/932/001/5431/front_en.5.400.jpg,open_beauty_facts
3499320004473,Cetaphil,LOçãO HIDRATANTE FACIAL CETAPHIL PRO AC CONTROL PELE OLEOSA A ACNEICA 118ML,"ÁGUA, OCTOCRILENO, LAUROIL SARCOSINATO DE ISOPROPILA, OCTISSALATO, GLICERINA, DIMETICONA, AVOBENZONA, SEBACATO DE DIISOPROPILA, METACRILATO DE POLIMETILA, DIÓXIDO DE SILÍCIO, TRIESTEARATO DE SACAROSE, AMIDOCTENILSUCCINATO DE ALUMÍNIO, PENTILENOGLICOL, POLISSORBATO 60, ESTEAROIL GLUTAMATO DE SÓDIO, FENOXIETANOL, CAPRILIL GLICOL, ACETATO DE TOCOFERILA, ENOXOLONA, DIMETICONOL, PANTENOL, ALANTOÍNA, CARBÔMER, EDETATO DISSÓDICO, SORBATO DE POTÁSSIO, TROLAMINA, GOMA XANTANA, GLICONATO DE ZINCO, CERAMIDA NP, PANTOLACTONA, ÁCIDO CÍTRICO. FIL 1837",en:brazil,118 ml,https://world.openbeautyfacts.org/product/3499320004473,https://images.openbeautyfacts.org/images/products/349/932/000/4473/front_pt.4.400.jpg,open_beauty_facts
0772618078008,"Nestlé, Cetaphil, Galderma",Moisturizing Lotion,"Aqua, Glycerin, Isopropyl palmitate, Cetearyl alcohol, Ceteareth-20, Panthenol, niacinamide, Tocopheryl acetate, Dimethicone, Persea gratissima (avocado) oil, Helianthus annuus (sunflower) seed oil, Glyceryl stearate, Sodium benzoate, Benzyl alcohol, Citric acid, Pantolactone FIL.1745",en:canada,1 L,https://world.openbeautyfacts.org/product/0772618078008,https://images.openbeautyfacts.org/images/products/077/261/807/8008/front_en.15.400.jpg,open_beauty_facts
0302993927167,Cetaphil,Daily Facial Cleanser,"Water, cetyl alcohol, propylene glycol, sodium lauryl sulfate, stearyl alcohol, methylparaben, propylparaben, butylparaben.",en:united-states,,https://world.openbeautyfacts.org/product/0302993927167,https://images.openbeautyfacts.org/images/products/030/299/392/7167/front_en.5.400.jpg,open_beauty_facts
0302994140053,Cetaphil,Baby Eczema Soothing Lotion,"Drug Facts (continued) Keep out of reach of children. If swallowed, get medical help or contact a Poison Control Center rig away. Directio Apply as needed Inactive Ingredients Allantoin, Arginine, Behenyl Alcohol, Butyrospermum Parkii, (Shea) Butter, Caprylic/Capric, Triglyceride, Caprylyl Glycol, Ceramide NP, Ceteareth-20, Cetearyl Alcohol, Cetyl Alcohol, Citric Acid, Cyclopentasiloxane, Dimethiconol, Disodium EDTA, Disodium Ethylene, Dicocamide PEG-15, Disulfate, Glycerin, Glyceryl Stearate, Glyceryl Stearate Citrate, Helianthus Annuus, (Sunflower) Seed Oil, Niacinamide, Panthenol, Pentylene Glycol, Sodium Hyaluronate, Sodium PĆA, Sodium Polyacrylate, Sorbitol, Tocopheryl Acetate, Water Questions or comments? 1-866-735-4137 • GALDERMA cetaphil.com Made in Canada Fort Worth, TX 76177 Galderma Laboratories, L.P.",en:bermuda,147ml,https://world.openbeautyfacts.org/product/0302994140053,https://images.openbeautyfacts.org/images/products/030/299/414/0053/front_en.3.400.jpg,open_beauty_facts
8906005274342,Cetaphil,Cetaphil Moisturising Lotion,"GALPERAL Cetaphil® 
Avocado Oil 
Essential Vitamins E & B3
Pro vitamin B5",en:united-states,25 ML,https://world.openbeautyfacts.org/product/8906005274342,https://images.openbeautyfacts.org/images/products/890/600/527/4342/front_en.3.400.jpg,open_beauty_facts
3499320011877,Cetaphil,Cetaphil pro oil control,"AQUA, ZINC COCETH SULFATE GLYCERIN, PEG-75, AMYL CINNAMM BENZYL BENZOATE, CITRONELLOL GLYCYRRHIZATE, DISODIUM EDTA GERAGION HYDROXYCITRONELLAL, LINALOGL, PEG-7 GLYCERYL COCOATE, PEG-40 HYDROGENATED CASTOR OIL PEG-200 HYDROGENATED GLYCERYL PALMATE, SODIUM BENZOATE, ZINC GLUCONATE, PARFUM. F.J.L. 0524.V00.",en:india,236 ml,https://world.openbeautyfacts.org/product/3499320011877,https://images.openbeautyfacts.org/images/products/349/932/001/1877/front_en.4.400.jpg,open_beauty_facts
0885794676309,Cetaphil,Cetaphil Pro Oil Removing Foam Wash,"Water, Glycerin, Cocamidopropyl Betaine, Sodium Lauroyl Sarcosinate, Acrylates Copolymer, PEG-120 Methyl Glucose Dioleate, Polyquaternium-10, Phenoxyethanol, Disodium EDTA, Sodium Hydroxide, Caprylyl Glycol, Citric Acid, Sodium Benzoate, Simmondsia Chinensis (Jojoba) Seed Oil, Tocopheryl Acetate, Glycine Soja (Soybean) Oil, Butylene Glycol, Eucalyptus Globulus Leaf Oil, Menthol, Limonene, Linalool",en:brazil,236 ml,https://world.openbeautyfacts.org/product/0885794676309,,open_beauty_facts
0885229966425,Cetaphil,Cetaphil Pro Oil Absorbing Moisturizer SPF 30,"Active Ingredients: Avobenzone 3%, Homosalate 10%, Octisalate 5%, Octocrylene 2.7%, Oxybenzone 4%. Inactive Ingredients: Water, Dimethicone, Styrene/Acrylates Copolymer, Isodecyl Neopentanoate, Glycerin, PEG-100 Stearate, Glyceryl Stearate, Dimethicone Crosspolymer, Cetyl Alcohol, Phenoxyethanol, Xanthan Gum, Sodium Hydroxide, Disodium EDTA, Acrylates/C10-30 Alkyl Acrylate Crosspolymer, Caprylyl Glycol, Ethylhexylglycerin, Tocopheryl Acetate, Butylene Glycol, Sodium Hyaluronate, Olea Europaea (Olive) Fruit Oil, Tetrahexyldecyl Ascorbate, Tocopherol.",en:brazil,30ml,https://world.openbeautyfacts.org/product/0885229966425,,open_beauty_facts
0302990113204,Cetaphil,Cetaphil Daily Facial Cleanser,"Water, Cetyl Alcohol, Propylene Glycol, Sodium Lauryl Sulfate, Stearyl Alcohol, Methylparaben, Propylparaben, Butylparaben.",en:brazil,274 ml,https://world.openbeautyfacts.org/product/0302990113204,,open_beauty_facts
0302990210217,Cetaphil,Cetaphil Gentle Skin Cleanser,"Água purificada, Cetil álcool, Propilenoglicol, Estearil álcool, Lauril sulfato de sódio, Metilparabeno, Propilparabeno, Butilparabeno",en:brazil,250 ml,https://world.openbeautyfacts.org/product/0302990210217,,open_beauty_facts
0302994113002,Cetaphil,Cetaphil Oil-Free Facial Moisturizer with Sunscreen SPF 35,"Avobenzone 2.8%, Homosalate 9.5%,  Octisalate 4.8%, Octocrylene 7%

Inactive ingredients: Water, Glycerin, Dipropylene Glycol, Panthenol (Vitamin B5), Ethylhexyl Methoxycrylene, Isopropyl Palmitate, Silica, Niacinamide, Cetearyl Olivate, Cetearyl Alcohol, Glyceryl Stearate, Potassium Cetyl Phosphate, Sorbitan Olivate, Tocopheryl Acetate (Vitamin E Acetate), Caprylyl Glycol, Acrylates/C10-30 Alkyl Acrylate Crosspolymer, Palmitic Acid, Ethylhexylglycerin, Leontopodium (Edelweiss) Extract, Stearic Acid, 1,2-Hexanediol, Oryza Sativa (Rice) Lees Extract, Propanediol, Sodium Hydroxide, Adenosine, Potassium Sorbate, Sodium Benzoate, Citric Acid, Myristic Acid, Buddleja Davidii (Summer Lilac) Leaf Extract, Thymus Vulgaris (Thyme) Leaf Extract, Tocopherol (Vitamin E)",en:united-states,3 fl oz,https://world.openbeautyfacts.org/product/0302994113002,https://images.openbeautyfacts.org/images/products/030/299/411/3002/front_en.4.400.jpg,open_beauty_facts
4362963313044,Cetaphil,Cetaphil PRO Oil Control Moisturizer with SPF 30,"AQUA, OCTOCRYLENE, ISOPROPYL LAUROYL SARCOSINATE, GLYCERIN, ETHYLHEXYL SALICYLATE, DIMETHICONE, BUTYL METHOXYDIBENZO - YLMETHANE, DIISOPROPYL SEBACATE, SILICA, POLYMETHYL METHACRYLATE, SUCROSE TRISTEARATE, ALUMINUM STARCH OCTENYLSUCCINATE, PENTYLENE GLYCOL, POLYSORBATE 61, ALLANTOIN, CAPRYLYL GLYCOL, CARBOMER, DIMETHICONOL, DISODIUM EDTA, GLYCYRRHETINIC ACID, HYDROXYPALMITOYL SPHINGANINE, PANTHENOL, PHENOXYETHANOL, POTASSIUM SORBATE, SODIUM STEAROYL GLUTAMATE, TOCOPHERYL ACETATE, TRIETHANOLAMINE, XANTHAN GUM, ZINC GLUCONATE. FIL.0494.V01",en:belgium,,https://world.openbeautyfacts.org/product/4362963313044,https://images.openbeautyfacts.org/images/products/436/296/331/3044/front_en.8.400.jpg,open_beauty_facts
0772618061000,"Nestlé, Cetaphil, Galderma",Cetaphil Gentle Skin Cleanser,"Aqua, glycerin, cereal alcohol, sodium benzoate, sodium coconut isethionate, xanthan gum, panthenol, citric acid, niacinamide, pantolactone, fil 1747.",en:canada,1 L,https://world.openbeautyfacts.org/product/0772618061000,https://images.openbeautyfacts.org/images/products/077/261/806/1000/front_en.4.400.jpg,open_beauty_facts
0302993921288,Cetaphil,Travel Size Gentle Skin Cleanser,"Water, Cetyl Alcohol, Propylene Glycol, Sodium Lauryl Sulfate, Stearyl Alcohol, Methylparaben, Propylparaben, Butylparaben.",en:united-states,,https://world.openbeautyfacts.org/product/0302993921288,https://images.openbeautyfacts.org/images/products/030/299/392/1288/front_en.3.400.jpg,open_beauty_facts
8901138509231,himalaya,Lip Balm,"OILS: Eranda (Ricinus communis)* Sd. 10 mg, Garijara (Daucus carota) Sd. 10 mg, Godhuma (Triticum sativum) Gr. 10 mg, Hyamaraka (Wrightia tinctoria)* Lf. 10 mg, Narikela (Cocos nucifera) Endos. 10 mg.",en:india,10g,https://world.openbeautyfacts.org/product/8901138509231,https://images.openbeautyfacts.org/images/products/890/113/850/9231/front_en.18.400.jpg,open_beauty_facts
8901138512187,HIMALAYA,HIMALAYA NEEM.FACE WASH 50ML,"Nimba (Azadirachta indica) leaf extract, Haridra (Curcuma longa) rhizome extract, Phenoxyethanol, Methylchloroisothiazolinone, Methylisothiazolinone, Brilliant Blue FCF, Tartrazine Yellow",en:romania,50ml,https://world.openbeautyfacts.org/product/8901138512187,https://images.openbeautyfacts.org/images/products/890/113/851/2187/front_en.9.400.jpg,open_beauty_facts
8901138512811,HIMALAYA,Purifying Neem Foaming Face Wash,المكونات ،ماء كبريتات الأمونيوم لوريل، خلاصة أوراق النيم، ديسيل جلوكوسيد، بیتاین بروبیل کوکامید، جلسرين، بوليسوربات ٢٠، فينوكسيثانول، مستخلص جذور الكركم، خلاصة جذور نجيل الهند، بنزوات الصوديوم، عطر، إيثيل هكسيل جلسرين، ثاني إيدينات الصوديوم، حمض الستريك، بي إتش تي، سي ١٩١٤٠، سي ٤٢٠١٠، هيكسيل سينا مال.,en:kazakhstan,150ml,https://world.openbeautyfacts.org/product/8901138512811,https://images.openbeautyfacts.org/images/products/890/113/851/2811/front_en.14.400.jpg,open_beauty_facts
8901138847920,Himalaya,Saunf Mouthwash,"Aqua, Propylene Glycol, Glycerin, Sorbitol, PEG-40 Hydrogenated Castor ON, Sodium Benzoate, Benzyl Alcohol, Flavor, Citric Acid, Ethyl Menthane Cartocaramide, Menthol, Sodium Fluoride, Cetylpyridinium Chloride, Sodium iculum Vulgare Fennel) Fruit OiI, CI 19140, CI 42053",en:india,215ml,https://world.openbeautyfacts.org/product/8901138847920,https://images.openbeautyfacts.org/images/products/890/113/884/7920/front_en.5.400.jpg,open_beauty_facts
0007124935553,"Loreal, Loreal paris",Loreal Pure-Claly Mask Clear & Comfort,"917087 13 Aqua/Water, Kaolin, Glycerin, Coco-Betaine, Propanediol, Sodium Lauroyl Sarcosinate, Potassium Laurate, Acrylates Copolymer, Hydroxypropyl Starch Phosphate, Sodium Chloride, Phenoxyethanol, Parfum/Fra - Grance, Tetrasodium Edta, Ci 77499/Iron Oxides, Moroccan Lava Clay, Montmorillonite, Ethylhexylglycerin, Charcoal Powder, Limonene, Linalool, Sodium Benzoate, Polyglyc - Erin-10, Polyglyceryl-10 Myristate, Polyglycer - Yl-10 Stearate, Citric Acid, Sodium Dehydroacetate, Tocopherol. F.I.L. # D203898/1",en:united-states,1.7 fl oz,https://world.openbeautyfacts.org/product/0007124935553,https://images.openbeautyfacts.org/images/products/000/712/493/5553/front_en.9.400.jpg,open_beauty_facts
0604454914892,"L'Oréal Paris, Loreal",Elvital Extraordinary oil Sublime Hair Serum,ISODODECANE DIMETHICONE DIMETHICONOL COCOS NUCIFERA OIL/COCONUT OIL TOCOPHEROL . ETHYLHEXYL SALICYLATE ANISE ALCOHOL SCLEROCARYA BIRREA SEED OIL CAMELLIA JAPONICA SEED OIL - LIMONENE. LINALOOL CAPRYLIC/CAPRIC GLYCERIDES • GARDENIA TAITENSIS FLOWER • ROSA CANINA FLOWER EXTRACT O COUMARIN HEXYL CINNAMAL PARFUM/ FRAGRANCE. (F.I.L. Z70015614/1).,en:sweden,100ml,https://world.openbeautyfacts.org/product/0604454914892,https://images.openbeautyfacts.org/images/products/060/445/491/4892/front_sv.3.400.jpg,open_beauty_facts
5011451103870,Simple,simple moisturising facial wash,"Aqua, Sodium Laureth Sulfate, Decyl Glucoside, Cocamidopropyl Betaine, Glycerin, PEG-55 Propylene Glycol Oleate, Propylene Glycol, Sodi Chloride, PEG 7 Glyceryl Cocoate, Benzoic Acid, Bisabolol, Cocamide MEA, Disodium EDTA, Glycol Distearate, Hydroxypropyl Cyclodextrin, Iodopropynyl Butylcarbamate, Laureth-10, Sodium Benzoate, Tocopheryl Acetate, Panthenol, Pantolactone, Phenoxyethanol, Polyquaternium-39",en:australia;en:philippines;en:united-kingdom,150ml,https://world.openbeautyfacts.org/product/5011451103870,https://images.openbeautyfacts.org/images/products/501/145/110/3870/front_en.11.400.jpg,open_beauty_facts
8710447474426,Simple,Simple Daily Skin Detox Clear Pore Scrub,"Aqua, Hamamelis Virginiana Leaf Water, Cocamidopropyl Betaine, Glycerin, Bambusa Arundinacea Stem Extract, Sodium Laureth Sulfate, Acrylates/C10-30 Alkyl Acrylate Crosspolymer, PEG-7 Glyceryl Cocoate, Phenoxyethanol, Sodium Chloride, Zinc PCA, Sodium Hydroxide, Panthenol, Benzophenone-4, Sodium Benzoate, Hydroxypropyl Cyclodextrin, Citric Acid, Niacinamide, Thymus Vulgaris Flower/Leaf Extract, Xanthan Gum.",en:turkey,150mL,https://world.openbeautyfacts.org/product/8710447474426,https://images.openbeautyfacts.org/images/products/871/044/747/4426/front_en.7.400.jpg,open_beauty_facts
8710908710773,Simple,Gel micellar wash,"agradabley refrescante.
Modo de uso:
Haz un poco de espuma en tus las manos, masajea sobre
la piel mojada y aclara bien con agua.
EVITAR EL CONTACTO CON LOS OJo.
SOLO PARA USO EXTERNO.
TESTADO DERMATOLOGICAMENTE
ES: 900 81 25 10
f
www.simple.co.uk
Our special blend...
INGREDIENTS: Aqua, Cocamidopropyl Betaine, Propylene Glycol, Hydroxypropy
Methylcellulose, Panthenol, Sodium Chloride, Citric Acid, Disodium EDTA, Glyce
Hydroxypropyl Cyclodextrin, lodopropynyl Butylcarbamate, Pantolactone,
Phenoxyethanol, Potassium Chloride, Saccharide Isomerate, Sodium Benzoate,
Sodium Citrate, Sodium Hydroxide, Tocopheryl Acetate.
Pentavitin is a trademark of DSM
Copyright 2019. A Unilever BRAND
Unilever RA",en:spain,,https://world.openbeautyfacts.org/product/8710908710773,https://images.openbeautyfacts.org/images/products/871/090/871/0773/front_en.10.400.jpg,open_beauty_facts
5011451106277,Simple,Baby Moisturising Bath,"Aqua, Sodium Laureth Sulfate, Sodium Chloride, Glycerin, Cocamidopropyl Betaine, Anthemis Nobilis Flower Oil, Lavandula Angustifolia Oil, Panthenol, Pantolactone, PEG-80 Sorbitan Laurate, Disodium Cocoamphodiacetate, Sodium Lauryl Sulfate, Sodium Cocoamphodiacetate, Tetrasodium EDTA, Styrene / Acrylates Copolymer, Citric Acid, Sodium Hydroxymethylglycinate",en:united-kingdom,,https://world.openbeautyfacts.org/product/5011451106277,https://images.openbeautyfacts.org/images/products/501/145/110/6277/front_en.11.400.jpg,open_beauty_facts
7506306248144,ponds,manchas serum,"AQUA, GLYCERIN, DIMETHICONE, PENTYLENE GLYCOL, BUTYLENE GLYCOL, NIACINAMIDE, CAPRYLIC/CAPRIC 20, TRIGLYCERIDE, POLYSORBATE PHENOXYETHANOL, AMMONIUM ACRYLOYLDIMETHYLTAURATE/VP COPOLYMER, XANTHAN GUM, AMMONIUM ACRYLOYLDIMETHYLTAURATE/BEHENET H-25 METHACRYLATE CROSSPOLYMER, ALLANTOIN, CYSTINE*, GLYCINE*, METHYLPARABEN, TOCOPHERYL ACETATE, DISODIUM EDTA, PARFUM, PROPYLPARABEN, SODIUM PCA*, STEARIC ACID, CITRIC ACID, SODIUM HYDROXIDE, BHT, CETYL ALCOHOL, BIFIDA FERMENT LYSATE, PROPYLENE GLYCOL, SODIUM ACETYLATED HYALURONATE, 3-O-ETHYL ASCORBIC ACID*, CITRUS LIMON JUICE, SODIUM HYALURONATE, SODIUM HYALURONATE CROSSPOLYMER, HYDROLYZED SODIUM HYALURONATE, ETHYLHEXYLGLYCERIN, CI 19140, SODIUM BENZOATE, POTASSIUM SORBATE, CITRONELLOL, GERANIOL, HEXIL CINNAMAL, HYDROXYCITRONELLAL, LIMONENE, LINALOOL. LOTE Y USAR ANTES DE: VER EN ENVASE.",en:dominican-republic,30g,https://world.openbeautyfacts.org/product/7506306248144,https://images.openbeautyfacts.org/images/products/750/630/624/8144/front_es.12.400.jpg,open_beauty_facts
0075609011016,Olay,Olay Complete Daily Moisturizer with Sunscreen SPF 30,"Água, Álcool desnaturado, Óxido de zinco, Glicerina, Dimeticona, Ácido esteárico, Álcool cetoestearílico, Fenoxietanol, Metilparabeno, Etilparabeno, Propilparabeno, Butilparabeno, Fragância.",en:brazil,74 ml,https://world.openbeautyfacts.org/product/0075609011016,,open_beauty_facts
0769915190373,The Ordinary,Lactic Acid 10% + HA,"AQUA (WATER), LACTIC ACID, GLYCERIN, PENTYLENE GLYCOL, PROPANEDIOL, SODIUM HYDROXIDE, SODIUM HYALURONATE CROSSPOLYMER, TASMANNIA LANCEOLATA FRUIT/LEAF EXTRACT, ACACIA SENEGAL GUM, XANTHAN GUM, ISOCETETH-20, TRISODIUM ETHYLENEDIAMINE DISUCCINATE, ETHYLHEXYLGLYCERIN, 1,2-HEXANEDIOL, CAPRYLYL GLYCOL.",en:finland;en:united-kingdom,30ml,https://world.openbeautyfacts.org/product/0769915190373,https://images.openbeautyfacts.org/images/products/076/991/519/0373/front_en.12.400.jpg,open_beauty_facts
0769915190342,The Ordinary,100% Organic Cold Pressed Rose Hip Seed Oil,Rosa Canina Seed Oil.,en:united-states,,https://world.openbeautyfacts.org/product/0769915190342,https://images.openbeautyfacts.org/images/products/076/991/519/0342/front_en.3.400.jpg,open_beauty_facts
0769915190731,The Ordinary,Natural Moisturizing Factors + HA,"Aqua (Water), Caprylic/Capric Triglyceride, Cetyl Alcohol, Propanediol, Stearyl Alcohol, Glycerin, Sodium Hyaluronate, Arginine, Aspartic Acid, Glycine, Alanine, Serine, Valine, Isoleucine, Proline, Threonine, Histidine, Phenylalanine, Glucose, Maltose, Fructose, Trehalose, Sodium Pca, Pca, Sodium Lactate, Urea, Allantoin, Linoleic Acid, Oleic Acid, Phytosteryl Canola Glycerides, Palmitic Acid, Stearic Acid, Lecithin, Triolein, Tocopherol, Carbomer, Isoceteth-20, Polysorbate 60, Sodium Chloride, Citric Acid, Trisodium Ethylenediamine Disuccinate, Pentylene Glycol, Triethanolamine, Sodium Hydroxide, Phenoxyethanol, Chlorphenesin.",en:united-states,,https://world.openbeautyfacts.org/product/0769915190731,https://images.openbeautyfacts.org/images/products/076/991/519/0731/front_en.3.400.jpg,open_beauty_facts
8904352003905,Biotique,Sun Shield Carrot Sunscreen,"Carrot
Nyctanthes Leaf Extracts
Carrot Root Extracts
Lodhra Bark 
Sprouted Wheat
Zinc Oxide, naturally derived",en:india,120 ml x1,https://world.openbeautyfacts.org/product/8904352003905,https://images.openbeautyfacts.org/images/products/890/435/200/3905/front_en.3.400.jpg,open_beauty_facts
0072140020910,Eucerin,Eucerin Daily Hydration Cream SPF 30,"Água, Álcool desnaturado, Óxido de zinco, Glicerina, Dimeticona, Ácido esteárico, Álcool cetoestearílico, Fenoxietanol, Etilexilglicerina.",en:brazil,120 ml,https://world.openbeautyfacts.org/product/0072140020910,,open_beauty_facts
0072140003043,Eucerin,Daily Hydration Lotion,"Water, Helianthus Annuus (Sunflower) Seed Oil, Petrolatum, Glycerin, Glyceryl Stearate SE, Octyldodecanol, Caprylic/Capric Triglyceride, Pentylene Glycol, Palmitic Acid, Stearic Acid, Phenoxyethanol, Dimethicone, Cetearyl Alcohol, Caprylyl Glycol, Panthenol, Tocopheryl Acetate, Cholesterol, Carbomer, Sodium Hydroxide, Trisodium EDTA, BHT",en:united-states,,https://world.openbeautyfacts.org/product/0072140003043,https://images.openbeautyfacts.org/images/products/007/214/000/3043/front_en.3.400.jpg,open_beauty_facts
4005800024245,Eucerin,Urea Repair,"Aqua, Urea, Glycerin, Isopropyl Stearate, Dicaprylyl Ether, Glyceryl Glucoside, Sodium Lactate, Butyrospermum Parkii Butter, Polyglyceryl-4 Diisostearate/Polyhydroxystearate/Sebacate, Tapioca Starch, Carnitine, Cetearyl Alcohol, Ceramide NP, Arginine HCL, Sodium PCA, Histidine HCI, Lactic Acid, Mannitol, Arginine, Serine, Sucrose, PCA, Citrulline, Glycogen, Alanine, Threonine, Glutamic Acid, Lysine HCI, Sodium Chloride, 1,2-Hexanediol, Phenoxyethanol, Potassium Sorbate",en:france,400ml,https://world.openbeautyfacts.org/product/4005800024245,https://images.openbeautyfacts.org/images/products/400/580/002/4245/front_fr.4.400.jpg,open_beauty_facts
0056594014169,Eucerin,Eucerin Aquaphor Cleanser Wash & Shampoo,"Water/Eau, Decyl Glucoside, PEG-200 Hydrogenated Glyceryl Palmate, Sodium Myreth Sulfate, Cocamidopropyl Betaine, Panthenol, Bisabolol, Sea Salt",en:canada,500 ml,https://world.openbeautyfacts.org/product/0056594014169,https://images.openbeautyfacts.org/images/products/005/659/401/4169/front_en.3.400.jpg,open_beauty_facts
0072140019433,Eucerin,Skin Calming Body Lotion for Dry and Itchy Skin,"water, glycerin, cetyl palmitate, mineral oil, caprylic/capric triglyceride, octyldodecanol, cetyl alcohol, glyceryl stearate, colloidal oatmeal, dimethicone, methylpropanediol, peg-40 stearate, phenoxyethanol, 1,2-hexanediol, polyglyceryl-2 caprate, piroctone olamine, benzyl alcohol, carbomer, decylene glycol,",en:united-states,,https://world.openbeautyfacts.org/product/0072140019433,https://images.openbeautyfacts.org/images/products/007/214/001/9433/front_en.12.400.jpg,open_beauty_facts
4005800102363,Eucerin,Lotion Sun Protection kids SPF 50+,"Aqua, Octocrylene, Glycerin, Alcohol Denat., Butylene Glycol Dicaprylate/Dicaprate, Titanium Dioxide (Nano), Butyl Methoxydibenzoylmethane, Isopropyl Palmitate, Bis-Ethylhexyloxyphenol Methoxyphenyl Triazine, Glyceryl Stearate, Citrate, Cetearyl Alcohol, Hydrogenated Coco-Glycerides, Glycyrrhiza Inflata Root Extract, Glycyrrhenic Acid, Xanthan Gum, VP/Hexadecene Copolymer, Trimethoxycaprylsilane, Trisodium Edta, Sodium Citrate, Citric Acid, Acrylates/C10-30 Alkyl Acrylate Crosspolymer, Ethylhexylglycerin, Phenoxyethanol.",en:france,400 ml,https://world.openbeautyfacts.org/product/4005800102363,https://images.openbeautyfacts.org/images/products/400/580/010/2363/front_fr.4.400.jpg,open_beauty_facts
4005808583546,Eucerin,Dermato clean lotion clarifiante,"Aqua, Dipropylene Glycol, Glyceryl Glucoside, Glycérine, Sodium Hyaluronate, Decyl Glucoside, Sodium Citrate, Citric Acid, Cocamidopropyl Betaine, Trisodium EDTA, Sodium Chloride, 1,2-Hexanediol, Phenoxyethanol",en:france,200 ml,https://world.openbeautyfacts.org/product/4005808583546,https://images.openbeautyfacts.org/images/products/400/580/858/3546/front_fr.10.400.jpg,open_beauty_facts
3337875816847,La Roche Posay,Cicaplast Baume B5+,"EAU, HYDROGENATED POLYISOBUTENE, DIMETHICONE, GLYCERIN, SHEA BUTTER, PANTHENOL, CORN STARCH, PROPANEDIOL, BUTYLENE GLYCOL, CETYL PEG, TRIHYDROXYSTEARIN, CENTELLA ASIATICA LEAF EXTRACT, POLYMNIA SONCHIFOLIA ROOT JUICE, ZINC GLUCONATE, MADECASSOSIDE, MANGANESE GLUCONATE, ALPHA-GLUCAN OLIGOSACCHARIDE, SILICA, ALUMINUM HYDROXIDE, MAGNESIUM SULFATE, MANNOSE, CAPRYLOYL GLYCINE, CAPRYLYL GLYCOL, VITREOSCILLA FERMENT, CITRIC ACID, TRISODIUM ETHYLENEDIAMINE DISUCCINATE, LACTOBACILLUS, ACETYLATED GLYCOL STEARATE, MALTODEXTRIN, POLYGLYCERYL-4 ISOSTEARATE, TOCOPHEROL, PENTAERYTHRITYL TETRA-DI-T-BUTYL HYDROXYHYDROCINNAMATE, CI 77891",en:france;en:morocco,100 ml,https://world.openbeautyfacts.org/product/3337875816847,https://images.openbeautyfacts.org/images/products/333/787/581/6847/front_fr.12.400.jpg,open_beauty_facts
3337875549615,La Roche-Posay,Lipikar Lait/Lotion,"aqua, shea butter, glycerin, dimethicone, niacinamide, paraffin, mineral oil, microcrystalline wax, zea mays starch, caprylic/capric triglyceride, brassica campestris seed oil, tapioca starch, cetearyl alcohol, glyceryl stearate, peg-100 stearate, sodium hydroxide, acrylates copolymer, carbomer, sodium hydroxide, disodium edta, phenoxyethanol, caprylyl glycol, citric acid, xanthan gum, pentylene glycol, tocopherol, pentaerythrityl tetra-di-t-butyl hydroxyhydrocinnamate, chlorhexidine digluconate, ceteareth-20, ceteareth-33, oleyl erucate, citric acid",,400ml,https://world.openbeautyfacts.org/product/3337875549615,https://images.openbeautyfacts.org/images/products/333/787/554/9615/front_bg.5.400.jpg,open_beauty_facts
30106659,La Roche-Posay,Cicaplast Baume Lèvres,"Caprylic/capric triglyceride, PPG-5 pentaerythrityl ether, PEG-5 pentaerythrityl ether, Butyrospermum parkii butter/shea butter, cera alba/beeswax, panthenol, hydrogenated vegetable oil, ethylhexyl palmitate, silica silylate, polybutene, glycine soja/soybean stereols, aqua/water, sodium saccharin, myristyl malate phosphonic acid, pentaerythrityl tetra-di-t-butyl hydroxyhydrocinnamate,",en:france,"7,5ml",https://world.openbeautyfacts.org/product/30106659,https://images.openbeautyfacts.org/images/products/000/003/010/6659/front_fr.6.400.jpg,open_beauty_facts
3337875852302,La Roche-Posay,Lipikar Urea 10% Roughness Smoothing Lotion,"AQUA / WATER / EAU, UREA, GLYCERIN, BUTYROSPERMUM PARKII BUTTER / SHEA BUTTER, BRASSICA CAMPESTRIS SEED OIL / RAPESEED SEED OIL, DICAPRYLYL CARBONATE, ISOPROPYL PALMITATE, PENTYLENE GLYCOL, GLYCINE, CETEARYL ALCOHOL, SILICA, STEARIC ACID, ALLANTOIN, SORBITAN OLEATE, SORBITAN TRISTEARATE, GLYCERYL STEARATE, PEG-100 STEARATE, PEG-20 METHYL GLUCOSE SESQUISTEARATE, ISOHEXADECANE, SODIUM HYDROXIDE, SODIUM LACTATE, MYRISTIC ACID, PALMITIC ACID, MANNOSE, HYDROXYACETOPHENONE, HYDROXYETHYLPIPERAZINE ETHANE SULFONIC ACID, CAPRYLYL GLYCOL, CITRIC ACID, TRISODIUM ETHYLENEDIAMINE DISUCCINATE, XANTHAN GUM, POLYSORBATE 80, ACRYLAMIDE/SODIUM ACRYLOYLDIMETHYLTAURATE COPOLYMER, ACRYLATES/C10-30 ALKYL ACRYLATE CROSSPOLYMER, TOCOPHEROL, PENTAERYTHRITYL TETRA-DI-T-BUTYL HYDROXYHYDROCINNAMATE, CHLORHEXIDINE DIGLUCONATE",en:slovakia,,https://world.openbeautyfacts.org/product/3337875852302,https://images.openbeautyfacts.org/images/products/333/787/585/2302/front_en.4.400.jpg,open_beauty_facts
3337872413575,La Roche-Posay,Nutric Intense Rich In-depth Nutri-Reconstituting Cream,AQUA/WATER GLYCERIN • CETEARYL ALCOHOL CAPRYLIC/CAPRIC TRIGLYCERIDE GLYCERYL STEARATE •ALCOHOL DENAT. ⚫ ETHYLHEXYL PALMITATE DIMETHICONE ⚫ BUTYROSPERMUM PARKII BUTTER/SHEA BUTTER MYRISTYL O MYRISTATE NIACINAMIDE PEG-100 STEARATE GLYCINE SOJA OIL/SOYBEAN OIL ⚫SODIUM POLYACRYLATE MYRISTYL MALATE PHOSPHONIC ACID DISODIUM EDTA CAPRYLYL GLYCOL• CITRIC ACID TOCOPHEROL PENTAERYTHRITYL TETRA-DI-T-BUTYL HYDROXYHYDROCINNAMATE •PHENOXYETHANOL PARFUM/FRAGRANCE. (CODE F.I.L.: B158565/1),en:belgium,50 ml,https://world.openbeautyfacts.org/product/3337872413575,https://images.openbeautyfacts.org/images/products/333/787/241/3575/front_en.16.400.jpg,open_beauty_facts
3337875588621,La Roche-Posay,Lipikar Eczema Soothing Relief Cream,"water, shea butter, glycerin, dimethicone, mineral oil, niacinamide, cetearyl alcohol, rapeseed seed oil, ammonium polyacryloyldimethyl taurate, PEG-100 stearate, glyceryl stearate, tocopherol, sodium benzoate, PEG-20 methyl glucose sesquistearate, dimethiconol, mannose, xanthan gum, pentaerythrityl tetra-di-t-butyl hydroxyhydrocinnamate, capryloyl glycine, microcrystalline wax, sorbitan tristearate, paraffin, disodium EDTA, vitreoscilla ferment, citric acid",en:united-states,,https://world.openbeautyfacts.org/product/3337875588621,https://images.openbeautyfacts.org/images/products/333/787/558/8621/front_en.3.400.jpg,open_beauty_facts
3337875545778,La Roche-Posay,Toleriane Hydrating Gentle Cleanser,"AQUA/WATER/EAU, GLYCERIN, PENTAERYTHRITYL TETRAETHYLHEXANOATE, PROPANEDIOL, AMMONIUM POLYACRYLOYLDIMETHYL TAURATE, POLYSORBATE 60, CERAMIDE NP, NIACINAMIDE, SODIUM CHLORIDE, COCO-BETAINE, DISODIUM EDTA, CAPRYLYL GLYCOL, CITRIC ACID, TRISODIUM ETHYLENEDIAMINE DISUCCINATE, PANTHENOL, PENTYLENE GLYCOL, ETHYLHEXYLGLYCERIN, TOCOPHEROL, CHLORPHENESIN, (CODE F.I.L.: N70042220/1)",en:jamaica,,https://world.openbeautyfacts.org/product/3337875545778,https://images.openbeautyfacts.org/images/products/333/787/554/5778/front_en.9.400.jpg,open_beauty_facts
3433422408159,La Roche-Posay,Effaclar Lotion Astringente,"Aqua/water, alcool denat., glycerin, sodium citrate, propylene glycol, PEG-60 hydrogenated castor oil, disodium EDTA, capryloyl salicylic acid, citric acid, salicylic acid, parfum/fragrance, Code FIL : B28301/1.",en:france,200ml,https://world.openbeautyfacts.org/product/3433422408159,https://images.openbeautyfacts.org/images/products/343/342/240/8159/front_fr.7.400.jpg,open_beauty_facts
3337875517300,La Roche-Posay,Cicaplast Baume B5 SPF50,"Aqua/water, homosalate, panthenol, ethylhexyl salicylate, butyl methoxydibenzoylmethane, octocrylene, alcohol denat. , bis-ethylhexyloxyphenol methoxyphenyl triazine, styrene/acrylates copolymer, ethylhexyl triazone, triethanolamine, dimethicone, phenylbenzimidazole sulfonic acid, PEG-8 laurate, sorbitan oleate, zinc gluconate, madecassoside, manganese gluconate, isohexadecane, sodium acrylates crosspolymer-2, silica, 2-oleamido-1,3-octadecanediol, perlite, drometrizole trisiloxane, poloxamer 338, disodium EDTA, copper gluconate, caprylyl glycol, polysorbate 80, acrylamide/sodium acryloyldimethyltaurate copolymer, acrylates/C10-30 alkyl acrylate crosspolymer, BHT, tocopherol, phenoxyethanol,",en:france;en:morocco,40ml,https://world.openbeautyfacts.org/product/3337875517300,https://images.openbeautyfacts.org/images/products/333/787/551/7300/front_fr.6.400.jpg,open_beauty_facts
3337872413018,La Roche-Posay,Cicaplast baume B5,"Aqua/water, hydrogenated polyisobutene, dimethicone, glycerin, Butyrospermum parkii butter/shea butter, panthenol, propanediol, butylene glycol, aluminum starch octenylsuccinate, cetyl PEG/PPG-10/1 dimethicone, trihydroxystearin, zinc gluconate, madecassoside, manganese gluconate, silica aluminum hydroxide, magnesium sulfate, disodium EDTA, copper gluconate, capryloyl glycine, citric acid, acetylated glycol stearate, polyglyceryl-4 isostearate, tocopherol, pentaerythrityl tetra-di-t-butyl hydroxyhydrocinnamate, CI 77891 (titanium dioxide),",en:belgium,100 ml,https://world.openbeautyfacts.org/product/3337872413018,https://images.openbeautyfacts.org/images/products/333/787/241/3018/front_en.4.400.jpg,open_beauty_facts
3606000607118,La Roche-Posay,La Roche-Posay Anthelios Melt-in Milk Sunscreen SPF 100,"Água, Álcool desnaturado, Óxido de titânio, Óxido de zinco, Glicerina, Dimeticona, Ácido esteárico, Álcool cetoestearílico, Fenoxietanol, Metilparabeno, Etilparabeno, Propilparabeno, Butilparabeno, Fragância.",en:brazil,100 ml,https://world.openbeautyfacts.org/product/3606000607118,,open_beauty_facts
0883140040248,La Roche-Posay,La Roche-Posay Effaclar Clarifying Solution Acne Toner,"Aqua, Hamamelis Virginiana (Witch Hazel) Leaf Water, Alcohol Denat., Salicylic Acid, Glycerin, Capryloyl Glycine, Zinc PCA, Disodium EDTA, Phenoxyethanol",en:brazil,250 ml,https://world.openbeautyfacts.org/product/0883140040248,,open_beauty_facts
0883140040231,La Roche-Posay,La Roche-Posay Effaclar Medicated Gel Cleanser,"Água, Sulfato de sódio, Cocamidopropil betaína, PEG-120 metil glicose dioleato, Ácido salicílico, Glicerina, PCA de sódio, Ácido cítrico, Fenoxietanol, Caprilil glicol, Fragrância, Hexileno glicol, Hidróxido de sódio.",en:brazil,200 ml,https://world.openbeautyfacts.org/product/0883140040231,,open_beauty_facts
3337872420085,La Roche-Posay,Anthelios xl 50 spf + spray,Aqua/water glycerin alcohol denat homosalate ethylhexyl salixylate butyl methoxydibenzoymethane styrène/acrylates copolymer octocrylene diisopropyl sebacate dicaprylyl carbonate ethylhexyl triazone dimethicone polyester-5 bis-ethylhexyloxyphenol methoxyphenyl triazine drometrizole trisiloxane acrylates copolymer caprylyl glycol disodium edta ethylenediamine/stearyl dimer dilinoleate copolymer peg-8 laurate pentaerythrityl tetra-di-t-butylhydroxyhydrocinnamate terephthalylidene dicamphor sulfonic acid tocophérol triethanolamine parfum/fragrance (code f.i.l : c196339/1),en:france,200ml,https://world.openbeautyfacts.org/product/3337872420085,https://images.openbeautyfacts.org/images/products/333/787/242/0085/front_fr.5.400.jpg,open_beauty_facts
3433422404366,La Roche-Posay,Effaclar Deep Cleaning Foaming Crem,"AQUA/WATER, GLYCERIN, MYRISTIC ACID, POTASSIUM HYDROXIDE, GLYCERYL STEARATE SE, STEARIC ACID, LAURIC ACID, PALMITIC ACID, COCO-GLUCOSIDE, TETRASODIUM EDTA, SALICYLIC ACID, PARFUM/FRAGRANCE.",en:canada,125 mL,https://world.openbeautyfacts.org/product/3433422404366,https://images.openbeautyfacts.org/images/products/343/342/240/4366/front_en.4.400.jpg,open_beauty_facts
3612623166239,La Roche-Posay,Cicaplast baume b5+,"La Roche-Posay, E108, crème, E102, E170, Crème.",en:morocco,40 ml,https://world.openbeautyfacts.org/product/3612623166239,,open_beauty_facts
3337875546706,La Roche-Posay,Anthelios Dermo-Pediatrics Gel Peau Mouillée,"Aqua (Water), Homosalate, Dromerizole Trisiloxane, Ethylhexyl Salicylate, Bis-Ethylhexyloxyphenol Methoxyphenyl Triazine, Ethylhexyl Triazone, Glycerin, Butyl Methoxydibenzoylmethane, Isohexadecane, Alcohol Denat, Propanediol, Dicaprylyl Ether, Styrene/Acrylates Copolymer, Dimethicone, Acrylates/Dimethicone Copolymer, P-Anisic Acid, Ascorbyl Palmitate, Carbomer, Disodium EDTA, Glyceryl Oleate, Hyrogenated Palm Glycerides, Citrate, Lecithin, Nylon-12, PEG-8 Laurate, Phenoxyethanol, Tocopherol, Triethanolamine. (F.I.L C192593/2)",en:france,250 ml,https://world.openbeautyfacts.org/product/3337875546706,https://images.openbeautyfacts.org/images/products/333/787/554/6706/front_fr.6.400.jpg,open_beauty_facts
3337875583657,La Roche-Posay,Hyalu B5 serum,609905 19 - INGREDIENTS : AQUA / WATER • GLYCERIN • ALCOHOL DENAT. • PROPYLENE GLYCOL • PANTHENOL PENTYLENE GLYCOL • DIMETHICONE PEG-6 CAPRYLIC/CAPRIC GLYCERIDES • PPG-6-DECYLTETRADECETH-30 • GLYCERYL ISOSTEARATE • MADECASSOSIDE • SODIUM HYALURONATE • AMMONIUM POLYACRYLOYLDIMETHYL TAURATE • DISODIUM EDTA • HYDROLYZED HYALURONIC ACID CAPRYLYL GLYCOL CITRICACID • XANTHAN GUM • BUTYLENE GLYCOL TOCOPHEROL• PHENOXYETHANOL • PARFUM / FRAGRANCE. (CODE F.I.L. : B212343/1),en:netherlands,3 ml,https://world.openbeautyfacts.org/product/3337875583657,https://images.openbeautyfacts.org/images/products/333/787/558/3657/front_nl.4.400.jpg,open_beauty_facts
3337875545846,La Roche-Posay,Toleriane Double Repair Face Moisturizer UV SPF 30,"Avobenzone 3% (Sunscreen), Homosalate 5% (Sunscreen), Octisalate 5% (Sunscreen), Octocrylene 7% (Sunscreen) Water (La Roche-Posay Prebiotic Thermal Water), Glycerin, Silica, Dimethicone, Niacinamide, Peg-100 Stearate, Glyceryl Stearate, Stearic Acid, Stearyl Alcohol, Allantoin, Ceramide Np, Dimethicone/Vinyl Dimethicone Crosspolymer, Sodium Hydroxide, Myristic Acid, Myristyl Alcohol, Palmitic Acid, Ammonium Polyacryloyldimethyl Taurate, Disodium Edta, Capryloyl Glycine, Caprylyl Glycol, Citric Acid, Xanthan Gum, T-Butyl Alcohol, Cetyl Alcohol, Tocopherol.",en:united-states,,https://world.openbeautyfacts.org/product/3337875545846,https://images.openbeautyfacts.org/images/products/333/787/554/5846/front_en.3.400.jpg,open_beauty_facts
0688098772469,La Roche-Posay,Toleriane Hydrating Gentle Face Cleanser,"Aqua / Water / Eau (La Roche-Posay Prebiotic Thermal Water), Glycerin, Pentaerythrityl Tetraethylhexanoate, Propylene Glycol, Ammonium Polyacryloyldimethyl Taurate, Polysorbate 60, Ceramide Np, Niacinamide, Sodium Chloride, Coco-Betaine, Disodium Edta, Caprylyl Glycol, Panthenol, T-Butyl Alcohol, Tocopherol.",en:united-states,,https://world.openbeautyfacts.org/product/0688098772469,https://images.openbeautyfacts.org/images/products/068/809/877/2469/front_en.3.400.jpg,open_beauty_facts
3337872413568,La Roche-Posay,Anthelios Dermo-Pediatrics Lait Enfant SPF 50+,"Aqua/water, C12-15 alkyl benzoate, glycerin, ethylhexyl salicylate, bis-ethylhexyloxyphenol methoxyphenyl triazine, alcohol denat, diisopropyl sebacate, butyl methoxydibenzoylmethane, drometrizole trisiloxane, propylene glycol, diethylhexyl butamido triazone, dimethicone, synthetic wax, titanium dioxide, potassium cetyl phosphate, ammonium polyacryldimethyltauramide/ammonium polyacryloyldimethyl taurate, caprylyl glycol, disodium EDTA, glyceryl stearate, hydroxypropyl methylcellulose, isopropyl lauroyl sarcosinate, palmitic acid, PEG-100 stearate, pentylene glycol, phenoxyethanol, stearic acid, terephthalylidene dicamphor sulfonic acid, tocopherol, triethanolamine. Code FIL : C163125/1.",en:france,300 ml,https://world.openbeautyfacts.org/product/3337872413568,,open_beauty_facts
3337872419904,La Roche-Posay,Anthelios SPF 50+ Dermo-Pediatrics Lait Bebe,"Aqua / Water, Glycerin, C12-15 Alkyl Benzoate, Caprylic/Capric Triglyceride, Ethylhexyl Salicylate, Bis-Ethylhexyloxyphenol, Methoxyphenyl Triazine, Alcohol Denat., Titanium Dioxide, Butyl Methoxydibenzoylmethane, Drometrizole Trisiloxane, Styrene/Acrylates Copolymer, Dimethicone, Zea Mays Starch / Corn Starch, Propylene Glycol, Synthetic Wax, Diethylhexyl Butamido Triazone, Potassium Cetyl Phosphate, Aluminum Hydroxide, Ammonium Polyacryldimethyltauramide / Ammonium Polyacryloyldimethyl Taurate, Butyrospermum Parkii Butter / Shea Butter, Caprylyl Glycol, Disodium EDTA, Glyceryl Stearate, Hydroxypropyl Methylcellulose, Palmitic Acid, Peg-100 Stearate, Peg-8 Laurate, Stearic Acid, Tocopherol, Triethanolamine (F.I.L C168811/1)",en:france,50 ml,https://world.openbeautyfacts.org/product/3337872419904,,open_beauty_facts
3337872413407,La Roche-Posay,Anthelios Dermo-Pediatrics SPF 50+ Spray Multi-Positions,"Aqua / Water, C12-15 Alkyl Benzoate, Glycerin, Propylene Glycol
Ethylhexyl Salicylate, Alcohol Denat., Styrene/Acrylates Copolymer, Bis-Ethylhexyloxyphenol Methoxyphenyl Triazine, Drometrizole Trisiloxane, Butyl Methoxydibenzoylmethane, Ethylhexyl Triazone, Polyester-5, Acrylates Copolymer, Caprylyl Glycol, Disodium EDTA, Ethylenediamine/Stearyl Dimer Dilinoleate Copolymer, Isopropyl Lauroyl Sarcosinate, Peg-8 Laurate, Terephthalylidene Dicamphor Sulfonic Acid, Tocopherol, Triethanolamine (F.I.L B49533/1)",en:france,250 ml,https://world.openbeautyfacts.org/product/3337872413407,,open_beauty_facts
3337872413391,La Roche-Posay,Anthelios Ka SPF50+,"Aqua (Water), C12-15 Alkyl Benzoate, Glycerin, Ethylhexyl Salicylate, Titanium Dioxide [Nano]/Titanium Dioxide, Bis-Ethylhexyloxyphenol Methoxyphenyl Triazine, Butyl Methoxydibenzoylmethane, Alcohol Denat. , Ethyhexyl Triazone, Dimethicone, Octocrylene, Pentylene Glycol, Stearic Acid, Potasisum Cetyl Phosphate, Methyl Methacrylate Crosspolymer, Nylon-12, Synthetic Wax, Aluminium Hydroxide, Ammonium Polyacryloyldimethyltauramide/Ammonium Polyacryloyldimethyl Taurate, Caprylyl Glycol, Disodium EDTA, Drometrizole Trisiloxane, Glyceryl Stearate, Glycine Soja Oil/Soybean Oil, Hydroxypropyl Methylcellulose, Isopropyl Lauroyl Sarcosinate, Palmitic Acid, Peg-100 Stearate, Phenoxyethanol, Stearyl Alcohol, Terephtalylidene Dicamphor Sulfonic Acid, Tocopherol, Triethanolamine,",en:france,50ml,https://world.openbeautyfacts.org/product/3337872413391,,open_beauty_facts
3401578653709,Bioderma,Sébium gel mousse,"Aqua/water/eau, sodium cocoamphoacetate, sodium laureth sulfate, methylpropanediol, disodium edta, mannitol, xylitol, rhamnose, fructooligosaccharides, zinc sulfate, copper sulfate, ginkgo biloba leaf extract, peg-90 glyceryl isostearate, lactic acid, laureth-2, potassium sorbate, sodium chloride, propylene glycol, sodium hydroxide, fragrance (parfum). [bi 418]",en:france;en:morocco;en:saudi-arabia,200 ml,https://world.openbeautyfacts.org/product/3401578653709,https://images.openbeautyfacts.org/images/products/340/157/865/3709/front_fr.5.400.jpg,open_beauty_facts
3701129812426,Bioderma,Cicabio Baume Lèvres réparateur « effect pensement »,"RICINUS COMMUNIS (CASTOR) SEED OIL, CAPRYLIC/CAPRIC TRIGLYCERIDE, BUTYROSPERMUM PARKII (SHEA) OIL, GLYCERIN, TRIHYDROXYSTEARIN, AQUA/ WATER/EAU, CETYL PALMITATE, BUTYLENE GLYCOL, JOJOBA ESTERS, XYLOSE, SIMMONDSIA CHINENSIS (JOJOBA) SEED OIL, HELIANTHUS ANNUUS (SUNFLOWER) SEED WAX, PENTYLENE GLYCOL, SQUALANE, SODIUM POLYGLUTAMATE, PENTAERYTHRITYL TETRA-DI-T-BUTYL HYDROXYHYDROCINNAMATE, PONGAMIA GLABRA SEED OIL, SODIUM HYALURONATE, POLYGLYCERIN-3, ACACIA DECURRENS FLOWER WAX, MANNITOL, RHAMNOSE, XYLITOL, ACETYL DIPEPTIDE-1 CETYL ESTER, FRUCTOOLIGOSACCHARIDES, TOCOPHEROL. [BI 2053]",en:france,10 ml,https://world.openbeautyfacts.org/product/3701129812426,https://images.openbeautyfacts.org/images/products/370/112/981/2426/front_fr.3.400.jpg,open_beauty_facts
3701129809082,Bioderma,Sensibio H₂O Micellar Water,"Water, PEG-6 Caprylic/Capric Glycerides, Fructooligosaccharides, Mannitol, Xylitol, Rhamnose, Cucumis Sativus (Cucumber) Fruit Extract, Propylene Glycol, Cetrimonium Bromide, Disodium EDTA",en:hong-kong,5 mL,https://world.openbeautyfacts.org/product/3701129809082,https://images.openbeautyfacts.org/images/products/370/112/980/9082/front_en.3.400.jpg,open_beauty_facts
3701129801048,Bioderma,Photoderm bronz spf 50+,"DIBUTYL ADIPATE, DICAPRYLYL CARBONATE, DICAPRYLYL ETHER, DIETHYLAMINO CO HYDROXYBENZOYL HEXYL BENZOATE, HOMOSALATE. BIS-ETHYLHEXYLOXYPHENOL METHOXYPHENYL TRIAZINE, DIISOPROPYL SEBACATE, ETHYLHEXYL SALICYLATE, ETHYLHEXYL TRIAZONE, OLEOYL TYROSINE, LUFFA CYLINDRICA SEED OIL, OLEIC O ACID, TOCOPHEROL, GLYCINE SOJA (SOYBEAN) OIL, FRAGRANCE (PARFUM). [BI 657] UVA NAOS BIODERMA Laboratoire Dermatologique F-69003 Lyon F-13290 Aix-en-Provence 9 M www.bioderma.com MADE IN FRANCE 701129 801048",en:france,200 ml,https://world.openbeautyfacts.org/product/3701129801048,https://images.openbeautyfacts.org/images/products/370/112/980/1048/front_fr.3.400.jpg,open_beauty_facts
3401353688513,Bioderma,Photoderm Bronz SPF 50+,"Aqua / water / eau, dicaprylyl carbonate, octocrylene, methylene bis - benzotriazolyl tetramethylbutylphenol [nano], butyl methoxydibenzoylmethane, bis-ethylhexyloxyphenol methoxyphenyl triazine, glycerin, methylpropanediol, ectoin, mannitol, xylitol, rhamnose, tyrosine, copper gluconate, helianthus annuus (sun-flower) seed oil, decyl glucoside, c20-22 alkyl phosphate, c20-22 alcohols, cetearyl alcohol, xanthan gum, coco-glucoside, caprylyl glycol, glyceryl stearate, acetyl hexapeptide-1, dextran, pentylene glycol, propylene glycol, 1,2-hexanediol, citric acid, disodium edta, sodium hydroxide, tocopherol, fragrance (parfum). [BI 611]",en:france,200 ml,https://world.openbeautyfacts.org/product/3401353688513,https://images.openbeautyfacts.org/images/products/340/135/368/8513/front_fr.4.400.jpg,open_beauty_facts
3401561197715,Bioderma,Photoderm Max SPF 50+ - Aquafluide,"AQUA/WATER/EAU, DICAPRYLYL CARBONATE, OCTOCRYLENE, METHYLENE BIS-BENZOTRIAZOLYL TETRAMETHYLBUTYLPHENOL [NANO], BUTYL METHOXYDIBENZOYLMETHANE, GLYCERIN, METHYL METHACRYLATE CROSSPOLYMER, CYCLOHEXASILOXANE, CYCLOPENTASILOXANE, BIS-ETHYLHEXYLOXYPHENOL METHOXYPHENYL TRIAZINE, POLYMETHYLSILSESQUIOXANE, METHYLPROPANEDIOL, HDI/TRIMETHYLOL HEXYLLACTONE CROSSPOLYMER, C20-22 ALKYL PHOSPHATE, C20-22 ALCOHOLS, DECYL GLUCOSIDE, GLYCERYL STEARATE CITRATE, PENTYLENE GLYCOL, MICROCRYSTALLINE CELLULOSE, C30-45 ALKYL CETEARYL DIMETHICONE CROSSPOLYMER, 1,2-HEXANEDIOL, CAPRYLYL GLYCOL, DISODIUM EDTA, XANTHAN GUM, MANNITOL, XYLITOL, SODIUM HYDROXIDE, CELLULOSE GUM, RHAMNOSE, PROPYLENE GLYCOL, CITRIC ACID, ECTOIN, TOCOPHEROL",en:france,40 ml,https://world.openbeautyfacts.org/product/3401561197715,https://images.openbeautyfacts.org/images/products/340/156/119/7715/front_fr.4.400.jpg,open_beauty_facts
3401360188525,Bioderma,Photoderm Kid Lait SPF 50+,"Aqua/Water/Eau, Dicaprylyl Carbonate, Methylene Bis-Benzotriazolyl Tetramethylbutylphenol [Nano], Diisopropyl Sebacate, Butyl Methoxydibenzoylmethane, Ethylhexyl Triazone, Glycerin, Decyl Glucoside, Methylpropanediol, C20-22 Alkyl Phosphate, Ethylhexyl Methoxycrylene, Glyceryl Stearate, Peg-100 Stearate, C20-22 Alcohols, Dimethicone, Pentylene Glycol, Disodium Edta, Xanthan Gum, 1,2-Hexanediol, Caprylyl Glycol, Complexe Breveté D.A.F., Propylene Glycol, Sodium Hydroxide, Ectoin, Citric Acid, Tocopherol, Blue 1 (Ci 42090), Fructooligosaccharides, Caprylic/Capric Triglyceride, Laminaria Ochroleuca Extract. (Bi 589)",en:france,100 ml,https://world.openbeautyfacts.org/product/3401360188525,,open_beauty_facts
3701129800218,Bioderma,Photoderm Kids SPF 50+ Mousse solaire,"AQUA/WATER/EAU, DICAPRYLYL CARBONATE, METHYLENE BIS-BENZOTRIAZOLYL TETRAMETHYLBUTYLPHENOL (NANO), DIISOPROPYL SEBACATE, BUTANE, BUTYL METHOXYDIBENZOYLMETHANE, ETHYLHEXYL TRIAZONE, PROPANE, GLYCERIN, DECYL GLUCOSIDE, METHYLPROPANEDIOL, C20-22 ALKYL PHOSPHATE, ETHYLHEXYL METHOXYCRYLENE, C20-22 ALCOHOLS, PENTYLENE GLYCOL, MICROCRYSTALLINE CELLULOSE, ISOBUTANE, DISODIUM EDTA, 1,2-HEXANEDIOL, CAPRYLYL GLYCOL, MANNITOL, XYLITOL, PROPYLENE GLYCOL, CELLULOSE GUM, CITRIC ACID, SODIUM HYDROXIDE, XANTHAN GUM, ECTOIN, TOCOPHEROL, FRUCTOOLIGOSACCHARIDES, CAPRYLIC/CAPRIC TRIGLYCERIDE, LAMINARIA OCHROLEUCA EXTRACT. [BI 710]",en:france,150 ml,https://world.openbeautyfacts.org/product/3701129800218,https://images.openbeautyfacts.org/images/products/370/112/980/0218/front_fr.6.400.jpg,open_beauty_facts
3401353647930,Bioderma,Bioderma Photoderm After Sun Intense Soothing Mist 125ML (after Sun),"LATE, CLYCYRRHETtNlC WCOSACCHARIDES OCHO EXTRACT, SODIUM TOCOPHE. ROL HYDROŒNATED QYCERtDE, CYCLOMETHlCOt•Œ. I.'.HEW MICROCRYSTALUNE CELLULOSE UNTHAN CELLULOSE PENTYLENE CETEARYL ALCOHOL DIMETHICONENINYL CROSSPOLYMER DIMETHICOE ACD, SODIUM HYDROXIDE. DISODLN EDTAi MTROCEN, FRAGRANCE (PARFUM). (BI 659 Bioprotection@ Cellulaire Brevet / Patent BIODERMA BIODERMA Laboratoire Dermatologique F-69447 Lyon cedex 05 kint40ema.COtt1",en:france,,https://world.openbeautyfacts.org/product/3401353647930,,open_beauty_facts
3401396935711,Bioderma,Bioderma Cold Cream - Crème Visage ABCDerm,"AQUA/WATER/EAU, PARAFFINUM LIQUIDUM/MINERAL OIL/ HUILE MINERALE, GLYCERIN, ISOSTEARYL ISOSTEARATE, SILICA DIMETHYL SILYLATE, CERA ALBA/BEESWAX/CIRE D’ABEILLE, CETEARYL ALCOHOL, POLYGLYCERYL- 3 RICINOLEATE, SORBITAN ISOSTEARATE, ZINC STEARATE, SODIUM CITRATE, CAPRYLOYL GLYCINE, PENTYLENE GLYCOL, PRUNUS ARMENIACA (APRICOT) KERNEL OIL, XANTHAN GUM, FRAGRANCE (PARFUM),",en:france,40ml,https://world.openbeautyfacts.org/product/3401396935711,,open_beauty_facts
3401396935889,Bioderma,Bioderma Cold Cream - Crème corps nourrissante ABCDerm,"Aqua, Paraffinum Liquidum/Mineral Oil/Huile Minérale, Glycerin, Cetearyl Isononanoate, Glyceryl Stearate, PEG-100 Stearate, Cera Alba/Beeswax/Cire d'Abeille, Steareth-21, Capryloyl Glycine, Prunus Armeniaca (Apricot) Kernel Oil, Acrylates C 10-30 Alkyl Acrylates Crosspolymer, Pentylene Glycol, 1,2 Hexanediol, Caprylyl Glycol, Sodium Hydroxide, Sodium Citrate, Parfum (Fragrance),",en:france,200ml,https://world.openbeautyfacts.org/product/3401396935889,,open_beauty_facts
3401397163847,Bioderma,Bioderma Cold Cream - Crème lavante ABCDerm,"Aqua, Sodium laureth Sulfate, Sodium Lauroyl Sarcosinate, Sodium Cocoamphoacetate, Glycerin, Methylpropanediol, PEG-90 Glyceryl Isostearate, Apricot Kernel Oil Polyglyceryl-10 Esters, Styrene/Acrylates Copolymer, Xanthan Gum, Coco-Glucoside, Laureth-2, Sodium Chloride, Disodium EDTA, Citric Acid, Parfum (Fragrance),",en:france,1L,https://world.openbeautyfacts.org/product/3401397163847,,open_beauty_facts
3401396936190,Bioderma,Bioderma Lait de toilette ABCDerm,"AQUA/WATER/EAU, GLYCERIN, ETHYLHEXYL PALMITATE, PARAFFINUM LIQUIDUM/ MINERAL OIL/HUILE MINERALE, SIMMONDSIA CHINENSIS (JOJOBA) SEED OIL, ZINC SULFATE, SODIUM POLYACRYLATE, PENTYLENE GLYCOL, POLYACRYLAMIDE, 1,2-HEXANEDIOL, CAPRYLYL GLYCOL, XANTHAN GUM, C13-14 ISOPARAFFIN, LAURETH-7, FRAGRANCE (PARFUM),",en:france,500ml,https://world.openbeautyfacts.org/product/3401396936190,,open_beauty_facts
3401397163496,Bioderma,Cicabio crème,"AQUA/WATER/EAU, GLYCERIN, ETHYLHEXYL PALMITATE, FRUCTOOLIGOSACCHARIDES, ZINC OXIDE, OCTYLDODECANOL, BUTYLENE GLYCOL, POLYACRYLAMIDE, MANNITOL, XYLITOL, RHAMNOSE, LAMINARIA OCHROLEUCA EXTRACT, COPPER SULFATE, ZINC SULFATE, SODIUM HYALURONATE, VITIS VINIFERA (GRAPE) VINE EXTRACT, ASIATICOSIDE, ASIATIC ACID, MADECASSIC ACID, C13-14 ISOPARAFFIN, OCTYLDODECYL XYLOSIDE, PEG-30 DIPOLYHYDROXYSTEARATE, CAPRYLIC/CAPRIC TRIGLYCERIDE, LAURETH-7, LAURETH-3, HYDROXYETHYLCELLULOSE, ACETYL DIPEPTIDE-1 CETYL ESTER, POTASSIUM SORBATE. [BI 561]",en:france,100 ml,https://world.openbeautyfacts.org/product/3401397163496,https://images.openbeautyfacts.org/images/products/340/139/716/3496/front_fr.10.400.jpg,open_beauty_facts
3282770396331,Avène,Spray Solare Protezione alta SPF 50 - Corpo,"AVENE THERMAL SPRING WATER (AVENE AQUA), DIETHYLAMINO HYDROXYBENZOYL HEXYL BENZOATE, DIISOPROPYL SEBACATE, COCO CAPRYLATE/CAPRATE, DICAPRYLYL CARBONATE DIETHYLHEXYL BUTAMIDO TRIAZONE, GLYCERIN, BISETHYLHEXY LOXYPHENOL METHOXYPHENYL TRIAZINE, GLYCERIN, STEARATE CITRATE, ORYZA SATIVA (RICE) STARCH (ORYZA SATIVA STARCH), PENTYLENE GLYCOL, C12-15 ALKYL BENZOATE, VP/EICOSENE COPOLYMER BENZOIC ACID, CAPRYLIC/CAPRIC TRIGLYCERIDE, CELLULOSE GUM, FRAGRANCE (PARFUM), GLYCINE SOJA (SOYBEAN) OIL (GLYCINE SOJA OIL), HELIANTHUS ANNUUS (SUNFLOWER) SEED OIL (HELIANTHUS SEED OIL), MICROCRYSTALLINE CELLULOSE, SODIUM HYDROXIDE, TOCOPHEROL TOCOPHERYL GLUCOSIDE.",en:france;en:italy,200 ml,https://world.openbeautyfacts.org/product/3282770396331,https://images.openbeautyfacts.org/images/products/328/277/039/6331/front_it.8.400.jpg,open_beauty_facts
3282770204681,Avène,Cicalfate,AVENE THERMAL SPRING WATER (AVENE AQUA). CAPRY - LIC/CAPRIC TRIGLYCE - RIDE. MINERAL OIL (PARAF - FINUM LIQUIDUM). GLY - CERIN. HYDROGENATED VEGETABLE OIL. ZINC OXIDE. PROPYLENE GLYCOL. POLY - GLYCERYL-2 SESQUIISOSTEARATE. PEG-22/ DODECYL GLYCOL COPOLYMER. ALUMI - NUM STEARATE. AQUAPHILUS DOLOMIAE FERMENT FILTRATE. ARGININE. BEESWAX (CERA ALBA). COPPER SULFATE. MAGNE - SIUM STEARATE. MAGNESIUM SULFATE. MICROCRYSTALLINE WAX (CERA MICRO - CRISTALLINA). TROMETHAMINE. ZINC SULFATE. R FR [c,en:algeria;en:france;en:morocco,100ml,https://world.openbeautyfacts.org/product/3282770204681,https://images.openbeautyfacts.org/images/products/328/277/020/4681/front_fr.18.400.jpg,open_beauty_facts
3282770204698,Avène,Cicalfate+ creme reparatrice protectrice,AVENE THERMAL SPRING WATER (AVENE AQUA). CAPRYLIC/CAPRIC TRIGLYCERIDE. MINERAL OIL (PARAFFINUM LIQUI - DUM). GLYCERIN. HYDROGENATED VEGETABLE OIL. ZINC OXIDE. PROPY - LENE GLYCOL. POLYGLYCERYL-2 SESQUIISOSTEARATE. PEG-22/DODE - CYL GLYCOL COPOLYMER. ALUMI - NUM STEARATE. AQUAPHILUS DOLO - MIAE FERMENT FILTRATE. ARGININE. BEESWAX (CERA ALBA). COPPER SULFATE. MAGNESIUM STEARATE. MAGNESIUM SULFATE. MICROCRYS - TALLINE WAX (CERA MICROCRISTALLI - NA). TROMETHAMINE. ZINC SULFATE.,en:france,15 ml,https://world.openbeautyfacts.org/product/3282770204698,https://images.openbeautyfacts.org/images/products/328/277/020/4698/front_en.19.400.jpg,open_beauty_facts
3282779042673,Avène,Eau thermale SPF 20,"Avene thermal spring water (avene aqua), octocrylene, C12-15 alkyl benzoate, glycerin, water (aqua), methylene bis-benzotriazolyl tetramethylbutylphenol, cyclomethicone, diisopropyl adipate, dicaprylyl ether, bis-ethylhexyloxyphenol methoxyphenyl triazine, butyl methoxydibenzoylmethane, cetearyl isononanoate. titanium dioxide, lauryl glucoside, polyglyceryl-2 dipolyhydroxystearate, dimethicone, caprylic/capric triglyceride, caprylyl glycol, decyl glucoside, disodium edta, fragrance (parfum), propylene glycol, silica, sorbic acid, tocopheryl glucoside, xanthan gum, citric acid, tocopherol",en:france,200 ml,https://world.openbeautyfacts.org/product/3282779042673,https://images.openbeautyfacts.org/images/products/328/277/904/2673/front_fr.3.400.jpg,open_beauty_facts
3282770072815,Avène,Cold Cream  - Crème mains concentrée,"AVENE THERMAL SPRING WATER JAVENE AQUA). GLYCERIN. MINERAL OIL (PARAFFINUM QUDUMI, CAPRYUC/CAPRIC TRIGLYCERDE. CEIEARY. ALCOHOL POLYMETHYL. METHACRYLATE. GIYCERYL STEARATE. ALUMINUM SUCROSE OCTASULFATE. PEG-I00 SIEARATE. BEESWAX (CERA ALBA), BENZOIC ACID. BISABOLOL CAPRYLYL GLYCOL CETEARYL GLUCOSIDE. CETYL ALCOHOL RAGRANCE (PARFUMI. HYDROXYPROPYL GUAR. SODIUM HYDROXIDE. WATER (AQUA).",en:france,50 ml,https://world.openbeautyfacts.org/product/3282770072815,https://images.openbeautyfacts.org/images/products/328/277/007/2815/front_fr.21.400.jpg,open_beauty_facts
3282779002738,Avène,Cold Cream - crème,"MINERAL OIL (PARAF - FINUM LIQUIDUM). AVENE THERMAL SPRING WATER (AVENE AQUA). BEES WAX (CERA ALBA). GLYCERYL STEARATE. CETYL ALCOHOL, BHT. C20-40 PA - RETH-10. CAPRYLYL GLYCOL. CETYL PHOSPHATE. FRAGRANCE (PARFUM). POLYACRYLATE-13. POLYISOBUTENE. POLYSORBATE 20. SODIUM HYDROX - DE. SORBITAN ISOSTEARATE. TRIETHA - NOLAMINE. WATER (AQUA).",en:france;en:morocco,40 ml,https://world.openbeautyfacts.org/product/3282779002738,https://images.openbeautyfacts.org/images/products/328/277/900/2738/front_fr.6.400.jpg,open_beauty_facts
3282770204667,Avene,Cicalfate +,"Avene thermal spring water, caprylic triglyceride, mineral oil (paraffinum liquidum), glycerin, hydrogenated vegetable oil, zinc oxide, propylene glycol, polyglyceryl-2 sesquisostearate, peg-22/dodecyl glycol copolymer, aluminum stearate, aquaphilus dolomiae ferment filtrate, arginine, beeswax (cera alba), copper sulfate, magnesium stearate, magnesium sulfate, microcrystalinne wax (cera microcristallina), tromethamine, zinc sulfate",en:algeria;en:france;en:morocco;en:switzerland,40 ml,https://world.openbeautyfacts.org/product/3282770204667,https://images.openbeautyfacts.org/images/products/328/277/020/4667/front_en.5.400.jpg,open_beauty_facts
3282779416139,"Avène, Pierre Fabre",Cicalfate,"Eau thermal Avène, paraffine (Paraffinum liquidum). Myreth-3 myristate. PEG-45/dodecyl glycol copolymer. Diméthicone. Aluminium sucrose, octasulfate. Octyldodecanol PEG-7 glyceryl cocoate. Aluminum starch octenylsuccinate. Glycérine. Cire d'abeille (cera alba). Alcool cetyl, sulfate de cuivre. Dimethiconol, disteardimonium hectorite. Glyceryl stearate,. Sulfate de magnésium. Phenoxyethanol sodium benzoate. Gomme xanthane. Sulfate de zinc.",en:france,100 ml,https://world.openbeautyfacts.org/product/3282779416139,https://images.openbeautyfacts.org/images/products/328/277/941/6139/front_fr.19.400.jpg,open_beauty_facts
3282770395372,Avene,Sunsitive Sunscreen Spray SPF 50+,BUTYL METHOXYDIBENZOYLMETHANE. HOMOSALATE. OCTOCRYLENE. OCTO SALICYLATE. ACRYLATES/C10-30 ALKYL ACRYLATE CROSSPOLYMER. ALKYL (C12 - 15) BENZOATE. ALOE VERA. CAPRYLYL GLYCOL. CARBOMER 941. CITRIC ACID. DL-ALPHA-TOCOPHERYL ACETATE. GLYCEROL. OCTANOHYDROXAMIC ACID. PEG-15 COCAMINE. PEG-40 STEARATE. PURIFIED WATER. SILICON DIOXIDE. TROLAMINE. WHITE BEESWAX.,en:australia,200ml,https://world.openbeautyfacts.org/product/3282770395372,https://images.openbeautyfacts.org/images/products/328/277/039/5372/front_en.3.400.jpg,open_beauty_facts
3282770389883,Avéne,Xeracalm lipid-replenishing cleansing oil,AVENE THERMAL SPRING WATER (AVENE AQUA). GLYCERIN. WATER (AQUA). HYDROGENATED STARCH HYDROLYSATE. DISODIUM COCOAMPHODIACETATE. DECYL GLUCOSIDE. POLYSORBATE 20. SODIUM CHLORIDE. CETEARETH-60 MYRISTYL GLYCOL. AQUAPHILUS DOLOMIAE EXTRACT. ARGININE. CITRIC ACID. COCO-GLUCOSIDE. EVENING PRIMROSE OIL/PALM OIL AMINOPROPANEDIOL ESTERS. GLYCERYL OLEATE. GLYCINE. HYDROGENATED VEGETABLE GLYCERIDES CITRATE. SIMMONDSIA CHINENSIS (JOJOBA) SEED OIL (SIMMONDSIA CHINENSIS SEED OIL). SODIUM BENZOATE. TOCOPHEROL. TRISODIUM ETHYLENEDIAMINE DISUCCINATE,en:canada;en:united-kingdom,400ml,https://world.openbeautyfacts.org/product/3282770389883,https://images.openbeautyfacts.org/images/products/328/277/038/9883/front_en.3.400.jpg,open_beauty_facts
3282779069519,Avène,Avène - Cicalfate crème réparatrice,"AVENE THERMAL SPRING wATER (AVENE AQUA) CAPRYLIC/CAPRIC TRIGLYCERIDE, MINERAL OIL (PARAFFINUM LIQUIDUM). HYDROGENATED VEGETABLE OIL. GLYCERIN. ZINC OXIDE. PROPYLENE GLYCOL. POLYGLYCERYL 2SESQUIISOSTEARATE. PEG22/DODECYL GLYCOL COPOLYMER. ALUMINUM SUCROSE OCTASULFATE. ALUMINUM STEARATE. BEESWAX CERA ALBA). COPPER SULFATE. MAGNE - SIUM STEARATES MAGNESIUM SULFATE. MiCROCRYSTALLINE WAX. WATER (AQUA). ZINC SULFATE",en:france,,https://world.openbeautyfacts.org/product/3282779069519,,open_beauty_facts
3282779350655,Avène,Cleansing Foam,"Water (Avène Thermal Spring Water), Sodium Cocoamphoacetate, Disodium Cocoyl Glutamate, Sodium Chloride, Citric Acid, Disodium Edta, Fragrance, Glutamic Acid, Lactic Acid, Propylene Glycol, Sodium Benzoate.",en:france,,https://world.openbeautyfacts.org/product/3282779350655,https://images.openbeautyfacts.org/images/products/328/277/935/0655/front_fr.9.400.jpg,open_beauty_facts
3282779051514,Avène,Gentle Milk Cleanser,"Water (Avène Thermal Spring Water), Mineral Oil, Propylene Glycol, Peg-6 Stearate, Peg-32 Stearate, 1,2 Hexanediol, Acrylates/C10-30 Alkyl Acrylate Crosspolymer, C12-20 Alkyl Glucoside, C14-22 Alcohols, Capryl Glycol, Carbomer, Fragrance, Palmitic Acid, Sodium Hyaluronate, Sodium Hydroxide, Stearic Acid.",en:france,200 ml,https://world.openbeautyfacts.org/product/3282779051514,https://images.openbeautyfacts.org/images/products/328/277/905/1514/front_fr.6.400.jpg,open_beauty_facts
3282779365529,Avène,Cleanance Cleansing Gel,"Avene Thermal Spring Water (Avene Aqua), Water (Aqua), Zinc Coceth Sulphate, Lauryl Betaine, Decyl Glucoside, Ceteareth-60 Myristyl Glycol, Peg-7 Glyceryl Cocoate, Polysorbate 20, Citric Acid, Fragrance (Perfume), Green 5 (Ci 61570), Isopropyl Alcohol, Peg-40 Hydrogenated Castor Oil, Peg-6, Ppg-26-Buteth-26, Silybum Marianum Fruit Extract, Sodium Benzoate, Sodium Chloride, Sodium Hydroxide, Trisodium Ethylenediamine Disuccinate, Yellow 5 (Ci 19140), Zinc Gluconate.",en:algeria,,https://world.openbeautyfacts.org/product/3282779365529,https://images.openbeautyfacts.org/images/products/328/277/936/5529/front_fr.6.400.jpg,open_beauty_facts
3282770100259,Avene,Avene Cleanance Gel Nettoyant,A VVAIER AGUA). WATER }SEIHIONATE. COCETH SULFATE. POIYSORBATE 20. SODIUM CETEARETH-60 MYRISTYI GLYCOL. PEG40 HYDROGENATED Clïk:c AC!D. DiSODlUM EDTA. FRAGRANCE (PARFUM). GIYCERYI IAURATE. 5 (Cl 61570). IAURIC ACD. SODIUM BENZOATE. SODIUM CHIORIDE. SODIUM SODIUM METHYL ISETHIONATE. YEIIOW 5 (Cl 19140). ZINC GLUCONATE.,en:france,,https://world.openbeautyfacts.org/product/3282770100259,https://images.openbeautyfacts.org/images/products/328/277/010/0259/front_fr.10.400.jpg,open_beauty_facts
3282779363815,"Avène, Eau Thermale Avène",Très Haute Protection Spray 50+ SPF,"AVENE THERMAL SPRING WATER (AVENE AQUA), C12-15 ALKYL BENZOATE, DICAPRYLYL CARBONATE, METHYLENE BIS-BENZOTRIAZOLYL TETRAMETHYLBUTYLPHENOL [NANO], WATER (AQUA), GLYCERIN, BIS-ETHYLHEXYLOXYPHENOL METHOXYPHENYL TRIAZINE, DIETHYLHEXYL BUTAMIDO TRIAZONE, DIISOPROPYL ADIPATE, BUTYL METHOXYDIBENZOYLMETHANE, CETEARYL ISONONANOATE, LAURYL GLUCOSIDE, POLYGLYCERYL-2 DIPOLYHYDROXYSTEARATE, DECYL GLUCOSIDE, BENZOIC ACID, CAPRYLIC/CAPRIC TRIGLYCERIDE, CAPRYLYL GLYCOL, CITRIC ACID, DISODIUM EDTA, FRAGRANCE (PARFUM), GLYCERYL BEHENATE, GLYCERYL DIBEHENATE, HYDROGENATED PALM GLYCERIDES, HYDROGENATED PALM KERNEL GLYCERIDES, POLYACRYLATE-13, POLYISOBUTENE, POLYSORBATE 20, PROPYLENE GLYCOL, SORBITAN ISOSTEARATE, TOCOPHEROL, TOCOPHERYL GLUCOSIDE, TRIBEHENIN, XANTHAN GUM,",en:france,200 ml,https://world.openbeautyfacts.org/product/3282779363815,,open_beauty_facts
9518174877218,"Avène, Pierre Fabre",Cold cream,"Avene thermal spring water (Avene aqua), glycerin, mineral oil, paraffinum liquidum, caprylic/capric triglyceride, cetearyl, alcohol, polymethyl, methacrylate glyceryl stearate, aluminium sucrose octasulfate, PEG-100 stearate, beeswax (cera alba), benzoic acid, bisabolol, caprylyl glycol, cetearyl, glucoside, cetyl alcohol, fragrance (parfum), hydroxypropyl guar, sodium hydroxide, water (aqua).",en:france,50 ml,https://world.openbeautyfacts.org/product/9518174877218,https://images.openbeautyfacts.org/images/products/951/817/487/7218/front_fr.6.400.jpg,open_beauty_facts
3282779176880,"Avène, Eau Thermale",Avène Gel Lavant Pediatril,"Avene Thermal Spring Water (Avene Aqua). Aqua. Disodium cocoyl Glutamate. sodium cocoamphoacetate. acrylates/C10-30 Alkyl Acrylate Crosspolymer.1,2 Hexanediol. Potassium Sorbate. Propylene Glycol. Sodium Chloride. Caprylyl Glycol",en:france,500 ml,https://world.openbeautyfacts.org/product/3282779176880,https://images.openbeautyfacts.org/images/products/328/277/917/6880/front_fr.12.400.jpg,open_beauty_facts
0192333066942,Clinique,Clinique Moisture Surge 100H Auto-Replenishing Hydrator 75 ml,"Water\Aqua\Eau, Dimethicone, Butylene Glycol, Glycerin, Trisiloxane, Trehalose, Sucrose, Ammonium Acryloyldimethyltaurate/Vp Copolymer, Hydroxyethyl Urea, Camellia Sinensis (Green Tea) Leaf Extract, Silybum Marianum (Lady's Thistle) Extract, Betula Alba (Birch) Bark Extract, Saccharomyces Lysate Extract, Aloe Barbadensis Leaf Water, Aloe Barbadensis Leaf Extract, Thermus Thermophillus Ferment, Caffeine, Sorbitol, Palmitoyl Hexapeptide-12, Sodium Hyaluronate, Caprylyl Glycol, Oleth-10, Sodium Polyaspartate, Aloe Barbadensis Leaf Polysaccharides, Lactobacillus Ferment Lysate, Saccharide Isomerate, Hydrogenated Lecithin, Tocopheryl Acetate, Acrylates/C10-30 Alkyl Acrylate Crosspolymer, Glyceryl Polymethacrylate, Tromethamine, Peg-8, Hexylene Glycol, Magnesium Ascorbyl Phosphate, Citric Acid, Bht, Disodium Edta, Sodium Citrate, Potassium Sorbate, Sodium Benzoate, Phenoxyethanol, Red 4 (CI 14700), Yellow 5 (CI 19140).",en:netherlands,"All Skin Types, 75",https://world.openbeautyfacts.org/product/0192333066942,https://images.openbeautyfacts.org/images/products/019/233/306/6942/front_en.3.400.jpg,open_beauty_facts
0020714598907,Clinique,Clinique Dramatically Different Moisturizing Lotion+ 125 ml,"Water / Aqua / Eau, Mineral Oil / Paraffinum Liquidum / Huile Minérale, Glycerin, Petrolatum, Stearic Acid, Glyceryl Stearate, Sesamum Indicum (Sesame) Oil, Urea, Lanolin Alcohol, Triethanolamine, Hordeum Vulgare (Barley) Extract / Extrait D'Orge, Cucumis Sativus (Cucumber) Fruit Extract, Helianthus Annuus (Sunflower) Seedcake, Propylene Glycol Dicaprate, Sodium Hyaluronate, Butylene Glycol, Pentylene Glycol, Trisodium EDTA, Phenoxyethanol, Yellow 6 (CI 15985), Yellow 5 (CI 19140), Red 33 (CI 17200).",en:netherlands,"Very Dry To Dry Combination, 125",https://world.openbeautyfacts.org/product/0020714598907,https://images.openbeautyfacts.org/images/products/002/071/459/8907/front_en.3.400.jpg,open_beauty_facts
0020714382742,Clinique,Clinique For Men Anti-Age Eye Cream 15 ml,"triticum vulgare wheat germ extract hordeun vulgare (barley) extract extrait d'orge methyl glucose sesquistearate sigesbeckia orientalis (st. paul's wort extract camellia sinensis (green tea) leaf extract polysili cone-11-whey protein lactis protein protéine du petit-lait-caffeine glyceryl polymethacrylate peg-100 stearate-squalane peg-8-acrylates/c10-30 alkyl acrylate cross - polymer-phytosphingosine dimethicone cholesterol linoleic acid-sodium hyaluronate-yeast extract faex extrait de levure dipropylene glycol palmitoyl hexapeptide-12 - magnesium ascorbyl phosphate 1,2-hexanediol caprylyl glycol aminomethyl propanol tocopheryl acetate potassium sulfate stearic acid disodium edta phenoxyethanol sodium dehydroacetate mica iron oxides (ci 77491) xellow 5 (ci 19140) titanium dioxide (ci 77891) (iln47569) clinique labs dist new york, ny 10022 wlb ltd, gu32 3dd, uk wlbs nv oevel be-2260 made in u.s.a. 6tcr 6m c",en:netherlands,"100% Fragrance- Free, 15",https://world.openbeautyfacts.org/product/0020714382742,https://images.openbeautyfacts.org/images/products/002/071/438/2742/front_en.8.400.jpg,open_beauty_facts
0192333102749,Clinique,Clinique Smart Clinical Repair Wrinkle Correcting Eye Cream 15 ml,en naria digitata extract saccharomyces lysate extract. camellia sinensis leaf extract sigesbeckia orientalis (st. paul's wort) extract-whey protein\lactis protein\ protéine du petit-lait-prunus amygdalus dulcis (sweet almond) seed extract-acetyl hexapeptide-8 acetyl octapeptide-3 palmitoyl tripeptide-1 palmitoyl tetra - peptide-7 palmitoyl hexapeptide-12-phytosteryl/ isostearyl/cetyl/stearyl/behenyl dimer dilinoleate. lactobacillus ferment-sodium hyaluronate tocoph - eryl acetate butylene glycol-cetearyl alcohol caf - feine tetrahexyldecyl ascorbate sucrose acetyl glucosamine dipotassium glycyrrhizate arachidyl glucoside jojoba esters-tridecyl stearate-dipenta - erythrityl hexacaprylate/hexacaprate molasses extract\saccharum officinarum extrait de mélasse. trehalose-ethylhexylglycerin-cholesterol bisabolol. peg-8-beeswaxicera albaicire d'abeille glyceryl acrylate/acrylic acid copolymer-glycine soja (soybean) seed extract-caprylyl glycol-tocopherol-nylon-12 - potassium cetyl phosphate-glyceryl polymethacrylate acrylates/c10-30 alkyl acrylate crosspolymer-am - ▼,en:netherlands,15,https://world.openbeautyfacts.org/product/0192333102749,https://images.openbeautyfacts.org/images/products/019/233/310/2749/front_en.9.400.jpg,open_beauty_facts
0020714236274,Clinique,Clinique for Men Face Wash,"Água, Aloe vera, Sucrose, Glicerina, Water, Palmitic Acid, Myristic Acid, Lauric Acid, Glycerin, Potassium Hydroxide, Peg-100 Stearate, Magnesium Aluminum Silicate, Cetyl Alcohol, Stearyl Alcohol, Sodium Hydroxide, Phenoxyethanol, Disodium Edta, Methylparaben, Propylparaben, Red 33 (Ci 17200)",en:brazil,200 ml,https://world.openbeautyfacts.org/product/0020714236274,,open_beauty_facts
0020714258511,Clinique,Take The Day Off Cleansing Oil,"Cetyl Ethylhexanoate, Triethylhexanoin, PEG-20 Glyceryl Triisostearate, Polybutene, PEG-8 Diisostearate, PEG-12 Diisostearate, PPG-15 Stearyl Ether, Water / Aqua / Eau, Tocopheryl Acetate, Glycerin, Caprylyl Glycol, Glyceryl Laurate, BHT.",en:united-states,,https://world.openbeautyfacts.org/product/0020714258511,https://images.openbeautyfacts.org/images/products/002/071/425/8511/front_en.3.400.jpg,open_beauty_facts
0020714689186,Clinique,Clinique for Men Oil-Control Mattifying Moisturizer,"Glicerina, Ácido hialurônico, Aloe vera, Ureia, Extrato de cevada, Óleo de girassol, Extrato de pepino",en:brazil,250 ml,https://world.openbeautyfacts.org/product/0020714689186,,open_beauty_facts
0020714821234,Clinique,Travel Size Take The Day Off Cleansing Balm,"Ethylhexyl Palmitate, Carthamus Tinctorius (Safflower) Seed Oil, Caprylic / Capric Triglyceride, Sorbeth-30 Tetraoleate, Polyethylene, PEG-5 Glyceryl Triisostearate, Water / Aqua / Eau, Tocopherol, Phenoxyethanol.",en:united-states,,https://world.openbeautyfacts.org/product/0020714821234,https://images.openbeautyfacts.org/images/products/002/071/482/1234/front_en.3.400.jpg,open_beauty_facts
0020714900267,Clinique,All About Clean Rinse-Off Foaming Cleanser,"Water / Aqua / Eau, Potassium Myristate, Glycerin, Potassium Behenate, Sodium Methyl Cocoyl Taurate, Potassium Palmitate, Potassium Laurate, Potassium Sterate, PEG-3 Distearate, Cholesteryl Hydroxystearate, Butylene Glycol, Sodium Hyaluronate, Trisodium EDTA, Disodium EDTA, Phenoxyethanol, Ext. Violet 2 (CI 60730), Red 4 (CI 14700).",en:united-states,,https://world.openbeautyfacts.org/product/0020714900267,https://images.openbeautyfacts.org/images/products/002/071/490/0267/front_en.3.400.jpg,open_beauty_facts
0885257132847,Clinique,Clinique For Men Face Scrub,"Water, Glyceryl Stearate, Silica, Hexylene Glycol, Disodium Cocoamphodiacetate, Salicylic Acid",en:brazil,100 ml,https://world.openbeautyfacts.org/product/0885257132847,,open_beauty_facts
0593911549114,Clinique,Fresh Pressed 7-Day System with Pure Vitamin C,"Water\Aqua\Eau, Ascorbic Acid, Glycerin, Dimethicone, Squalane, Butylene Glycol, Dipropylene Glycol, Acetyl Glucosamine, Cucumis Sativus (Cucumber) Fruit Extract, Hordeum Vulgare (Barley) Extract\Extrait D'Orge, Morus Nigra (Mulberry) Root Extract, Molasses Extract\Saccharum Officinarum\Extrait De Mélasse, Laminaria Digitata Extract, Scutellaria Baicalensis Root Extract, Acetyl Hexapeptide-8, Vitis Vinifera (Grape) Fruit Extract, Algae Extract, Palmitoyl Hexapeptide-12, Palmitoyl Tripeptide-1, Palmitoyl Tetrapeptide-7, Alcaligenes Polysaccharides, Caffeine, Sucrose, Whey Protein\Lactis Protein\Protéine Du Petit-Lait, Betaine, Salicylic Acid, Glycine Soja (Soybean) Protein, Sodium Hyaluronate, Caprylyl Glycol, Sigesbeckia Orientalis (St. Paul'S Wort) Extract, Bis-PEG-18 Methyl Ether Dimethyl Silane, Propylene Glycol Dicaprate, Helianthus Annuus (Sunflower) Seedcake, Allyl Methacrylates Crosspolymer, Carbomer, Glyceryl Polymethacrylate, Tromethamine, Xanthan Gum, Potassium Sorbate, PEG-8, Polysorbate 20, Sodium Citrate, Disodium EDTA, Phenoxyethanol Rds Product Name: Fresh Pressed Powder Cleanser Division: Cl (Clinique)Maltodextrin, Sodium Lauryl Sulfoacetate, Sodium Cocoyl Isethionate, Sodium Methyl Cocoyl Taurate, Kaolin, Ascorbic Acid, Sodium Chloride, Sapindus Mukurossi Peel Extract, Salicylic Acid, Allyl Methacrylates Crosspolymer, Cyclodextrin, Coconut Acid, Ethylbisiminomethylguaiacol Manganese Chloride, Water\Aqua\Eau, Disodium EDTA.",en:united-states,,https://world.openbeautyfacts.org/product/0593911549114,https://images.openbeautyfacts.org/images/products/059/391/154/9114/front_en.3.400.jpg,open_beauty_facts
0736032631508,Clinique,Clinique For Men Face Wash,"Water / Aqua / Eau, Sodium Laureth Sulfate, Sodium Chloride, Cocamidopropyl Hydroxysultaine, Lauramidopropyl Betaine, Sodium Cocoyl Sarcosinate, Tea-Cocoyl Glutamate, Aloe Barbadensis Leaf Juice, Sodium Hyaluronate, Sucrose, Di-PPG-2 Myreth-10 Adipate, Hexylene Glycol, Chamomilla Recutita (Matricaria), Butylene Glycol, Caprylyl Glycol, Cetyl Triethylmonium Dimethicone PEG-8 Succinate, Sodium Sulfate, Polyquaternium-7, Laureth-2, PEG-120 Methyl Glucose Dioleate, Tocopheryl Acetate, EDTA, Disodium EDTA, Sodium Benzoate, Phenoxyethanol.",en:united-states,,https://world.openbeautyfacts.org/product/0736032631508,https://images.openbeautyfacts.org/images/products/073/603/263/1508/front_en.3.400.jpg,open_beauty_facts
0207146744762,Clinique,Clinique For Men Charcoal Face Wash,"Water / Aqua / Eau, Cocamidopropyl Hydroxysultaine, Coco-Betaine, Sodium Lauroyl Oat Amino Acids, Decyl Glucoside, Sodium Cocoyl Sarcosinate, Acrylates Copolymer, Sodium Chloride, Disodium Cocoyl Glutamate, Glycerin, Caffeine, Sodium Cocoyl Glutamate, Monosodium Citrate, Butylene Glycol, Citric Acid, Charcoal Powder, Sodium Hydroxide, Disodium EDTA, Methylchloroisothiazolinone, Methylisothiazolinone, Phenoxyethanol, Iron Oxides (CI 77499).",en:united-states,,https://world.openbeautyfacts.org/product/0207146744762,https://images.openbeautyfacts.org/images/products/020/714/674/4762/front_en.3.400.jpg,open_beauty_facts
0695652145638,Clinique,All About Clean Liquid Facial Soap Mild,"Water / Aqua / Eau, Sodium Laureth Sulfate, Sodium Chloride, Cocamidopropyl Hydroxysultaine, Lauramidopropyl Betaine, Sodium Cocoyl Sarcosinate, Tea-Cocoyl Glutamate, Di-PPG-2 Myreth-10 Adipate, Aloe Barbadensis Leaf Juice, PEG-120 Methyl Glucose Dioleate, Sucrose, Sodium Hyaluronate, Cetyl Triethylmonium Dimethicone PEG-8 Succinate, Butylene Glycol, Hexylene Glycol, Polyquaternium-7, Laureth-2, Caprylyl Glycol, Sodium Sulfate, Tocopheryl Acetate, EDTA, Disodium EDTA, Phenoxyethanol.",en:united-states,,https://world.openbeautyfacts.org/product/0695652145638,https://images.openbeautyfacts.org/images/products/069/565/214/5638/front_en.3.400.jpg,open_beauty_facts
3605970720858,Kiehl's,Kiehl's Ultra Facial Cream,"Aqua/Water, Glycerin, Cyclohexasiloxane, Squalane, Bis-PEG-18 Methyl Ether Dimethyl Silane, Sucrose Stearate, Stearyl Alcohol, PEG-8 Stearate, Myristyl Myristate, Pentaerythrityl Tetraethylhexanoate, Prunus Armeniaca Kernel Oil/Apricot Kernel Oil, Phenoxyethanol, Persea Gratissima Oil/Avocado Oil, Glyceryl Stearate, Cetyl Alcohol, Oryza Sativa Bran Oil/Rice Bran Oil, Olea Europaea Fruit Oil/Olive Fruit Oil, Chlorphenesin, Stearic Acid, Palmitic Acid, Disodium EDTA, Acrylates/C10-30 Alkyl Acrylate Crosspolymer, Carbomer, Prunus Amygdalus Dulcis Oil/Sweet Almond Oil, Xanthan Gum, Ethylhexylglycerin, Sodium Hydroxide, Tocopherol, Glycine Soja Oil/Soybean Oil, Pseudoalteromonas Ferment Extract, Myristic Acid, Hydroxypalmitoyl Sphinganine, BHT, Salicylic Acid, Citric Acid.",en:turkey,28 ml,https://world.openbeautyfacts.org/product/3605970720858,https://images.openbeautyfacts.org/images/products/360/597/072/0858/front_tr.5.400.jpg,open_beauty_facts
3605970360757,Kiehl's,Ultra Facial Cream,"Aqua/Water, Glycerin, Dimethicone, Squalane, Bis-PEG-18 Methyl Ether Dimethyl Silane, Sucrose Stearate, Stearyl Alcohol, PEG-8 Stearate, Myristyl Myristate, Prunus Armeniaca Kernel Oil / Apricot Kernel Oil, Phenoxyethanol, Persea Gratissima Oil / Avocado Oil, Glyceryl Stearate, Cetyl Alcohol, Oryza Sativa Bran Oil / Rice Bran Oil, Olea Europaea Fruit Oil / Olive Fruit Oil, Chlorphenesin, Stearic Acid, Palmitic Acid, Carbomer, Acrylates / C10-30 Alkyl Acrylate Crosspolymer, Trisodium Ethylenediamine Disuccinate, Prunus Amygdalus Dulcis Oil / Sweet Almond Oil, Xanthan Gum, Ethylhexylglycerin, Sodium Hydroxide, Tocopherol, Glycine Soja Oil / Soybean Oil, Pseudoalteromonas Ferment Extract, Myristic Acid, Hydroxypalmitoyl Sphinganine, Salicylic Acid, Helianthus Annuus Seed Oil / Sunflower Seed Oil, Rosmarininus Officinalis Leaf Extract / Rosemary Leaf Extract, Citric Acid.",en:canada;en:france,50 ml,https://world.openbeautyfacts.org/product/3605970360757,https://images.openbeautyfacts.org/images/products/360/597/036/0757/front_en.23.400.jpg,open_beauty_facts
11033661,Kiehl's,Ultra facial cream,"Aqua/Water, Glycerin, Cyclohexasiloxane, Squalane, Bis-PEG-18 Methyl Ether Dimethyl Silane, Sucrose Stearate, Stearyl Alcohol, PEG-8 Stearate, Myristyl Myristate, Pentaerythrityl Tetraethylhexanoate, Prunus Armeniaca Kernel Oil/Apricot Kernel Oil, Phenoxyethanol, Persea Gratissima Oil/Avocado Oil, Glyceryl Stearate, Cetyl Alcohol, Oryza Sativa Bran Oil/Rice Bran Oil, Olea Europaea Fruit Oil/Olive Fruit Oil, Chlorphenesin, Stearic Acid, Palmitic Acid, Disodium EDTA, Acrylates/C10-30 Alkyl Acrylate Crosspolymer, Carbomer, Prunus Amygdalus Dulcis Oil/Sweet Almond Oil, Xanthan Gum, Ethylhexylglycerin, Sodium Hydroxide, Tocopherol, Glycine Soja Oil/Soybean Oil, Pseudoalteromonas Ferment Extract, Myristic Acid, Hydroxypalmitoyl Sphinganine, BHT, Salicylic Acid, Citric Acid.",en:spain,50 ml,https://world.openbeautyfacts.org/product/11033661,https://images.openbeautyfacts.org/images/products/000/001/103/3661/front_es.3.400.jpg,open_beauty_facts
0666674808627,Kiehl's,Kiehl's Facial Fuel Eye De-Puffer,"Water, Glycerin, Butylene Glycol, Caffeine, Tocopheryl Acetate, Hydrolyzed Wheat Protein, Hydrolyzed Soy Protein, Hydrolyzed Milk Protein, Sodium Hyaluronate, Tetrahexyldecyl Ascorbate, Squalane, Allantoin, Sodium PCA, Trehalose, Urea, Sodium Lactate, PCA, Sorbitol, Sodium Benzoate, Potassium Sorbate, Citric Acid, Disodium EDTA, Fragrance, Blue 1 (CI 42090), Yellow 5 (CI 19140)",en:brazil;en:netherlands,15 ml,https://world.openbeautyfacts.org/product/0666674808627,,open_beauty_facts
37001947163524,Kiehl's,Kiehl's Avocado Eye Cream,"AQUA / WATER,BUTYROSPERMUM PARKII BUTTER / SHEA BUTTER,BUTYLENE GLYCOL,TRIDECYL STEARATE,PEG-30 DIPOLYHYDROXYSTEARATE,ISODECYL SALICYLATE,TRIDECYL TRIMELLITATE,PERSEA GRATISSIMA OIL / AVOCADO OIL,ISOCETYL STEAROYL STEARATE,PROPYLENE GLYCOL,DIPENTAERYTHRITYL HEXACAPRYLATE/HEXACAPRATE,SORBITAN SESQUIOLEATE,MAGNESIUM SULFATE,HYDROGENATED CASTOR OIL,SODIUM PCA,PHENOXYETHANOL,CHLORPHENESIN,HYDROGENATED JOJOBA OIL,P-ANISIC ACID,TOCOPHERYL ACETATE,ISOPROPYL PALMITATE,DISODIUM EDTA,COPPER PCA,HELIANTHUS ANNUUS SEED OIL / SUNFLOWER SEED OIL,CI 40800 / BETA-CAROTENE,CITRIC ACID",en:brazil,14 g,https://world.openbeautyfacts.org/product/37001947163524,,open_beauty_facts
3700194714413,Kiehl's,Creamy Eye Treatment with Avocado,"AQUA / WATER,BUTYROSPERMUM PARKII BUTTER / SHEA BUTTER,BUTYLENE GLYCOL,TRIDECYL STEARATE,PEG-30 DIPOLYHYDROXYSTEARATE,ISODECYL SALICYLATE,TRIDECYL TRIMELLITATE,PERSEA GRATISSIMA OIL / AVOCADO OIL,ISOCETYL STEAROYL STEARATE,PROPYLENE GLYCOL,DIPENTAERYTHRITYL HEXACAPRYLATE/HEXACAPRATE,SORBITAN SESQUIOLEATE,MAGNESIUM SULFATE,HYDROGENATED CASTOR OIL,SODIUM PCA,PHENOXYETHANOL,CHLORPHENESIN,HYDROGENATED JOJOBA OIL,P-ANISIC ACID,TOCOPHERYL ACETATE,ISOPROPYL PALMITATE,DISODIUM EDTA,COPPER PCA,HELIANTHUS ANNUUS SEED OIL / SUNFLOWER SEED OIL,CI 40800 / BETA-CAROTENE,CITRIC ACID",en:united-states,,https://world.openbeautyfacts.org/product/3700194714413,https://images.openbeautyfacts.org/images/products/370/019/471/4413/front_en.3.400.jpg,open_beauty_facts
3605971545672,Kiehl's,Ultra facial cream,"Aqua/Water, Glycerin, Cyclohexasiloxane, Squalane, BIS-PEG-18 Metyl Ether Dimethyl Silane, Sucrose Stearate, Stearyl Alcohol, PEG-8 Stearate, Urea, Myristyl Myristate Pentaerythrityl Tetraethylhexanoate, Prunus Armeniaca Kernel Oil/Apricot Kernel Oil, Phenoxyethanol, Persea Gratissima Oil/Avocado Oil, Olea Europaea Oil/Olive Fruit Oil, Oryza Sativa Bran Oil/Rice Bran Oil, Cetyl Alcohol, Glyceryl Stearate, Imperata Cylindrica Root Extract, Stearic Acid, Methylparaben, Chlorphenesin, Palmitic Acid, Disodium EDTA, Acrylates/C10-30 Alkyl Acrylate Crosspolymer, Propylparaben, Carbomer, Triethanolamine, Prunus Amygdalus Dulcis Oil/ Sweet Almond Oil, Xanthan Gum, Sodium Hydroxide, Tocopherol, Pseudoalteromonas Ferment Extract, Hydroxypalmitoyl Sphinganine, Caprylyl Glycol",en:sweden,125 ml,https://world.openbeautyfacts.org/product/3605971545672,https://images.openbeautyfacts.org/images/products/360/597/154/5672/front_en.4.400.jpg,open_beauty_facts
4901301405340,Curèl,Curèl Intensive Moisturizer,"Allantoin*, Water, Concentrated Glycerin, Sorbitol Solution, Liquid P araffin, Hexadecyloxy PG Hydroxyethylhexadecanamide, Phytosteryl/ Octyldodecyl Lauroyl Glutamate, PEG-12, Petrolatum, Dimethicone, Eucalyptus Extract, Butylene Glycol, Vitamin E, N,N-Dimethylaminoe thyl Diethyl Methacrylate Sulfate/N,N-Dimethylacrylamide/Polyethyle ne Glycol Dimethacrylate Copolymer/PEG Mixture, Succinic Acid, Ar ginine, Cetyl Alcohol, Stearyl Alcohol, Distearyldimonium Chloride, P henoxyethanol, Isopropanol * indicates active ingredients. Those with out a label indicate other ingredients.",en:singapore,310g,https://world.openbeautyfacts.org/product/4901301405340,https://images.openbeautyfacts.org/images/products/490/130/140/5340/front_en.3.400.jpg,open_beauty_facts
4901301269348,Curél,Foaming Facial Wash,"Aqua, Glycerin, Maltitol, Propylene Glycol, PEG-150, Sodium Cocoyl Glutamate, Sodium Lauroyl Aspartate, Lauryl Hydroxysultaine, Polysorbate 60, Ethylhexylglycerin, Disodium EDTA, Dipotassium Glycyrrhizate, Potassium Hydroxide, Phenoxyethanol, Methylparaben",en:hong-kong,150 mL,https://world.openbeautyfacts.org/product/4901301269348,https://images.openbeautyfacts.org/images/products/490/130/126/9348/front_en.3.400.jpg,open_beauty_facts
0785923017518,Curél,Foaming Facial Wash,"Water/Aqua, Glycerin, Maltitol, Propylene Glycol, PEG-150, Sodium Cocoyl Glutamate, Sodium Lauroyl Aspartate, Lauryl Hydroxysultaine, Polysorbate 60, Ethylhexylglycerin, Disodium EDTA, Dipotassium Glycyrrhizate, Potassium Hydroxide, Phenoxyethanol, Methylparaben.",en:united-states,,https://world.openbeautyfacts.org/product/0785923017518,https://images.openbeautyfacts.org/images/products/078/592/301/7518/front_en.3.400.jpg,open_beauty_facts
3606000537743,cerave,daily moisturizing cream,"AQUA/WATER/EAU, GLYCERIN, CAPRYLIC/CAPRIC TRIGLYCERIDE, CETEARYL ALCOHOL, CETYL ALCOHOL, POTASSIUM PHOSPHATE, CERAMIDE NP, CERAMIDE AP, CERAMIDE EOP, CARBOMER, DIMETHICONE, CETEARETH-20, BEHENTRIMONIUM METHOSULFATE, METHYLPARABEN, SODIUM LAUROYL LACTYLATE, CHOLESTEROL, DISODIUM EDTA, DIPOTASSIUM PHOSPHATE, PROPYLPARABEN, HYDROLYZED HYALURONIC ACID, PHYTOSPHINGOSINE, XANTHAN GUM, POLYSORBATE 20, POLYGLYCERYL-3 DIISOSTEARATE (CODE F.I.L. D215763/2) 7743",en:argentina;en:united-states,237ml,https://world.openbeautyfacts.org/product/3606000537743,https://images.openbeautyfacts.org/images/products/360/600/053/7743/front_en.37.400.jpg,open_beauty_facts
3337875743563,CeraVe,Hydrating cream-to-foam cleanser,"AQUA/WATER, GLYCERIN, SODIUM METHYL COCOYL TAURATE, COCO-BETAINE, SODIUM COCOYL ISETHIONATE, SODIUM CHLORIDE, PCA, PPG-5-CETETH-20, PEG-100 STEARATE, PEG-150 PENTAERYTHRITYL TETRASTEARATE, PEG-6 CAPRYLIC/CAPRIC GLYCERIDES, PEG-30 DIPOLYHYDROXYSTEARATE, CI 77891/TITANIUM DIOXIDE, ASPARTIC ACID, CERAMIDE NP, CERAMIDE AP, CERAMIDE EOP, SORBITAN ISOSTEARATE, CARBOMER, GLYCOL DISTEARATE, GLYCERYL STEARATE, GLYCERYL OLEATE, GLYCINE, TRIDECETH-6, CETEARYL ALCOHOL, BEHENTRIMONIUM METHOSULFATE, THREONINE, SODIUM HYDROXIDE, SALICYLIC ACID, SODIUM PCA, SODIUM LACTATE, ARGININE, SODIUM LAUROYL LACTYLATE, SERINE, SODIUM BENZOATE, VALINE, SODIUM HYALURONATE, PROLINE, ISOLEUCINE, CHOLESTEROL, PHENOXYETHANOL, ALANINE, PHENYLALANINE, COCONUT ACID, COCO-GLUCOSIDE, CHLORPHENESIN, DISODIUM EDTA, HYDROXYETHYL UREA, CITRIC ACID, HYDROXYETHYL ACRYLATE/SODIUM ACRYLOYLDIMETHYL TAURATE COPOLYMER, CAPRYLYL GLYCOL, PHYTOSPHINGOSINE, XANTHAN GUM, HISTIDINE, ACRYLATES/C10-30 ALKYL ACRYLATE CROSSPOLYMER, POLYQUATERNIUM-53, POLYQUATERNIUM-39, POLYSORBATE 60, ETHYLHEXYLGLYCERIN, BENZOIC ACID. (F.I.L. Code D253447/1) 743563",en:morocco,236 ml,https://world.openbeautyfacts.org/product/3337875743563,https://images.openbeautyfacts.org/images/products/333/787/574/3563/front_fr.12.400.jpg,open_beauty_facts
3337875795456,CeraVe,SA Smoothing Cleanser,"AQUA/WATER, SODIUM LAUROYL SARCOSINATE. COCAMIDOPROPYL HYDROXYSULTAINE, GLYCERIN, NIACINAMIDE. GLUCONOLACTONE, SODIUM METHYL COCOYL TAURATE, PEG-150 PENTAERYTHRITYL TETRASTEARATE, CERAMIDE NP, CERAMIDE AP, CERAMIDE EOP, CARBOMER, CALCIUM GLUCONATE, SALICYLIC ACID. SODIUM BENZOATE, SODIUM LAUROYL LACTYLATE, CHOLESTEROL. PHENOXYETHANOL, DISODIUM EDTA, TETRASODIUM EDTA, 
HYALURONIC ACID, PHYTOSPHINGOSINE, XANTHAN GUM, ETHYLHEXYLGLYCERIN.",en:moldova;en:morocco,,https://world.openbeautyfacts.org/product/3337875795456,https://images.openbeautyfacts.org/images/products/333/787/579/5456/front_en.14.400.jpg,open_beauty_facts
3337875598996,CeraVe,moisturising cream,"Eau, glycérine, alcool cétéarylique, triglycéride caprylique/caprique, alcool cétylique, céteareth-20, vaseline, phosphate de potassium, céramide NP, céramide AP, céramide EOP, carbomère, diméthicone, méthosulfate de béhentrimonium, lauryllactylate de sodium, hyaluronate de sodium, cholestérol, phénoxyéthanol, edta disodique, phosphate dipotassique, tocophérol, phytosphingosine, gomme xanthane, éthylhexylglycérine. (Code F.I.L. D213768/2)",en:france;en:morocco;en:romania,177,https://world.openbeautyfacts.org/product/3337875598996,https://images.openbeautyfacts.org/images/products/333/787/559/8996/front_en.28.400.jpg,open_beauty_facts
3337875829007,Cerave,CeraVe Retinol Serum Tegen Post-Acne Vlekjes,"INGREDIENTS: AQUA/WATER, PROPANEDIOL, DIMETHICONE, CETEARYL ETHYLHEXANOATE, NIACINAMIDE, AMMONIUM POLYACRYLOYLDIMETHYL TAURATE, DIPOTASSIUM GLYCYRRHIZATE, HYDROGENATED LECITHIN, POTASSIUM PHOSPHATE, CERAMIDE NP, CERAMIDE AP, CERAMIDE EOP, CARBOMER, CETEARYL ALCOHOL, BEHENTRIMONIUM METHOSULFATE, DIMETHICONOL, LECITHIN, SODIUM CITRATE, RETINOL, SODIUM HYALURONATE, SODIUM LAUROYL LACTYLATE, CHOLESTEROL, PHENOXYETHANOL, ALCOHOL, ISOPROPYL MYRISTATE, CAPRYLYL GLYCOL, CITRIC ACID, TRISODIUM ETHYLENEDIAMINE DISUCCINATE, PENTYLENE GLYCOL, PHYTOSPHINGOSINE, XANTHAN GUM, POLYSORBATE 20, ETHYLHEXYLGLYCERIN. (CODE F.I.L. D233671/1)",en:netherlands,30ml,https://world.openbeautyfacts.org/product/3337875829007,https://images.openbeautyfacts.org/images/products/333/787/582/9007/front_en.9.400.jpg,open_beauty_facts
3337875597197,CeraVe,CeraVe Schuimende Reinigingsgel,"aqua, water, cocamidopropyl hydroxysultaine, glycerin, sodium lauroyl sarcosinate, propanediol, peg-150 pentaerythrityl tetrastearate, niacinamide, peg-6 caprylic, capric glycerides, ceramide np, ceramide ap, ceramide eop, carbomer, sodium methyl cocoyl taurate, sodium chloride, sodium benzoate, sodium lauroyl lactylate, sodium hydroxide, cholesterol, phenoxyethanol, disodium edta, citric acid, tetrasodium edta, phytosphingosine, xanthan gum, ethylhexylglycerin, tocopherol",en:netherlands,236ml,https://world.openbeautyfacts.org/product/3337875597197,https://images.openbeautyfacts.org/images/products/333/787/559/7197/front_en.5.400.jpg,open_beauty_facts
3337875784054,"L'Oréal, Cerave",Blemish control cleanser,"aqua, water, cocamidopropyl hydroxysultaine, sodium lauroyl sarcosinate, niacinamide, salicylic acid, sodium chloride, sodium methyl cocoyl taurate, peg-150 pentaerythrityl tetrastearate, sodium benzoate, capryloyl glycine, citric acid, ceramide np, ceramide ap, ceramide eop, phytosphingosine, cholesterol, cocamidopropyl pg-dimonium chloride phosphate, disodium edta, hydrolyzed hyaluronic acid, xanthan gum, acrylates copolymer, benzoic acid",en:algeria;en:france;en:italy;en:morocco;en:spain;en:united-kingdom,,https://world.openbeautyfacts.org/product/3337875784054,https://images.openbeautyfacts.org/images/products/333/787/578/4054/front_en.21.400.jpg,open_beauty_facts
3606000560239,CeraVe,Moisturizing Lotion,"AQUA/WATER/EAU, CETEARYL ALCOHOL, CAPRYLIC/CAPRIC TRIGLYCERIDE, CETYL ALCOHOL, PHENOXYETHANOL, NIACINAMIDE, DIMETHICONE, ALLANTOIN, POTASSIUM PHOSPHATE, CERAMIDE NP, CERAMIDE AP, CERAMIDE EOP, CARBOMER, ZINC CITRATE, BEHENTRIMONIUM METHOSULFATE, SODIUM LAUROYL LACTYLATE, SODIUM PCA, ARGININE PCA, SODIUM HYALURONATE, CHOLESTEROL, DIPOTASSIUM PHOSPHATE, DISODIUM EDTA, TOCOPHERYL ACETATE, TOCOPHEROL, LAURIC ACID, PHYTOSPHINGOSINE, XANTHAN GUM, POLYGLYCERYL-3 DIISOSTEARATE, POLYSORBATE 60, ETHYLHEXYLGLYCERIN (CODE F.I.L. D235677/1) L'Oréal USA S/D, Inc., Dist., New York, NY 10001 Made in USA of US and/or Imported Ingredients www.cerave.com Questions or comments? 1-888-768-2915 3612624222736 LOT 20Z103 3 606000 560239",en:united-states,,https://world.openbeautyfacts.org/product/3606000560239,https://images.openbeautyfacts.org/images/products/360/600/056/0239/front_en.9.400.jpg,open_beauty_facts
3606000537583,CeraVe,CeraVe SA Cream for Rough & Bumpy Skin,"aqua/water/eau, glycerin, paraffinum liqui huile minerale, glyceryl stearate, cetearyl alcohol, triethanolamine, salicylic acid, niacinamide, cetyl alcohol, ammonium lactate, behentrimonium methosulfate peg-100 stearate, zea mays oil/corn oil, ceramide np, ceramide ap, ceramide eop carbomer, dimethicone, methylparaben, sodium lauroyl lactylate, cholecalciferol, cholesterol, phenoxyethanol, disodium edta, tocopherol, propylparaben, hydrolyzed hyaluronic acid, phytosphingosine, xanthan gum",en:united-states,12oz (340 g),https://world.openbeautyfacts.org/product/3606000537583,https://images.openbeautyfacts.org/images/products/360/600/053/7583/front_en.8.400.jpg,open_beauty_facts
3606000538078,CeraVe,Renewing SA Cream,"SALICYLIC ACID 3%,AQUA, GLYCERIN, PARAFFINUM LIQUIDUM, GLYCERYL STEARATE, CETEARYL ALCOHOL TRIETHANOLAMINE, NIACINAMIDE, CETYL ALCOHOL, AMMONIUM LACTATE, BEHENTRIMONIUM METHOSULFATE, PEG-100 STEARATE, ZEA MAYS OIL, CERAMIDE NP, CERAMIDE AP, CERAMIDE EOP, CARBOMER, DIMETHICONE, METHYLPARABEN, SODIUM LAUROYL LACTYLATE, CHOLECALCIFEROL, CHOLESTEROL, PHENOXYETHANOL, DISODIUM EDTA, TOCOPHEROL, PROPYLPARABEN, HYDROLYZED HYALURONIC ACID, PHYTOSPHINGOSINE, XANTHAN GUM",en:canada,340 g,https://world.openbeautyfacts.org/product/3606000538078,https://images.openbeautyfacts.org/images/products/360/600/053/8078/front_en.9.400.jpg,open_beauty_facts
3606000537606,CeraVe,Skin Renewing Night Cream,"aqua/water/eau, glycerin, caprylic/capric triglyceride, butyrospermum parkii butter/shea butter, dimethicone/vinyl dimethicone crosspolymer, cyclopentasiloxane, glyceryl stearate se, cetyl alcohol, dimethicone, saccharide isomerate, stearic acid, palmitic acid, glycine soja sterols/soybean sterols, allantoin, ceramide np, ceramide ap, ceramide eop, carbomer, niacinamide, cetearyl alcohol, behentrimonium methosulfate, sodium hydroxide, myristic acid, sodium lauroyl lactylate, sodium benzoate,  sodium citrate, sodium hyaluronate, cholesterol, phenoxyethanol, tocopherol, tripeptide-1, laureth-9, citric acid, caprooyl tetrapeptide-3, biosaccharide gum-1, phytosphingosine, xanthan gum, dextran, ethylhexylglycerin, butylene glycol (code f,i,l, d229662/1)",en:united-states,,https://world.openbeautyfacts.org/product/3606000537606,https://images.openbeautyfacts.org/images/products/360/600/053/7606/front_en.3.400.jpg,open_beauty_facts
3606000534797,CeraVe,Moisturing Lotion,"aqua/water/eau, glycerin, caprylic/capric triglyceride, cetearyl alcohol, cetyl alcohol, potassium phosphate, ceramide np, ceramide ap, ceramide eop, carbomer, dimethicone, ceteareth-20, behentrimonium methosulfate, methylparaben, sodium lauroyl lactylate, cholesterol, disodium edta, dipotassium phosphate, propylparaben, hydrolyzed hyaluronic acid, phytosphingosine, xanthan gum, polysorbate 20, polyglyceryl-3 diisostearate",en:united-states,,https://world.openbeautyfacts.org/product/3606000534797,https://images.openbeautyfacts.org/images/products/360/600/053/4797/front_en.9.400.jpg,open_beauty_facts
3606000537576,CeraVe,Hydrating Facial Cleanser,"AQUA/WATER/EAU, GLYCERIN, CETEARYL ALCOHOL, PEG-40 STEARATE, STEARYL ALCOHOL, POTASSIUM PHOSPHATE, CERAMIDE NP, CERAMIDE AP, CERAMIDE EOP, CARBOMER, GLYCERYL STEARATE, BEHENTRIMONIUM METHOSULFATE, SODIUM LAUROYL LACTYLATE, SODIUM HYALURONATE, CHOLESTEROL, PHENOXYETHANOL, DISODIUM EDTA, DIPOTASSIUM PHOSPHATE, TOCOPHEROL, PHYTOSPHINGOSINE, XANTHAN GUM, CETYL ALCOHOL, POLYSORBATE 20, ETHYLHEXYLGLYCERIN (CODE F.I.L. D214633/3)",en:pakistan,3 FL OZ (87ml),https://world.openbeautyfacts.org/product/3606000537576,https://images.openbeautyfacts.org/images/products/360/600/053/7576/front_en.11.400.jpg,open_beauty_facts
3606000637535,CeraVe,Baby Eczema Relief Cream,"water, butyrospermum parkii (shea) butter, glycerin, dimethicone, cetearyl alcohol, niacinamide, caprylic/capric triglyceride, glyceryl stearate, peg-100 stearate, ammonium polyacryloyldimethyl taurate, ceramide np, ceramide ap, ceramide eop, sorbitan tristearate, carbomer, cetearyl isononanoate, behentrimonium methosulfate, triethyl citrate, sodium benzoate, sodium lauroyl lactylate, sodium hyaluronate, cholesterol, phenoxyethanol, tocopherol, citric acid, caprylyl glycol, trisodium ethylenediamine disuccinate, xanthan gum, pentaerythrityl tetra-di-t-butyl hydroxyhydrocinnamate, phytosphingosine, octyldodecanol, benzoic acid, peg-20 methyl glucose sesquistearate",en:united-states,,https://world.openbeautyfacts.org/product/3606000637535,,open_beauty_facts
3606000560994,CeraVe,Renewing SA Cleanser,"AQUA/WATER/EAU, COCAMIDOPROPYL HYDROXYSULTAINE, GLYCERIN, SODIUM LAUROYL SARCOSINATE, NIACINAMIDE, GLUCONOLACTONE, PEG-150 PENTAERYTHRITYL TETRASTEARATE, SODIUM METHYL COCOYL TAURATE, ZEA MAYS OIL/CORN OIL, CERAMIDE NP, CERAMIDE AP, CERAMIDE EOP, CARBOMER, CALCIUM GLUCONATE, SODIUM CHLORIDE, SALICYLIC ACID, SODIUM BENZOATE, SODIUM LAUROYL LACTYLATE, CHOLECALCIFEROL, CHOLESTEROL, PHENOXYETHANOL, DISODIUM EDTA, TETRASODIUM EDTA, HYDROLYZED HYALURONIC ACID, PHYTOSPHINGOSINE, XANTHAN GUM, ETHYLHEXYLGLYCERIN (CODE F.I.L. D230397/1)",en:united-arab-emirates,473ml,https://world.openbeautyfacts.org/product/3606000560994,https://images.openbeautyfacts.org/images/products/360/600/056/0994/front_en.3.400.jpg,open_beauty_facts
3606000537422,CeraVe,Moisturizing cream,"AQUA/WATER, GLYCERIN, CETEARYL ALCOHOL, CAPRYLIC, CETEARETH-20, PETROLATUM, POTASSIUM PHOSPHATE, CERAMIDE NP, CERAMIDE AP, CERAMIDE EOP, CARBOMER, DIMETHICONE, BEHENTRIMONIUM METHOSULFATE, SODIUM LAUROYL LACTYLATE, SODIUM HYALURONATE, CHOLESTEROL, PHENOXY-ETHANOL, DISODIUM EDTA, DIPOTASSIUM PHOSPHATE, TOCOPHEROL, PHYTOSPHINGOSINE, XANTHAN GUM, ETHYLHEXYLGLYCERIN.",en:canada,453 grams,https://world.openbeautyfacts.org/product/3606000537422,https://images.openbeautyfacts.org/images/products/360/600/053/7422/front_en.5.400.jpg,open_beauty_facts
8001841768946,"Cerave, Real Botanicals",Herbal essences,"Aqua, Sodium Laureth Sulfate, Cocamidopropyl Betaine, Sodium Chloride, Parfum, Sodium Benzoate, Citric Acid, Polyquaternium-7, Tetrasodium EDTA, Limonene, Linalool, Hexyl Cinnamal, Benzyl Salicylate, Citronellol, Butylphenyl Methylpropional, Alpha-Isomethyl Ionone, Geraniol, CI 42090, CI 19140",en:argentina;en:morocco,,https://world.openbeautyfacts.org/product/8001841768946,https://images.openbeautyfacts.org/images/products/800/184/176/8946/front_es.3.400.jpg,open_beauty_facts
3606000537675,CeraVe,Hydrating Facial Cleanser,"Purified Water, Glycerin, Behentrimonium Methosulfate and Cetearyl Alcohol, Ceramide 3, Ceramide 6-11, Ceramide 1, Hyaluronic Acid, Cholesterol, Polyoxyl 40 Stearate, Glyceryl Monostearate, Stearyl Alcohol, Polysorbate 20, Potassium Phosphate, Dipotassium Phosphate, Sodium Lauroyl Lactylate, Cetyl Alcohol, Disodium EDTA, Phytosphingosine, Methylparaben, Propylparaben, Carbomer, Xanthan Gum.",en:united-states,,https://world.openbeautyfacts.org/product/3606000537675,https://images.openbeautyfacts.org/images/products/360/600/053/7675/front_en.3.400.jpg,open_beauty_facts
0085275710434,CeraVe,CeraVe Foaming Facial Cleanser,"Aqua/Water, Cocamidopropyl Hydroxysultaine, Glycerin, Sodium Lauroyl Sarcosinate, PEG-150 Pentaerythrityl Tetrastearate, Niacinamide, Sodium Methyl Cocoyl Taurate, Ceramide NP, Ceramide AP, Ceramide EOP, Sodium Chloride, Carbomer, Sodium Hydroxide, Sodium Laureth Sulfate, Phytosphingosine, Cholesterol, Xanthan Gum, Tocopherol, Ethylhexylglycerin, Phenoxyethanol.",en:brazil,180ml,https://world.openbeautyfacts.org/product/0085275710434,,open_beauty_facts
3606000537613,CeraVe,CeraVe Eye Repair Cream,"AQUA/WATER/EAU, NIACINAMIDE, CETYL ALCOHOL, CAPRYLIC/CAPRIC TRIGLYCERIDE, GLYCERIN, PROPANEDIOL, ISONONYL ISONONANOATE, JOJOBA ESTERS, PEG-20 METHYL GLUCOSE SESQUISTEARATE, CETEARYL ALCOHOL, DIMETHICONE, METHYL GLUCOSE SESQUISTEARATE, ASPARAGOPSIS ARMATA EXTRACT, CERAMIDE NP, CERAMIDE AP, POTASSIUM SORBATE, CERAMIDE EOP, CARBOMER, SORBITOL, ZINC CITRATE, BEHENTRIMONIUM METHOSULFATE, TRIETHANOLAMINE, ALOE BARBADENSIS LEAF EXTRACT, SODIUM LAUROYL LACTYLATE, SODIUM HYDROXIDE, EQUISETUM ARVENSE EXTRACT, CHOLESTEROL, PHENOXYETHANOL, PRUNUS AMYGDALUS DULCIS OIL/SWEET ALMOND OIL, TOCOPHEROL, ASCOPHYLLUM NODOSUM EXTRACT, LAURETH-4, HYDROGENATED VEGETABLE OIL, TETRASODIUM EDTA, HYDROLYZED HYALURONIC ACID, MALTODEXTRIN, PHYTOSPHINGOSINE, XANTHAN GUM, BUTYLENE GLYCOL, ETHYLHEXYLGLYCERIN, CHRYSANTHELLUM INDICUM EXTRACT",en:brazil,14g,https://world.openbeautyfacts.org/product/3606000537613,,open_beauty_facts
0301872479087,CeraVe,CeraVe Renewing SA Cleanser,"Água, Ácido salicílico, Glicerina, Ácido esteárico, Ácido cítrico, Ácido láctico, Ceramida 3, Ceramida 6-II, Ceramida 1, Ácido hialurônico, Fenoxietanol, Etilexilglicerina.",en:brazil,236 ml,https://world.openbeautyfacts.org/product/0301872479087,,open_beauty_facts
7922470515323,CeraVe,CeraVe AM Facial Moisturizing Lotion SPF 30,"Active Ingredients: Homosalate 10.0%, Octisalate 5.0%, Octocrylene 2.7%, Zinc Oxide 7.3%
Inactive Ingredients: Water, Cyclopentasiloxane, Glycerin, Caprylic/Capric Triglyceride, Niacinamide, PEG-100 Stearate, Glyceryl Stearate, Dimethicone, Cetearyl Alcohol, Behentrimonium Methosulfate, Phenoxyethanol, Sodium Hyaluronate, Ceramide NP, Ceramide AP, Ceramide EOP, Phytosphingosine, Cholesterol, Xanthan Gum, Carbomer, Disodium EDTA, Tocopherol, Ethylhexylglycerin, Methylparaben, Propylparaben, Red 33 (CI 17200)",en:brazil,250 ml,https://world.openbeautyfacts.org/product/7922470515323,,open_beauty_facts
0883166142360,CeraVe,CeraVe Foaming Facial Cleanser,"AQUA / WATER / EAU, COCAMIDOPROPYL HYDROXYSULTAINE, GLYCERIN, SODIUM LAUROYL SARCOSINATE, PEG-150 PENTAERYTHRITYL TETRASTEARATE, NIACINAMIDE, PEG-6 CAPRYLIC/CAPRIC GLYCERIDES, SODIUM METHYL COCOYL TAURATE, PROPYLENE GLYCOL, CERAMIDE NP, CERAMIDE AP, CERAMIDE EOP, CARBOMER, METHYLPARABEN, SODIUM CHLORIDE, SODIUM LAUROYL LACTYLATE, CHOLESTEROL, DISODIUM EDTA, PROPYLPARABEN, CITRIC ACID, TETRASODIUM EDTA, HYDROLYZED HYALURONIC ACID, PHYTOSPHINGOSINE, XANTHAN GUM",en:brazil,365 ml,https://world.openbeautyfacts.org/product/0883166142360,,open_beauty_facts
7899706211208,CeraVe,SA Gel de Limpeza Renovador,"ÁGUA, LAUROIL SARCOSINATO DE SÓDIO, COCOAMIDOPROPIL HIDROXISSULTAÍNA, GLICEROL, NICOTINAMIDA, GLUCONOLACTONA, METIL COCOIL TAURATO DE SÓDIO, TETRAESTEARATO DE POLIETILENOGLICOL-150 PENTAERITRITILA, CERAMIDA EOP, CERAMIDA NP, CERAMIDA AP, CARBÔMER, GLICONATO DE CÁLCIO, ÁCIDO SALICÍLICO, BENZOATO DE SÓDIO, LAUROIL LACTILATO DE SÓDIO, COLESTEROL, FENOXIETANOL, EDETATO DISSÓDICO, EDETATO DE SÓDIO, ÁCIDO HIALURÔNICO HIDROLISADO, FITOESFINGOSINA、GOMA XANTANA, ETILEXILGLICERINA. (F.I.L. CODE D235671/1)",en:brazil,250 ml,https://world.openbeautyfacts.org/product/7899706211208,,open_beauty_facts
7899706172745,CeraVe,Gel de Limpeza Facial CeraVe Pele Oleosa com 454g,"Aqua/Water, Cocamidopropyl Hydroxysultaine, Sodium Lauroyl Sarcosinate, Propanediol, Peg-150 Pentaerythrityl Tetrastearate, Peg-6 Caprylic/ Capric Glycerides, Glycerin, Ceramide Np, Ceramide Ap, Ceramide Eop, Carbomer, Niacinamide, Sodium Methyl Cocoyl Taurate, Sodium Benzoate, Sodium Chloride, Sodium Lauroyl Lactylate, Sodium Hyaluronate, Cholesterol, Phenoxyethanol, Disodium Edta, Citric Acid, Tetrasodium Edta, Phytosphingosine, Xanthan Gum, Ethylhexylglycerin",en:brazil,454 g,https://world.openbeautyfacts.org/product/7899706172745,,open_beauty_facts
7899706192712,CeraVe,GEL DE LIMPEZA CERAVE ACNE CONTROL PELE OLEOSA A ACNEICA 140G,"Princípio Ativo: 2% de ácido salicílico 
Lista de Ingredientes completa: ÁGUA, LAUROIL SARCOSINATO DE SÓDIO, COCOAMIDOPROPIL HIDROXISSULTAÍNA, GLICEROL, NICOTINAMIDA, ÁCIDO SALICÍLICO, GLUCONOLACTONA, METIL COCOIL TAURATO DE SÓDIO, TETRAESTEARATO DE POLIETILENOGLICOL-150 PENTAERITRITILA, CERAMIDA EOP, CERAMIDA NP, CERAMIDA AP, CARBÔMER, GLICONATO DE CÁLCIO, CITRATO DE TRIETILA, BENZOATO DE SÓDIO, HIDRÓXIDO DE SÓDIO, LAUROIL LACTILATO DE SÓDIO, COLESTEROL, EDETATO DE SÓDIO, CAPRILILGLICOL, ÁCIDO HIALURÔNICO HIDROLISADO, DISSUCCINATO DE ETILENODIAMINA TRISSÓDICO, GOMA XANTANA, HECTORITA, FITOESFINGOSINA, ÁCIDO BENZOICO. (F.I.L. Code C274845/2)",en:brazil,140 g,https://world.openbeautyfacts.org/product/7899706192712,,open_beauty_facts
3606000559950,CeraVe,Hyrdrating Cream To Foam Cleanser,"CeraVe® Hydrating Cream-to-Foam Cleanser Developed with dermatologists, its gentle foaming formula - with 3 essential ceramides - cleanses, hydrates ,  removes makeup without disrupting the protective skin barrier This formula contains: This formula is: MVE® Delivery Removes Dirt, Technology Oil and Makeup MVE* Controlled release Removes even long - for all day hydration wear facial makeup Amino Acids Fragrance Free Helps to attract and FRAGRANCE To avoid fragrance hold water on the skin irritation Gentle on skin Non-drying pH balanced Directions: Wet skin with lukewarm water Massage cleanser into skin in a gentle, circular motion Rinse well Avoid direct eye contact with eyes If contact occurs, rinse thoroughly with water 2021601 20 -  AQUA/WATER/EAU, GLYCERIN, SODIUM METHYL COCOYL TAURATE, COCO-BETAINE,, SODIUM COCOYL ISETHIONATE, SODIUM CHLORIDE, PCA, PPG-5-CETETH-20, PEG-100 STEARATE, PEG-150 PENTAERYTHRITYL TETRASTEARATE, PEG-6 CAPRYLIC/CAPRIC GLYCERIDES, PEG-30 DIPOLYHYDROXYSTEARATE, CI 77891/TITANIUM DIOXIDE, ASPARTIC ACID, CERAMIDE NP, CERAMIDE AP, CERAMIDE EOP, SORBITAN ISOSTEARATE, CARBOMER, GLYCOL DISTEARATE, GLYCERYL STEARATE, GLYCERYL OLEATE, GLYCINE, TRIDECETH-6, CETEARYL ALCOHOL, BEHENTRIMONIUM METHOSULFATE, THREONINE, SODIUM HYDROXIDE, SALICYLIC ACID, SODIUM PCA, SODIUM LACTATE, ARGININE, SODIUM LAUROYL LACTYLATE, SERINE, SODIUM BENZOATE, VALINE, SODIUM HYALURONATE, PROLINE, ISOLEUCINE, CHOLESTEROL, PHENOXYETHANOL, ALANINE, PHENYLALANINE, COCONUT ACID, COCO-GLUCOSIDE, CHLORPHENESIN, DISODIUM EDTA, HYDROXYETHYL UREA, CITRIC ACID, HYDROXYETHYL ACRYLATE/SODIUM ACRYLOYLDIMETHYL TAURATE COPOLYMER, CAPRYLYL GLYCOL, PHYTOSPHINGOSINE, XANTHAN GUM, HISTIDINE, ACRYLATES/C10-30 ALKYL ACRYLATE CROSSPOLYMER, POLYQUATERNIUM-53, POLYQUATERNIUM-39, POLYSORBATE 60, ETHYLHEXYLGLYCERIN, BENZOIC ACID (CODE FIL D253448/1) 606000 559950 CeraVe® LLC, New York, NY 10001 MVE is a registered trademark of DFB Technology, Ltd Made in USA of US and/or Imported  wwwceravecom Questions or comments? 1-888-768-2915 3612622080581 LOT 20X801",en:united-states,,https://world.openbeautyfacts.org/product/3606000559950,https://images.openbeautyfacts.org/images/products/360/600/055/9950/front_en.3.400.jpg,open_beauty_facts
3606000537453,CeraVe,PM Facial Moisturizing Lotion,"Purified Water, Glycerin, Caprylic/Capric Triglycerides, Niacinamide, Behentrimonium Methosulfate and Cetearyl Alcohol, Ceteareth-20 and Cetearyl Alcohol, Ceramide 3, Ceramide 6-II, Ceramide 1, Phytosphingosine, Hyaluronic Acid, Cholesterol, Dimethicone, Polyglyceryl-3 Diisostearate, Potassium Phosphate, Dipotassium Phosphate, Sodium Lauroyl Lactylate, Disodium EDTA, Methylparaben, Propylparaben, Carbomer, Xanthan Gum.",en:united-states,,https://world.openbeautyfacts.org/product/3606000537453,https://images.openbeautyfacts.org/images/products/360/600/053/7453/front_en.3.400.jpg,open_beauty_facts
0793379245584,CeraVe,AM Facial Moisturizing Lotion SPF 30,"Homosalate 12%, Octinoxate 7.5%, Octocrylene 2%, Zinc Oxide 3.5%. Purified Water, Niacinamide, Behentrimonium Methosulfate and Cetearyl Alcohol, Glycerin, Aluminum Starch Octenylsuccinate and Boron Nitride, Dimethicone, Ceramide 3, Ceramide 6-II, Ceramide 1, Cholesterol, Hyaluronic Acid, Phytosphingosine, Hydroxyethylcellulose, Disodium EDTA, Sodium Lauroyl Lactylate, Methylparaben, Propylparaben, Carbomer, Xanthan Gum.",en:united-states,,https://world.openbeautyfacts.org/product/0793379245584,https://images.openbeautyfacts.org/images/products/079/337/924/5584/front_en.3.400.jpg,open_beauty_facts
3606000537712,CeraVe,SA Lotion For Rough &amp; Bumpy Skin,"Salicylic Acid, Water, Glycerin, Mineral Oil, Triethanolamine, Glyceryl Stearate, Ammonium Lactate, Peg-100 Stearate, Cetearyl Alcohol, Cetyl Alcohol, Zea Mays (Corn) Oil, Ceramide Np, Ceramide Ap, Ceramide Eop, Carbomer, Behentrimonium Methosulfate, Dimethicone, Methylparaben, Sodium Lauroyl Lactylate, Cholecalciferol, Cholesterol, Disodium Edta, Propylparaben, Hydrolyzed Hyaluronic Acid, Phytosphingosine, Xanthan Gum.",en:united-states,,https://world.openbeautyfacts.org/product/3606000537712,https://images.openbeautyfacts.org/images/products/360/600/053/7712/front_en.3.400.jpg,open_beauty_facts
0301872484029,CeraVe,Skin Renewing Night Cream,"Purified Water, Glycerin, Biosaccharide Gum-1, Caprylic/Capric Triglyceride, Butyrospermum Parkii (Shea Butter), Dimethicone/Vinyl Dimethicone Crosspolymer, Glyceryl Stearate SE, Stearic Acid, Cyclopentasiloxane, Cetyl Alcohol, Dimethicone, Saccharide Isomerate, Glycine Soja (Soybean) Sterols, Ceramide 6 II, Ceramide 3, Ceramide 1, Niacinamide, Hyaluronic Acid, Caprooyl Tetrapeptide-3, Tripeptide-1, Cholesterol, Phenoxyethanol, Cetearyl Alcohol, Carbomer, Behentrimonium Methosulphate, Sodium Hydroxide, Tocopherol, Allantoin, Ethylhexylglycerin, Butylene Glycol, Sodium Lauroyl Lactylate, Phytosphingosine, Dextran, Xanthan Gum.",en:united-states,,https://world.openbeautyfacts.org/product/0301872484029,https://images.openbeautyfacts.org/images/products/030/187/248/4029/front_en.3.400.jpg,open_beauty_facts
0787734793087,CeraVe,Foaming Facial Cleanser,"Purified Water, Glycerin, Behentrimonium Methosulfate and Cetearyl Alcohol, Ceramide 3, Ceramide 6-II, Ceramide 1, Hyaluronic Acid, Cholesterol, Polyoxyl 40 Stearate, Glyceryl Monostearate, Stearyl Alcohol, Polysorbate 20, Potassium Phosphate, Dipotassium Phosphate, Sodium Lauroyl Lactylate, Cetyl Alcohol, Disodium EDTA, Phytosphingosine, Methylparaben, Propylparaben, Carbomer, Xanthan Gum.",en:united-states,,https://world.openbeautyfacts.org/product/0787734793087,https://images.openbeautyfacts.org/images/products/078/773/479/3087/front_en.3.400.jpg,open_beauty_facts
0885492857437,CeraVe,Renewing SA Cleanser,"Purified Water, Cocamidopropyl Hydroxysultaine, Glycerin, Sodium Lauroyl Sarcosinate, Niacinamide, Gluconolactone, Sodium Methylcocoyl Taurate, PEG-150 Pentaerythrityl Tetrastearate, Salicylic Acid, Ceramide 6-11, Ceramide 3, Ceramide 1, Hyaluronic Acid, Cholesterol Sodium Benzoate, Zea Mays (Corn) Oil, Disodium EDTA, Sodium Lauroyl Lactylate, Cholecalciferol, Phytosphingosine, Xanthan Gum, Carbomer, Sodium Hydroxide.",en:united-states,,https://world.openbeautyfacts.org/product/0885492857437,https://images.openbeautyfacts.org/images/products/088/549/285/7437/front_en.3.400.jpg,open_beauty_facts
3606000512238,CeraVe,Acne Foaming Cream Cleanser,"Benzoyl Peroxide 4%. Water, Glycerin, Propylene Glycol, Cocamidopropyl Hydroxysultaine, Sodium C14-16 Olefin Sulfonate, Xanthan Gum, Potassium Hydroxide, Ceramide Np, Ceramide Ap, Ceramide Eop, Carbomer, Niacinamide, Glycolic Acid, Sodium Chloride, Sodium Citrate, Sodium Hyaluronate, Sodium Lauroyl Lactylate, Sodium Hydroxide, Cholesterol, Phenoxyethanol, Propanediol, Citric Acid, Tetrasodium Edta, Diethylhexyl Sodium Sulfosuccinate, Phytosphingosine, Ethylhexylglycerin, Benzoic Acid.",en:united-states,,https://world.openbeautyfacts.org/product/3606000512238,https://images.openbeautyfacts.org/images/products/360/600/051/2238/front_en.4.400.jpg,open_beauty_facts
0077043236260,St. Ives,Hydrating,"AQUA, GLYCERIN, STEARIC ACID, GLYCOL STEARATE, ISOPROPYL PALMITATE, GLYCINE SOJA (SOYBEAN) OIL, GLYCERYL STEARATE, TRIETHANOLAMINE, COCOS NUCIFERA (COCONUT) OIL, CETYL ALCOHOL, CAPRYLYL GLYCOL, PHENOXYETHANOL, CARBOMER, PARFUM, HYDROXYETHYLCELLULOSE, STEARÁMIDE AMP, DISODIUM EDTA, BHT, TOCOPHERYL ACETATE, PERSEA GRATISSIMA (AVOCADO) OIL, BENZYL ALCOHOL, BENZYL SALICYLATE, LIMONENE, LINALOOL",en:canada,600ml,https://world.openbeautyfacts.org/product/0077043236260,https://images.openbeautyfacts.org/images/products/007/704/323/6260/front_en.3.400.jpg,open_beauty_facts
5012254059777,St Ives,Blemish Control Scrub Apricot,"AQUA, GLYCERYL STEARATE, ZEA MAYS KERNEL MEAL, CETYL ALCOHOL, TRIETHANOLAMINE, SALICYLIC ACID, COCAMIDOPROPYL BETAINE, PEG-100 STEARATE, CETEARYL ALCOHOL, JUGLANS REGIA SHELL POWDER, CI 77891, GLYCERIN, CARBOMER, POLYSORBATE 60, SODIUM LAURYL SULFOACETATE, PARFUM, CETYL ACETATE, BENZYL ALCOHOL, CETEARETH-20, DISODIUM EDTA, PRUNUS ARMÉNIACA FRUIT EXTRACT, LIMONENE, UNALOOL BASED ON NIELSEN SCANTRACK (TOTAL UK, EXCLUDING NI) DATA FOR FEMALE FACIAL SCRUB MARKET, 12-MONTHS TO 4TH NOVEMBER 2017 TUBE CAP Recycle Recycle 12M",en:united-kingdom,150ml,https://world.openbeautyfacts.org/product/5012254059777,https://images.openbeautyfacts.org/images/products/501/225/405/9777/front_en.13.400.jpg,open_beauty_facts
3660005089072,Yves Rocher,Monoi Gentle Hair & Body Wash,"aqua, cocamidopropyl betaine, sodium coco-sulfate, glycerin, sodium lauroyl methyl isethionate, parfum, sodium benzoate, citric acid, benzoic acid, sorbic acid, guar hydroxypropyltrimonium chloride, cocos nucifera fruit extract, tetrasodium glutamate diacetate, tetrasodium etidronate, disodium edta, gardenia tahitensis flower extract",en:france;en:georgia,,https://world.openbeautyfacts.org/product/3660005089072,https://images.openbeautyfacts.org/images/products/366/000/508/9072/front_ka.3.400.jpg,open_beauty_facts
3660005576664,Yves Rocher,Crème solaire 50+ FPS SPF,"AQUA/WATER/EAU, DIETHYLAMINO HYDROXYBENZOYL HEXYL BENZOATE PHENOXYETHYL CAPRYLATE, C12-15 ALKYL BENZOATE, DIBUTYL ADIPATE, DICAPRYLYL CARBONATE, BIS-ETHYLHEXYLOXYPHENOL METHOXYPHENYL TRIAZINE ETHYLHEXYL TRIAZONE, POLYURETHANE-35, PENTYLENE GLYCOL, DIISOSTEAROYL POLYGLYCERYL-3 DIMER DILINOLEATE CAPRYLIC/CAPRIC TRIGLYCERIDE, PHENYLBENZIMIDAZOLE SULFONIC ACID, GLYCERIN, PORPHYRIDIUM PURPUREUM EXTRACT, BENTONITE, HYDROXYACETOPHENONE, PARFUM/FRAGRANCE, GLYCERYL STEARATE CITRATE, C14-22 ALCOHOLS, SODIUM STEAROYL GLUTAMATE, SODIUM HYDROXIDE, XANTHAN GUM, C12-20 ALKYL GLUCOSIDE, TOCOPHERYL ACETATE, POTASSIUM SORBATE, METHYLPROPANEDIOL, CAPRYLYL GLYCOL, CITRIC ACID, PHENYLPROPANOL, TOCOPHEROL",en:france,150 ml,https://world.openbeautyfacts.org/product/3660005576664,https://images.openbeautyfacts.org/images/products/366/000/557/6664/front_fr.3.400.jpg,open_beauty_facts
3660005713663,Yves Rocher,Meadow Flower & Heather Shower Gel,"WATER, SODIUM LAUROYL METHYL ISETHIONATE, COCAMIDOPROPYL BETAINE, DECYL GLUCOSIDE, CITRIC ACID, GLYCERIN, PARFUM/FRAGRANCE, LIMONENE, SORBIC ACID, LINALOOL, CITRAL, GERANIOL, CALLUNA VULGARIS EXTRACT, CYTISUS SCOPARIUS BRANCH/FLOWER/LEAF EXTRACT",en:hong-kong,50 mL,https://world.openbeautyfacts.org/product/3660005713663,https://images.openbeautyfacts.org/images/products/366/000/571/3663/front_en.8.400.jpg,open_beauty_facts
3660005130248,Yves rocher,Gel douche solide algue sauvage & criste marine,"HYDROGENATED VEGETABLE OIL, SODIUM COCOYL ISETHIONATE, AQUA/WATER/EAU, POLYGLYCERYL-4 LAURATE, GLYCERIN, PARFUM/FRAGRANCE, CORALLINA OFFICINALIS EXTRACT, CRITHMUM MARITIMUM EXTRACT, PRUNUS AMYGDALUS DULCIS (SWEET ALMOND) OIL, SODIUM CHLORIDE, TETRAMETHYL ACETYLOCTAHYDRONAPHTHALENES, DECYL GLUCOSIDE, LINALYL ACETATE, CITRUS LIMON (LEMON) PEEL OIL, LIMONENE, TERPINEOL, PINENE, ROSE KETONES",en:france,100g,https://world.openbeautyfacts.org/product/3660005130248,https://images.openbeautyfacts.org/images/products/366/000/513/0248/front_fr.3.400.jpg,open_beauty_facts
3660005122502,Yves rocher,"Gel. Douche solide, avoine et sarrasin","HYDROGENATED VEGETABLE OIL, SODIUM COCOYL ISEHIONATE, AQUA/WATER/EAU, POLYGLYCERYL-4 Lurate, GLYCERIN, PARFUM/FRAGRANCE, POLYGONUM FAGOPYRUM (BUCKWHEAT) SEED Extract, AVENA SATIVA (OAT) KERNEL Extract, PRUNUS AMYGDALUS DULCIS (SWEET ALMOND) OIL, TETRAMETHYL ACETYLOCTAHYDRONAPHTHALENES, SODIUM Chloride, DECYL GLUCOSIDE, TRIMETHYLCYCLOPENTENYL METHYLISOPENTENOL, LINALYL Acetate, TRIMETHYLBENZENEPROPANOL, HEXADECANOLACTONE, CITRIC ACID, POTASSIUM SORBATE, SODIUM BENZOATE, XANTHAN Gum.",en:france,100g,https://world.openbeautyfacts.org/product/3660005122502,https://images.openbeautyfacts.org/images/products/366/000/512/2502/front_fr.3.400.jpg,open_beauty_facts
3660005760711,Yves rocher,Gel douche gommant énergisant mangue coriandre,"Aqua, Ammonium Lauryl Sulfate, Decyl Glucoside, Acrylates Crosspolymer-4, Cocamidopropylbetaine, Aloe Barbadensis Leaf Juice, Parfum, Citric Acid, Sodium Benzoate, Prunus Armeniaca (Apricot) Seed Powder, Glycerin, Cocamide Mipa, Tetrasodium Edta, Prunus Amygdalus Dulcis (Sweet Almond) Shell Powder, Limonene, Sodiumhydroxide, Salicylic Acid, BHT, Methylpropanediol, Mangifera Indica (Mango) Fruit Extract, Denatonium Benzoate, Ci 14700 (red 4), Ci 15985 (yellow 6), Ci 19140 (yellow 5)",en:france,200 ml,https://world.openbeautyfacts.org/product/3660005760711,https://images.openbeautyfacts.org/images/products/366/000/576/0711/front_fr.3.400.jpg,open_beauty_facts
3660005187273,Yves Rocher,green tea body lotion,AQUA/WATER/EAU GLYCERIN COCO-CAPRYLATE CAPRATE STEARYL ALCOHOL POLYGLYCERYL-3 DICITRATE STEARATE CENTAUREA CYANUS FLOWER WATER PRUNUS AMYG DALUS DULCIS (SWEET ALMOND) OIL DIMETHICONE PARFUM FRAGRANCE BUTYROSPERMUM PARKII (SHEA) BUTTER SODIUM BENZOATE ETHYLHEXYLGLYCERIN CARBOMER XANTHAN GUM LIMONENE CITRIC ACID LINALOOL BHT CITRAL POTASSIUM SORBATE TOCOPHEROL LACTIC ACID CAMELLIA SINENSIS LEAF EXTRACT,en:france,200ml,https://world.openbeautyfacts.org/product/3660005187273,https://images.openbeautyfacts.org/images/products/366/000/518/7273/front_en.4.400.jpg,open_beauty_facts
3660005875927,Yves Rocher,Gel douche Fleurs de Tiaré de Polynésie - Les Jardins du Monde,"Aqua, Ammoniumlauril Sulfate, Decylglucoside, Aloe Barbadensis Leaf Juice, Parfum, Sodium Chloride, Cocamidopropyl Betaine, Citric Acid, Sodium Benzoate, Glyceryl Oleate, Tetrasodium EDTA, BHT, Salicylic Acid, Cocos Nucifera Oil, Methylpropanediol, Gardenia Tahitensis Flower Extract, Tocopherol, CI 14700, CI 19140, CI 42090",en:france,200 ml,https://world.openbeautyfacts.org/product/3660005875927,,open_beauty_facts
00082918,Yves Rocher,Hamamélis gel douceur mains la recharge,"Aqua, ammonium lauryl sulfate, decyl glucoside, glycerin, cocamidopropyl betaine, hamamelis virginiana extract, sodium benzoate, parfum, sodium lauryl glucose carboxylate, coco-glucoside, glyceryl oleate, lauryl glucoside, hydroxypropyl guar hydroxypropyltrimonium chloride, citric acid, salicylic acid, alcohol, sodium chloride.",en:france,250 ml,https://world.openbeautyfacts.org/product/00082918,https://images.openbeautyfacts.org/images/products/000/000/008/2918/front_fr.7.400.jpg,open_beauty_facts
00061342,Yves Rocher,Vanille Noire Secrets d'Essences,"EAU, GLYCERIN, COCO-CAPRYLATE/CAPRATE, ISONONYL ISONONANOATE, HAMAMELIS VIRGINIANA (WITCH HAZEL) WATER, DIMETHICONE, DICAPRYLYL CARBONATE, CETEARETH-20, GLYCERYL STEARATE, UREA, BUTYROSPERMUM PARKII (SHEA) BUTTER, BEHENYL ALCOHOL, BUTYLENE GLYCOL, PARFUM/FRAGRANCE, PHENOXYETHANOL, CETEARYL ALCOHOL, CETEARETH-12, SODIUM POLYACRYLATE, METHYLPARABEN, XANTHAN GUM, TETRASODIUM EDTA, ETHYLPARABEN, ALLANTOIN, PROPYLPARABEN, TOCOPHERYL ACETATE, BHT, LIMONENE.",en:france,200 ml,https://world.openbeautyfacts.org/product/00061342,https://images.openbeautyfacts.org/images/products/000/000/006/1342/front_fr.5.400.jpg,open_beauty_facts
00021007,Yves Rocher,Culture Bio Gel Douche Fraîcheur à l'Aloe Vera bio,"AQUA/WATER/EAU, ALOE BARBADENSIS LEAF JUICE*, AMMONIUM LAURYL SULFATE, COCAMIDOPROPYL BÉTAÏNE, GLYCERIN, POLYGLYCERYL-4 CAPRATE, CAPRYLYL/CAPRYL GLUCOSIDE, SODIUM CHLORIDE, SODIUM BENZOATE, CITRIC ACID, PARFUM/FRAGRANCE, SALICYLIC ACID, LIMONÈNE.",en:france,200 ml,https://world.openbeautyfacts.org/product/00021007,https://images.openbeautyfacts.org/images/products/000/000/002/1007/front_fr.5.400.jpg,open_beauty_facts
3660005650388,yves rocher,Gel Lavant Mains Fleur des Prés & Bruyère,"AQUA/WATER/EAU, COCAMIDOPROPYL BETAINE,GLYCERIN,SODIUM COCOYL ISETHIONATE,SODIUM METHYL COCOYL TAURATE,DECYL GLUCOSIDE,PARFUM/FRAGRANCE,SODIUM BENZOATE,CITRIC ACID,POTASSIUM SORBATE,SODIUM CHLORIDE,LIMONENE,LINALOOL,CALLUNA VULGARIS EXTRACT,CYTISUS SCOPARIUS BRANCH/FLOWER/LEAF EXTRACT",en:france,190 ml,https://world.openbeautyfacts.org/product/3660005650388,https://images.openbeautyfacts.org/images/products/366/000/565/0388/front_fr.4.400.jpg,open_beauty_facts
3660005533902,Yves Rocher,Yves Rocher SO Elixir Purple Body Lotion,"Aqua, Glycerin, Coco-Caprylate/Caprate, Stearyl Alcohol, Polyglyceryl-3 Dicitrate/Stearate, Centaurea Cyanus Flower Water, Prunus Amygdalus Dulcis (Sweet Almond) Oil, Parfum/Fragrance, Dimethicone, Buty-Rospermum Parkii (Shea) Butter, Ethylhexylglycerin, Carbomer, Sodium Benzoate, Xanthan Gum, BHT, Citrit Acid, Potassium Sorbate, Tocopherol",en:germany,50 ml,https://world.openbeautyfacts.org/product/3660005533902,https://images.openbeautyfacts.org/images/products/366/000/553/3902/front_de.4.400.jpg,open_beauty_facts
3660005129419,Yves rocher,Yves Rocher Candied Orange & Almond Hand Cream,"cristalizadé & Amèndoa • LCOHOI ALCOHOL • PRUNUS OzO - scou,H • • SCOUM • •",en:france,,https://world.openbeautyfacts.org/product/3660005129419,https://images.openbeautyfacts.org/images/products/366/000/512/9419/front_fr.7.400.jpg,open_beauty_facts
3660005713816,Yves Rocher,Gel douche My Green Summer,"AQUA, AMMONIUM LAURYL SULFATE, DECYL GLUCOSIDE, CENTAUREA CYANUS FLOWER WATER, PARFUM /FRAGRANCE, COCAMIDOPROPYL BETAINE, CITRIC ACID, SODIUM BENZOATE, COCAMIDE MIPA, SODIUM CHLORIDE, TETRASODIUM EDTA, GUAR HYDROXYPROPYLTRIMONIUM CHLORIDE, SALICYLIC ACID, LIMONENE, POTASSIUM SORBATE",en:france,50 ml,https://world.openbeautyfacts.org/product/3660005713816,https://images.openbeautyfacts.org/images/products/366/000/571/3816/front_fr.7.400.jpg,open_beauty_facts
3660005309774,Yves rocher,Yves Rocher Hydra Vegetal Creme Hydrating Gel Cream,". AQUAIWATERIEAU GLYCERIN , METHYLPROPANEDIOL • ISONONYL ZEA MAYS (CORN) STARCH , ETHYLHEXYL STEAPATE , ETHYLHEXYL COCOATE ALCOHOI. , CETYL ALCOHOL BETAINE • HAMAMELIS VIRGINIANA FLOWEP GLYCEPYL SORBITAN STEARATE SESAMUM INDICUM CESAME) SEED PEG-IOO STEAPATE hPHLOtA LEAF EXTRACT PHENOXYETHANOL PARFUMIFRAGRANCE ACER SACCHARUM (SUGAR MAPLE) , AGAVE LEAF EXTRACT AMMONIUM ACRYLOYLDIMETHYLTAURATEIVP COPOLYMEP roco. PHERYL ACETATE SORBIC ACID ALLANTOIN XANTHAN GUM TETPASODIUM EDTA SODIUM HYDPOXIOE SODIUM BENZOATE POTASSIUM SORBATE • ACID TOCOPHEROL",en:france,,https://world.openbeautyfacts.org/product/3660005309774,https://images.openbeautyfacts.org/images/products/366/000/530/9774/front_fr.4.400.jpg,open_beauty_facts
3660005549897,Yves Rocher,Purifying Scrub,• METHYLPROPAŒDIOL • ALCOHOL HECTORITE • CETYL ALCOHOL • CENTAUREA WATER CETETH-20 • PHENOXYETHANOL AICOHOL HYDROXYETHYLCELLULOSE • SALICYLIC ALKYL ACRYLFE CROSSPOLYMER ROOT EXTRACT • TOCOPHERYL • SODIUM HYDROXIDE • SODIUM BENZOATE O CITRICACID•TOCOPHEROL,en:france,,https://world.openbeautyfacts.org/product/3660005549897,https://images.openbeautyfacts.org/images/products/366/000/554/9897/front_fr.4.400.jpg,open_beauty_facts
3660005123165,Yves Rocher,Gel à raser glisse optimale fraîcheur homme,"eau, palmitic acid, sorbitol, triethanolamine, propylen glycol, stearic acid, isopentane, parfum, steareth-2, isobutane, phenoxyethanol, hydroxyethylcellulose, hydroxypropylcellulose, aloe barbadensis leaf juice powder, rutin, ci42090 (blue 1)",en:france,150 ml,https://world.openbeautyfacts.org/product/3660005123165,https://images.openbeautyfacts.org/images/products/366/000/512/3165/front_fr.11.400.jpg,open_beauty_facts
3660005424552,Yves Rocher,Accord Chic : Secrets d'Essences,"Aqua/Water/Eau, Methylpropanediol, Glycerin, Isopropyl palmitate, Glyceryl stearate citrate, Caprylic/capric triglyceride, Stearyl alcohol, Cetyl alcohol, Centaurea cyanus flower water, Dimethicone, Parfum/Fragrance, Prunus amygdalus dulcis (sweet almond) oil, Phenoxyethanol, Carbomer, Sodium hydroxide, Tetrasodium EDTA, Geraniol, Limonene, Sodium benzoate, Potassium sorbate, Isoeugenol, Citric acid",en:france,200 ml,https://world.openbeautyfacts.org/product/3660005424552,https://images.openbeautyfacts.org/images/products/366/000/542/4552/front_fr.6.400.jpg,open_beauty_facts
3660005811031,Yves Rocher,Gel désincrustant visage,"AQUA, GLYCERIN, ALCOHOL, PEG-6 CARRYLCICAPRIC GLYCERIDES, BAMBUSA ARUNDINACEA STREM EXTRACT, METHYLPROPANEDIOL, PRUNUS ARMENIACA SEED POWDER, SODIUM LAURETH SULFATE, COCAMIDOPROPYL BETAINE, ACRYLATES/C10-30 ALKYL ACRYLATE CROSSPOLYMER, HAMAMELIS VIRGINIANA FLOWER WATER, SODIUM COCOYL ISETHIONATE, PHENOXYETHANOL, PARFUM/FRAGRANCE, SODIUM HYDROXIDE, XANTHAN GUM, TETRASODIUM EDTAPALLINIA CUPANA SEED EXTRACT, MENTHOL, HYDROLYZED CORN STARCH, CITRIC ACID, SODIUM SULFITE, SODIUM BENZOATE, POTASSIUM SORBATE, DIMETHICONE",en:france,100 ml,https://world.openbeautyfacts.org/product/3660005811031,https://images.openbeautyfacts.org/images/products/366/000/581/1031/front_fr.3.400.jpg,open_beauty_facts
3660005818306,"Secrets d'essences, Yves Rocher",Accord chic Secrets d'essences Eau de parfum,"Alcohol, parfum/fragrance, aqua/water/eau, ethylhexylmethoxycinnamate, linalool, limonene, butyl methoxydibenzoylmethane, ethylhexyl salicylate, geraniol, isoeugenol, eugenol, coumarin, citral, citronellol, BHT.",en:france,1.2ml,https://world.openbeautyfacts.org/product/3660005818306,,open_beauty_facts
3660005882741,Yves Rocher,Jardins du Monde Gel douche fraicheur Citron Vert du Mexique,AQUA • AMMONIUM LAURYL SULFATE • DECYL GLUCOSIDE • ALOE BARBADENSIS LEAF JUICE • PARFUM • SODIUM CHLORIDE • COCAMIDOPROPYL BETAINE • SODIUM BENZOATE • CITRIC ACID • LIMONENE • GLYCERYL OLEATE • TETRASODIUM EDTA • CITRAL • SALICYLIC ACID • METHYLPROPANEDIOL • CI 17200 • CI 19140 • CI 42090,en:france,200 ml,https://world.openbeautyfacts.org/product/3660005882741,https://images.openbeautyfacts.org/images/products/366/000/588/2741/front_fr.6.400.jpg,open_beauty_facts
5028197274214,The Body Shop,Body lotion to oil,"Aqua/Water/Eau, Helianthus Annuus Seed Oil/Helianthus Annuus (Sunflower) Seed Oil, Caprylic/Capric Triglyceride, Glycerin, Behenyl Alcohol, Beheneth-25, Coco-Caprylate/Caprate, Butyrospermum Parkii Butter/ Butyrospermum Parkii (Shea) Butter, Phenoxyethanol, Parfum/Fragrance, Caprylyl Glycol, Carbomer, Sodium Hydroxide, Trisodium Ethylenediamine Disuccinate, Coumarin, Pinus Sylvestris Bud Extract, Citric Acid, Sodium Benzoate, Potassium Sorbate, CI 19140/Yellow 5, CI 42090/Blue 1.",en:sweden,200ml,https://world.openbeautyfacts.org/product/5028197274214,https://images.openbeautyfacts.org/images/products/502/819/727/4214/front_en.3.400.jpg,open_beauty_facts
5028197249298,The Body Shop,pink grapefruit shower gel,"Aqua,sodium Lauren sulfate ,glycerin, decyl, glucose ,misalignment betaine, coco betain, sodium, chloride, Citric acid ,fragrance,sodium ,candidate gluconater ,benzoate, limonene,soduim glucose ,citrus grandis fruit water/citrus grandis (grapefruit) fruit water, linalool, aloe barbadenis lead juice powder, citral, crematorium benzoate, CL 14700/red 4, CL 17200/red 33.",en:united-kingdom,60ml,https://world.openbeautyfacts.org/product/5028197249298,https://images.openbeautyfacts.org/images/products/502/819/724/9298/front_en.4.400.jpg,open_beauty_facts
5028197248871,The Body Shop,Zingy & Refreshing Pink Grapefruit Shower Gel,"aqua/water/eau, sodium laureth sulphate, glycerin, decal glucoside, cocamidopropyl betaine, coco-betaine, sodium chloride, citric acid, parfum/fragrance, sodium benzoate, limonene, sodium gluconate, citrus grandis fruit water/citric grand (grapefruit) fruit water, linalool, aloe barbadensis leaf juice powder, citric, denatonium benzoate, Cl 14700/Red 4, Cl 17200/Red 33.",en:canada,750 mL,https://world.openbeautyfacts.org/product/5028197248871,https://images.openbeautyfacts.org/images/products/502/819/724/8871/front_en.4.400.jpg,open_beauty_facts
5028197943103,The Body Shop,Pink Grapefruit Exfoliating Gel Body Scrub,Pink grapefruit seed oil,en:canada,250 mL,https://world.openbeautyfacts.org/product/5028197943103,https://images.openbeautyfacts.org/images/products/502/819/794/3103/front_en.4.400.jpg,open_beauty_facts
5028197868918,The Body Shop,ginger scalp serum,"Aqua/Water/Eau, Propanediol, Hydroxyethylcellulo MADE IN Polysorbate 20, Glycerin, Phenoxyethanol, Caprylyl Glycol, Butylene Glycol, Pentyl PRODUC Glycol, Arginine, Lactic Acid, Salix Alba Bark Extract/Salix Alba (Willow) Bark Extra Panthenol, Sodium Hyaluronate, Glycine Soja Germ Extract, Triticum Vulgare Gem The Bou 2020 Extract/Triticum Vulgare (Wheat) Germ Extract, Trisodium Ethylenediamine Disuccinate 182 LV Hydroxyphenyl Propamidobenzoic Acid, Parfum/Fragrance, Sodium Hydroxide, Betua Dist B Alba Bark Extract, Epilobium Angustifolium Flower/Leaf/Stem Extract, Gluconolactone impor Linalool, Scutellaria Baicalensis Root Extract, Zingiber Officinale Root 0il/Zingiber Av.E Officinale (Ginger) Root Oil, Limonene, Sodium Benzoate, Citronellol, Citral, Eugenol Migu enzyl Alcohol, Geraniol, Ascorbyl Palmitate, Sodium Metabisulfite, Calcium Gluconate 0 de Ww",en:iceland,50 ml,https://world.openbeautyfacts.org/product/5028197868918,https://images.openbeautyfacts.org/images/products/502/819/786/8918/front_en.4.400.jpg,open_beauty_facts
5028197197568,The Body Shop,Vitamin E Gentle Facial Wash,"Water, Octyl Palmitate, Isohexadecane, Sorbitol, Dimethicone, Glycine Soja (Soybean) Oil, Sorbitan Stearate, Triticum Vulgare (Wheat) Germ Oil, Benzyl Alcohol, Glyceryl Stearate, PEG-100 Stearate, Butyrospermum Parkii (Shea Butter), Cetearyl Alcohol, Tocopheryl Acetate, Methylparaben, Acrylates/C10-30 Alkyl Acrylate Crosspolymer, Fragrance, Propylparaben, Sodium Hydroxide, Disodium EDTA, Citronellol, Alpha-Isomethyl Ionone, Linalool, Geraniol, Limonene, Citral, Eugenol, Farnesol.",en:united-states,,https://world.openbeautyfacts.org/product/5028197197568,https://images.openbeautyfacts.org/images/products/502/819/719/7568/front_en.3.400.jpg,open_beauty_facts
2000000099285,The Body Shop,Tea Tree skin clearing foaming cleanser,"Aqua, Cocamidopropyl Betaine, Polysorbate 20, Coco-Glucoside, PEG-40 Hydrogenated Castor Oil, Salix Alba Bark Extract, Sodium Chloride, Melaleuca Alternifolia Leaf Oil, Glycerin, Calophyllum Inophyllum Seed Oil, Myristamidopropyl Pg-Dimonium Chloride Phosphate, Pvp, p-Anisic Acid, Sodium Hydroxide, Menthol, Leptospermum Petersonii Oil, Citral, Limonene, Tocopherol, Citric Acid.",en:united-states,1,https://world.openbeautyfacts.org/product/2000000099285,https://images.openbeautyfacts.org/images/products/200/000/009/9285/front_en.4.400.jpg,open_beauty_facts
5028197549930,The Body Shop,Pore-cleansing exfoliator,"Aqua/Water/Eau, Sodium Laureth Sulfate, Olea europaea/ Olive Seed Powder, Acrylates Copolymer, Lauryl Betaine, Glycerin, Propanediol, Hydrogenated Jojoba Oil, Pentylene Glycol, Phenoxyethanol, Sodium Chloride, Phenethyl Alcohol, Parfum/Fragrance, Sodium Hydroxide, Propylene Glycol, Luffa Cylindrica Fruit, Glyceryl Caprylate, Fucus Vesiculosus Extract, Disodium EDTA, Linalool, Benzyl Salicylate, Benzyl Alcohol, Citric Acid.",en:spain,100 ml,https://world.openbeautyfacts.org/product/5028197549930,https://images.openbeautyfacts.org/images/products/502/819/754/9930/front_es.4.400.jpg,open_beauty_facts
5028197555122,The Body Shop,"ALMOND MILK & HONEY For Sensitive, Dry Skin","NITTA9BSIO1-INGREDIENTS: Aqua/Water/Eau, Caprylic/Capric Triglyceride, Dnme Celearyl Alcohol, Elaeis Guineensis Oil/Elaeis Guineensis (Palm) Oil, Glycerin, Butyro Parki Butter/Butyrospermum Parkii (Shea) Butter, Glyceryl Stearate, C12-15 Alk el Honey/Miel, PEG-100 Stearate, Phenoxyethanol, Caprylyl Glycol, Prunus Amg OUFrunus Amygdalus Dulcis (Sweet Almond) Oil, Parfum/Fragrance, Alumin adtenylsuccinate, Carbomer, Disodium EDTA, Sodium Hydroxide, Prunus Amypte Seed Extract/Prunus Amygdalus Dulcis (Sweet Almond) Seed Extract, Xanthan Gom Achol, Citric Acid, Dehydroacetic Acid.",en:austria,200 ml,https://world.openbeautyfacts.org/product/5028197555122,https://images.openbeautyfacts.org/images/products/502/819/755/5122/front_en.9.400.jpg,open_beauty_facts
5028197414634,The Body Shop,Gel douche pamplemousse rose,"Eau, sodium laureth sulfate, cocamidopropyl bétaïne, glycérine, polysorbate 20, PEG-40 hydrogenated castor oil, sodium chloride, polyglyceryl-2 caprate, trisodium sulfosuccinate, PEG-120 methyl glucose dioleate, miel, sodium benzoate, parfum, citric acid, limonene, citrus paradisi seed oil, linalool, disodium EDTA, hexyl cinnamal, citral, denatonium benzoate, Cl 14700/Red 4, Cl 17200/Red 33.",en:france,250 mL,https://world.openbeautyfacts.org/product/5028197414634,https://images.openbeautyfacts.org/images/products/502/819/741/4634/front_fr.4.400.jpg,open_beauty_facts
5028197479534,The Body Shop,Coconut Bath Shower Gel / Cream,"Aqua/Water/Eau, Sodium laureth sulfate, sodium Alcohol, lauryl Betaine, Decyl Glucoside, Parfum/fragrance, styrene/AcryIates Mel/Honey/Miel, Sodium Hydroxide, Coco-Glucoside, Salicylic Acid, Cocos Nucifera (Coconut) Oil, Sodium Cocoabutteramphoacetate, Disodium EDTA, Benzyl Benzoate, Coumarin, Citric Acid, Benzoic Acid, Denatonium Benzoate. 831546 Ref: 47953",en:france,,https://world.openbeautyfacts.org/product/5028197479534,https://images.openbeautyfacts.org/images/products/502/819/747/9534/front_fr.4.400.jpg,open_beauty_facts
8809843673431,Innisfree,Innisfree Green Tea Balancing Skin Toner,"Water, Propanediol, Butylene Glycol, Glycerin, Camellia Sinensis Leaf Water, 1,2-Hexanediol, Betaine, PEG-60 Hydrogenated Castor Oil, Ethylhexylglycerin, Disodium EDTA, Sodium Hyaluronate, Citric Acid, Sodium Citrate, Fragrance",en:brazil,250 ml,https://world.openbeautyfacts.org/product/8809843673431,,open_beauty_facts
8809598454354,COSRX,Aloe Soothing Sun Cream,"Water, Ethylhexyl Methoxycinnamate, Glycerin, Propylene Glycol, Cyclopentasiloxane, Phenylbenzimidazole Sulfonic Acid, Bis-Éthy - lhexyloxyphenol Methoxyphenyl Triazine, Dicaprylyl Carbonate, Isoamyl p-Methoxycinnamate, Potassium Cetyl Phosphate, Alcohol, Dimethicone, Butylene Glycol, Glyceryl Stearate, Titanium Dioxide, C14-22 Alcohols, Polymethyl Methacrylate, Cetearyl Alcohol, PEG - 100 Stearate, Triethanolamine, Silica, Sodium Hydroxide, Dimet - hicone/Vinyl Dimethicone Crosspolymer, C12-20 Alkyl Glucoside, Aluminum Hydroxide, Stearic Acid, Fragrance, Caprylyl Glycol, Ph - enoxyethanol, Acrylates/C10-30 Alkyl Acrylate Crosspolymer, Aloe Arborescens Leaf Extract(1,100 ppm), Dipotassium Glycyrrhizate, Carbomer, Xanthan Gum, Limonene, Tocopheryl Acetate, Disodium EDTA, Hexyl Cinnamal, Linalool, Benzyl Salicylate, Geraniol, Benzyl Alcohol, Citronellol, Benzyl Benzoate, Citral",en:italy,50 ml,https://world.openbeautyfacts.org/product/8809598454354,https://images.openbeautyfacts.org/images/products/880/959/845/4354/front_en.9.400.jpg,open_beauty_facts
8809598451926,COSRX,Hydrium Triple Hyaluronic Moisturizing Cleanser,"Water, Glycerin, Stearic Acid, Myristic Acid, Lauric Acid, Potassium Hydroxide, Palmitic Acid, Potassium Cocoyl Glycinate, Coco-Glucoside, Glyceryl Stearate, Fragrance (Parfum), Polyquaternium-7, Acrylates/C10-30 Alkyl Acrylate Crosspolymer, Sodium Cocoyl Isethionate, Arachidic Acid, Disodium EDTA, 1,2-Hexanediol, Oleic Acid, Sodium Benzoate, Quillaja Saponaria Bark Extract, Citric Acid, Butylene Gylcol, Panthenol, Hyaluronic Acid, Ethylhexylglycerin, Hydrolyzed Hyaluronic Acid, Sodium Hyaluronate.",en:united-states,,https://world.openbeautyfacts.org/product/8809598451926,https://images.openbeautyfacts.org/images/products/880/959/845/1926/front_en.3.400.jpg,open_beauty_facts
0800897233938,LANEIGE,NYX Professional Makeup 03 My Supermodel Fat Oil Lip Drip Lipolie,"Berry Fruit Complex, + Vitamin C, + Coconut Oil, Complexe de Bales Rouges, + Vitamine C, + Huile de Noix de Coco",en:netherlands,"4,8ml",https://world.openbeautyfacts.org/product/0800897233938,https://images.openbeautyfacts.org/images/products/080/089/723/3938/front_en.3.400.jpg,open_beauty_facts
8809643053273,Laneige,Laneige Lip sleeping mask,Laneige product cream base and Lip sleeping mask mixed flavors.,en:singapore,20grams,https://world.openbeautyfacts.org/product/8809643053273,https://images.openbeautyfacts.org/images/products/880/964/305/3273/front_en.4.400.jpg,open_beauty_facts
5017634238483,Bioré,Gel nettoyant en profondeur au charbon,"AQUA, GLYCERIN, SODIUM LAURETH SULFATE, COCAMIDOPROPYL BETAINE, SORBITOL, LAURETH-4 CARBOXYLIC ACID, ETHYLHEXYLGLYCERIN, ACRYLATES/C10-30 ALKYL ACRYLATE CROSSPOLYMER, SALICYLIC ACID, SODIUM BENZOATE, PARFUM, SODIUM HYDROXIDE, MENTHOL, POLYQUATERNIUM-39, DISODIUM EDTA, CHARCOAL POWDER, MANNITOL, CELLULOSE, CAPRYLIC/CAPRIC TRIGLYCERIDE, HYDROXYPROPYL METHYLCELLULOSE, CI 77499",en:france,200 ml,https://world.openbeautyfacts.org/product/5017634238483,https://images.openbeautyfacts.org/images/products/501/763/423/8483/front_fr.5.400.jpg,open_beauty_facts
5017636643612,Bioré,Anti-Pickel Klärendes Waschgel,"INGREDIENTS: AQUA, SODIUM LAURETH SULFATE, COCAMIDOPROPYL BETAINE, SORBITOL, GLYCERIN, LAURETH-4 CARBOXYLIC ACID, SALICYLIC ACID, ETHYLHEXYLGLYCERIN, ACRYLATES/C10-30 ALKYL ACRYLATE CROSSPOLYMER, PARFUM, MENTHOL, SODIUM HYDROXIDE, POLYQUATERNIUM-39, CHARCOAL POWDER, DISODIUM EDTA, SODIUM BENZOATE, CITRONELLOL, LIMONENE, LINALOOL",en:germany,200ml,https://world.openbeautyfacts.org/product/5017636643612,https://images.openbeautyfacts.org/images/products/501/763/664/3612/front_de.4.400.jpg,open_beauty_facts
5017634293277,Bioré,Spot Control Mousse nettoyante,"AQUA, SODIUM C14-16 OLEFIN SULFONATE, SORBITOL POLYSORBATE 20, LAURETH-4 CARBOXYLIC ACID. SODIUM LAURETH SULFATE, ETHYLHEXYLGLYCERIN, SALICYLIC ACID, CITRIC ACID, PARFUM, SODIUM HYDROXIDE, POLYQUATERNIUM-39, DISODIUM EDTA, SODIUM BICARBONATE, AGAVE TEQUILANA LEAF R FLACON EXTRACT, SODIUM BENZOATE, PHENOXYETHANOL, BOTTLE Recyde CITRONELLOL, LIMONENE, LINALOOL.",en:france,200 ml,https://world.openbeautyfacts.org/product/5017634293277,https://images.openbeautyfacts.org/images/products/501/763/429/3277/front_fr.3.400.jpg,open_beauty_facts
5017634237080,Bioré,1-Minute-Thermomaske Aktivkohle!,"BUTYLENE GLYCOL, ZEOLITE, KAOLIN, PEG-8, METHYL GLUCETH-20, CELLULOSE, TALC, PARFUM, LAURYL METHACRYLATE/GLYCOL DIMETHACRYLATE CROSSPOLYMER, CHARCOAL POWDER, DIMETHICONE, HYDROXYPROPYLCELLULOSE, MENTHOL, DISODIUM EDTA, BHT",en:belgium,4 * 7 g,https://world.openbeautyfacts.org/product/5017634237080,https://images.openbeautyfacts.org/images/products/501/763/423/7080/front_nl.6.400.jpg,open_beauty_facts
4103040104762,sebamed,sebamed Lotion,"Aqua, Glycerin, Cetearyl Alcohol, Sorbital, Hexyldecanol, Hexyldecyl Laurate, Chamomilla recutita flower extract, Allantoin, Sodium Cetearyl Sulfate, Citric Acid, Sodium Hydroxide, Sodium Acetate, Sodium Ascorbate, Xanthan Gum, Dimethicone, Parfum, Alcohol, Phenoxyethanol, Sodium Benzoate, Benzyl Alcohol",en:germany,400ml,https://world.openbeautyfacts.org/product/4103040104762,https://images.openbeautyfacts.org/images/products/410/304/010/4762/front_de.7.400.jpg,open_beauty_facts
4103040924971,sebamed,Body-Milk,"Aqua, hexyldecanol, hexyldecyl laurate, glyceryl stearate, panthenol, petrolatum, simmondsia chinensis seed oil, butyrospernum parkii butter, ceteareth-20, cetyl palmitate, ceteartyl alcohol, ceteareth-12, sodium carbomer, sodium citrate, parfum, phenoxyethanol, benzyle alcohol",en:france,1000ml,https://world.openbeautyfacts.org/product/4103040924971,https://images.openbeautyfacts.org/images/products/410/304/092/4971/front_fr.4.400.jpg,open_beauty_facts
9314839014611,QV,QV intensive cream,"Aqua (Water), Petrolatum, Paraffinum Liquidum, Glycerin, Cyclopentasiloxane, Cyclohexasiloxane, Cetearyl Alcohol, Dimethicone, Behentrimonium Methosulfate, 1,2-Hexanediol, Caprylyl Glycol.",en:australia,100g,https://world.openbeautyfacts.org/product/9314839014611,https://images.openbeautyfacts.org/images/products/931/483/901/4611/front_en.4.400.jpg,open_beauty_facts
3282779326889,Klorane,Klorane Bebe Cleansing Micellar Water No Rinse Formula 750ML (cleanser),"(AQiJA). PEG-8. GLYCERN, COCOTGLUCOSIDE CALENDULA )",en:france,,https://world.openbeautyfacts.org/product/3282779326889,,open_beauty_facts
3282779374620,Klorane,Crème solaire Enfant SPF 50+ Peaux sensibles & Visage,"Water (Aqua), C12-15 Alkyl Benzoate, Dicaprylyl Carbonate, Butylene Glycol, Methylene Bis-Benzotriazolyl Tetramethylbutylphenol (Nano), Titanium Dioxide (Nano), Bis-Ethylhexyloxyphenol Methoxyphenyl Triazine, Diethylhexyl Butamido Triazone, Diisopropyl Adipate, Bis-Ethylhexyl Hydroxydimethoxy Benzylmalonate, Butyl Methoxydibenzoylmethane, Glyceryl Stearate, Peg-100 Stearate, Potassium Cetyl Phosphate, VP/Eicosene Copolymer, Benzoic Acid, Calendula Officinalis Flower Extract, Caprylyl Glycol, Decyl Glucoside, Dimethicone, Disodium Edta, Ethylhexyl Palmitate, Fragrance (Parfum), Glyceryl Behenate, Glyceryl Dibehenate, Polyacrylate-13, Polyisobutene, Polysorbate 20, Propylene Glycol, Silica, Sodium Hydroxide, Sorbitan Isostearate, Stearyl Alcohol, Tocopherol, Tocopheryl Acetate, Tribehenin, Xanthan Gum.",en:france,50 ml,https://world.openbeautyfacts.org/product/3282779374620,https://images.openbeautyfacts.org/images/products/328/277/937/4620/front_fr.5.400.jpg,open_beauty_facts
3282779168519,Klorane,Lait solaire très haute protection SPF 50+,"Aqua, C12-15 Alkyl Benzoate, Methylene Bis-Benzotriazoyl Tetramethylbutylphenol, Diethylhexyl Butamino Triazone, Diisopropyl Adipate, Pentaerithrityl Tetracaprylate/Tetracaprate, Dicaprylyl Carbonate, Bis-Ethylhexyloxyphenol Methoxyphenyl Triazine, Aluminum Starch Octenysucocinate, Butyl Methoxidibenzoylmethane, Butylene Glycol, Potassium Cetyl Phosphate, Decyl Glucoside, Glyceryl Stearate, Peg-100 Stearate, Acrylates /C10-30 Alkyl Acrylate Crosspolymer, Benzoic Acid, Calendula Officinalis flower Extract, Caprylyl Glycol, Disodium EDTA, Ethylhexyl Palmitate, Frarance (Parfum), Glyceryl behenate, Glyceryl Dibehenate, Hydrogenated Palm Glycerides, Hydrogenated Palm Kernel Glycerides, Propylene Glycol, Sodium Hydroxide, Tocopherol, Tocopheryl Acetate, Tribehenin, Xanthan Gum.",en:france,75 ml,https://world.openbeautyfacts.org/product/3282779168519,https://images.openbeautyfacts.org/images/products/328/277/916/8519/front_fr.4.400.jpg,open_beauty_facts
3282779411189,Klorane,Spray Solaire enfant au calendula protecteur SPF50+ visage et corps,"water (aqua), C12-15 alkyl benzoate, dicaprylyl carbonate methylene bis-benzotriazolyl tetramethylbutylphenol (nano), glycerin, bis-ethylhexyloxphenol methoxyphenyl triazine, diethylhexyl butamido triazone, diisopropyl adipate butyl methoxydibenzoylmethane, cetearyl isononanoate, lauryl glucoside, polyglyceryl-2, dipolyhydroxystearate, decyl glucoside, C10-18 triglycerides, benzoic acid, calendula officinalis flower extract, caprylyl glycol, citric acid, disodium EDTA, ethylhexyl palmitate, fragrance (parfum), glyceryl behenate, glyceryl dibehenate, polyacrylate-13, polyisobutene, polysorbate 20, propylene glycol, sorbitan, isostearate, tocopherol, tocopheryl acetate, tribehenin, xanthan gum.",en:france,100 ml,https://world.openbeautyfacts.org/product/3282779411189,https://images.openbeautyfacts.org/images/products/328/277/941/1189/front_fr.7.400.jpg,open_beauty_facts
3282779393232,Klorane,Klorane Bébé Moisturizing Lotion 500 Ml.,Water ethylhexyl palmitate glycerin polysorbate 40 sorbitan palmitate acrylates/c10-30 alkyl acrylate crosspilymer calendula officinalis flower extract chlorphensin cyclopentasiloxane dimethiconol fragrance phenoxethanol triethanolamine trisodium edta can than gum,en:france,,https://world.openbeautyfacts.org/product/3282779393232,,open_beauty_facts
3282779327039,Klorane,Klorane Bébé Lingettes nettoyantes douceur au lait de toilette,"Water (aqua), glycerin, propylene glycol, polysorbate 40, PEG-7 glyceryl cocoate, sorbitan palmitate, benzoic acid, calendula officinalis flower extract, caprylyl glycol, disodium edta, ethylhexyl palmitate, fragrance (parfum), sodium hyroxide,",en:france,70 lingettes,https://world.openbeautyfacts.org/product/3282779327039,,open_beauty_facts
3282779282390,Klorane,Klorane Petit Junior Gel Douche à la Poire,"Aqua, Sodium Laureth Sulfate, Sodium Chloride, sodium cocoyle apple amino acids, Cocamidopropyl Betaine, acrylates copolymer, Glycol Distearate, benzoic acid, cetearyl glucoside,  Citric Acid, Cocamide Mea, dehydroacetic acid, ethylhexylglycerin, Parfum (Fragrance), glycerin, glyceryl stearate SE, Gossypium Herbaceum seed oil (Gossypium Herbaceum seed oil), hexylene glycol, Hydroxyethylcellulose, Laureth-10, methylisothiazolinone, Panthenol, phenoxyethanol, Polyquaternium-10, Propylene Glycol, Sodium benzoate, sodium hydroxide, tetrasodium edta, xanthan gum,",en:france,200ml,https://world.openbeautyfacts.org/product/3282779282390,,open_beauty_facts
3661434009990,Uriage,Gel nettoyant anti-imperfections,"AQUA (WATER, EAU) SODIUM LAURETH SULFATE 2 PEG-80 GLYCERYL COCOATE SODIUM COCOAMPHOACETATE PPG-2 HYDROXYETHYL COCO/ISOSTEARAMIDE SODIUM LAURETH-8 SULFATE SODIUM METHYL COCOYL TAURATE COCO-GLUCOSIDE GLYCERYL OLEATE SULFATE SODIUM OLETH SULFATE GLYCERIN⚫ MAGNESIUM LAURETH-8 SULFATE MAGNESIUM OLETH SULFATE EPILOBIUM ANGUSTIFOLIUM FLOWER/LEAF/STEM EXTRACT •PIROCTONE OLAMINE MAGNESIUM LAURETH HYDROGENATED VEGETABLE GLYCERIDES CITRATE. GLYCINE CITRIC ACID ACL 6361867 CNK 4766671 CNP 6046607 ESPANA CN 185696.8 PET 12 M TOCOPHEROL FR Laboratoires Dermatologiques d'Uriage 92200 Neuilly - FRANCE MADE IN FRANCE - www.uriage.com 01/28",en:france,500ml,https://world.openbeautyfacts.org/product/3661434009990,https://images.openbeautyfacts.org/images/products/366/143/400/9990/front_fr.5.400.jpg,open_beauty_facts
3661434000720,Uriage,Cold Cream - crème protectrice,"AQUA (WATER, EAU) - PARAFFINUM LIQUIDUM (MINERAL OIL) – OCTYLDODECANOL - CERA ALBA (BEESWAX) - SODIUM CHLORIDE - HYDROGENATED POLYDECENE - BUTYLENE GLYCOL – GLYCERIN - CETYL PALMITATE – OZOKERITE - CERA MICROCRISTALLINA (MICROCRYSTALLINE WAX) - MAGNESIUM STEARATE - MAGNESIUM SULFATE - POLYGLYCERYL-3 POLYRICINOLEATE - SORBITAN ISOSTEARATE – DIMETHICONE - OCTYLDODECYL XYLOSIDE - PEG-30 DIPOLYHYDROXYSTEARATE - DIAZOLIDINYL UREA - CITRIC ACID",en:france,100 ml,https://world.openbeautyfacts.org/product/3661434000720,https://images.openbeautyfacts.org/images/products/366/143/400/0720/front_fr.5.400.jpg,open_beauty_facts
3661434005459,Uriage,Bariéderm-CICA Baume lèvres protecteur,4 PARAFFINUM LIQUIDUM (MINERAL OIL) CERA MICROCRISTALLINA (MICROCRYSTALLINE WAX) - PARAFFIN - HYDROGENATED POLYDECENE - DIMETHICONE - TRIACONTANYL PVP - DIPENTA - ERYTHRITYL TETRAHYDROXY - - STEARATE/TETRAISOSTEARATE - GLYCERIN - SQUALANE - BRAS - SICA CAMPESTRIS (RAPESEED) STEROLS TOCOPHERYL ACE - TATE SYNTHETIC WAX - ETHYLE - NE/PROPYLENE COPOLYMER - POLYETHYLENE - POLYQUATER - NIUM-61 - BHT.,en:canada;en:france,15ml,https://world.openbeautyfacts.org/product/3661434005459,https://images.openbeautyfacts.org/images/products/366/143/400/5459/front_fr.9.400.jpg,open_beauty_facts
3661434008511,Uriage,Uriage CC Cream SPF50+,"AQUA (WATER, EAU) - CI 77891 (TITANIUM DIOXIDE) - ETHYLHEXYL METHOXYCINNAMATE - DIETHYLAMINO HYDROXYBENZOYL HEXYL BENZOATE - DICAPRYLYL CARBONATE - ETHYLHEXYL SALICYLATE - ETHYLHEXYL TRIAZONE DIMETHICONE - POLYMETHYL METHACRY - LATE C20-22 ALKYL PHOSPHATE - C20-22 ALCOHOLS - HYDROGENATED PALM KERNEL GLYCERIDES - BIS-ETHYLHEXYLOXYPHENOL METHOXYPHENYL TRIA - ZINE DIISOPROPYL SEBACATE - PROPYLENE GLYCOL DICAPRYLATE/DICAPRATE - C12-15 ALKYL BENZOATE - DISOPROPYL ADIPATE - PROPANEDIOL - CI 77492 (IRON OXIDES) - BUTYLENE GLYCOL - PHENOXYETHANOL - DECYL GLUCOSIDE - TRIACONTANYL PVP - HYDROGE - NATED PALM GLYCERIDES - PARFUM (FRAGRANCE) - CHLORPHENESIN - XANTHAN GUM - CI 77491 (IRON OXIDES) MICA TRIETHOXYCAPRYLYLSILANE - BRASSICA CAMPESTRIS (RAPESEED) STEROLS - o-CYMEN-5-OL - TOCOPHERYL ACETATE - SODIUM HY - DROXIDE-CI 77499 (IRON OXIDES) - PHYTOSPHINGO - SINE RASPBERRY SEED OIL/PALM OIL AMINOPRO - PANEDIOL ESTERS - SILICA - SORBITOL - ASIATICO - SIDE-BHT-MALTODEXTRIN - ASPARAGOPSIS ARMATA EXTRACT PANAX GINSENG ROOT EXTRACT-TO - COPHEROL-ASCOPHYLLUM NODOSUM EXTRACT - TIN OXIDE-POTASSIUM SORBATE.",en:morocco,,https://world.openbeautyfacts.org/product/3661434008511,https://images.openbeautyfacts.org/images/products/366/143/400/8511/front_en.3.400.jpg,open_beauty_facts
3661434005725,Uriage,1ère Crème Minérale SPF 50+,"Dicaprylyl Carbonate, Titanium Dioxide (Nano), Aqua Water (Eau), Zinc Oxide (Nano), Neopentyl Glycol Dipheptanoate, Peg-30 Dipolyhydroxystearate, Sodium Chloride, Butylene Glycol, Nylon-12, Polyglyceryl-3 Diisostearate, Alumina, Stearic Acid, Dimethicone, Glycerin, Octyldodecanol, Magnesium Sulfate, Triethoxycaparylylsilane, Cera Alba Beeswax, Glucose, Xanthan Gum, Disteardimonium Hectorite, Hydrogenated Polydecene, Tocopheryl Acetate, Trehalose, Propylene Carbonate, Ascorbyl Tetraisopalmitate, Citric Acid.",en:france,50 ml,https://world.openbeautyfacts.org/product/3661434005725,,open_beauty_facts
3661434005534,Uriage,Hyséac 3-REGUL SPF30,"AQUA (WATER, EAU)-ETHYLHEXYL METHOXYCINNA MATE-CI 77891 (TITANIUM DIOXIDE)-DIETHYLAMINO HYDROXYBENZOYL HEXYL BENZOATE ETHYLHEXYL SALICYLATE-OCTOCRYLENE DICAPRYLYL CARBO NATE NYLON-12-STEARETH 2 STEARETH-21 DIMETHICONE-CETYL ALCOHOL-HYDROGENATED VEGETABLE OIL BUTYLENE GLYCOL-POTASSIUM CETYL PHOSPHATE-TROMETHAMINE LACTIC ACID PARFUM (FRAGRANCE) - CI 77492 (IRON OXIDES) PHENOXYETHANOL HYDROGENATED PALM KERNEL GLYCERIDES GLYCERYL STEARATE PEG-100 STEARATE CI 77491 (IRON OXIDES) - CHLORPHE NESIN - POLYACRYLATE-13-TETRASODIUM EDTA - XANTHAN GUM ACRYLATES/C10-30 ALKYL ACRYLATE CROSSPOLYMER - POLYISOBUTENE - HYDROGENATED PALM GLYCERIDES-CI 77499 (IRON OXIDES) - o-CYMEN-5-OL - SALICYLIC ACID - TOCOPHERYL ACETATE - ALUMINA - TRIETHOXYCA - PRYLYLSILANE-PROPANEDIOL - POLYSORBATE 20 - SORBITAN ISOSTEARATE-ASIATICOSIDE-GLYCYR - RHIZA INFLATA ROOT EXTRACT - PHYTOSPHINGO - SINE BHT TOCOPHEROL - RHAMNOSE - LENS ESCULENTA (LENTIL) FRUIT EXTRACT-GLUCOSE - GLUCURONIC ACID ETHYLHEXYLGLYCERIN.",en:france,40 ml,https://world.openbeautyfacts.org/product/3661434005534,https://images.openbeautyfacts.org/images/products/366/143/400/5534/front_fr.4.400.jpg,open_beauty_facts
3661434001062,Uriage,Uriage Gyn 8 Gel Apaisant Toilette Intime Muqueuses Irritees 100ML (intimate Hygiene),"ACL 6146940 - URIAGE •SULFATE-SODlUMCHl-ORlDE-SODlUMCOCONffAŒTATE. T-GUJCOSIDE - MAGNESIUM LAURETH SULFATE - METHYL COCOYL TAURATE - FAGNESUMLAJRflH-8SULFAJE-GLYCOLDlSTEARATE-PECrnowm PIROCTONE OLAMINE DMDM ŒRYLOlEATE-MAGNESlUMOLETHSULFATE-lACTL-ACD-ACŒn, ŒfiOPODlUMALPlNUMFLOWER/1fAFEXTRACL",en:france,,https://world.openbeautyfacts.org/product/3661434001062,,open_beauty_facts
3661434000423,Uriage,Uriage 1ere Eau No Rinsing Cleanser  (cleanser),"AQUA (WATER, EAU), PEG-40 HYDROGENATED CASTOR OIL, GLYCERIN, PEG-80 GLYCERYL COCOATE, PARFUM (FRAGRANCE), CETRIMONIUM BROMIDE, POLYAMINOPROPYL BIGUANIDE, ALOE BARBADENSIS LEAF EXTRACT, ClTRIC ACID",en:france,1L,https://world.openbeautyfacts.org/product/3661434000423,,open_beauty_facts
3661434001413,Uriage,Bariésun Lait Enfants SPF 50+ 100 ml Très haute protection,"Aqua, Diethylamino hydroxybenzoyl Hexyl Benzoate, Ethylhexyl Methoxycinnamate, Dicaprylyl Carbonate, Ethylhexyl Triazone, Isodecyl Neopentaonate, Ethylhexyl Salicylate, Bis-Ethylhexyloxyphenol Methoxyphenyl Triazine, Nylon-12, Glycerin, Triacontanyl PVP, C20-22 Alkyl Phosphate, C20-22 Alcohols, Dimethicone, Butylene Glycol, Phenoxyethanol, Decyl Glucoside, Glucose, Xanthan Gum, Chlorphenesin, Hydrogenated Polydecene, O-Cymen-5-Ol, Tocopheryl Acetate, Sodium Hydroxide, Trehalose, Propylene Glycol, Ascrobyl Tetraisopalmitate, BHT, CI 75470 (Carmine), Citric Acid, Tocopherol, Sodium Citrate, Polyquaternium-51.",en:france,100 ml,https://world.openbeautyfacts.org/product/3661434001413,,open_beauty_facts
3661434000577,Uriage,Cold Cream,"Uriage Thermal Spring Water, Paraffinum Liquidum (Mineral Oil), Aqua, Hexyldecyl Stearate, Cera Alba (Beeswax), Glycerin, Polyglyceryl-3 Polyricinoleate, Sorbitan Isostearate, Dimethicone, Cetyl Palmitate, Cera Microcristallina (Microcrystalline Wax), Magnesium Sulfate, Magnesium Stearate, Phenoxyethanol, Paraffin, Diazolidinyl Urea.",en:france,75 ml,https://world.openbeautyfacts.org/product/3661434000577,,open_beauty_facts
3661434000195,Uriage,1er Lait de Toilette,"Aqua, Uriage thermal spring water, hydrogenated polyisobutene,cetearyl ethylhexanoate, dicaprylyl carbonate, butyrospermum parkii (shea butter),  glycerin, polysorbate 60,  tromethamine, parfum (fragance), acrylates/C10-30 alkyl acrylates crosspolymer, chlorphenesin, sodium acrylate/acryloyldimethyl taurate copolymer, isohexadecane,piroctone olamine, polysorbate 80,o-cymen5-ol,butylene glycol,centaurea cyanus flower water, sorbitanoleate, aloe barbadensis leaf extract.",en:france,500 ml,https://world.openbeautyfacts.org/product/3661434000195,,open_beauty_facts
3522930004028,Caudalie,Caudalie Vinosun Protect Sun Protection Water SPF50+,"DIBUTYL ADIPATE, AQUA/WATER/EAU, DIETHYLAMINO HYDROXYBENZOYL HEXYL BENZOATE, DICAPRYLYL CARBONATE, PROPANEDIOL ETHYLHEXYL TRIAZONE, METHYLPROPANEDIOL, BIS-ETHYLHEXYLOXYPHENOL METHOXYPHENYL TRIAZINE, PHENYLBENZIMIDAZOLE SULFONIC ACID, ARGININE LUPINUS ALBUS SEED OIL, BENZOTRIAZOLYL DODECYL P-CRESOL, SODIUM CHLORIDE PALMITOYL GRAPE SEED EXTRACT, GLYCERIN, CAPRYLYL GLYCOL, NIACINAMIDE PHENYLPROPANOL, O-CYMEN-5-OL, TOCOPHERYL ACETATE, PICEA ABIES WOOD CINNAMAL, TOCOPHEROL, PARFUM (FRAGRANCE), GERANIOL, CITRONELLOL 346020 EXTRACT, LINALOOL, HELIANTHUS ANNUUS (SUNFLOWER) SEED OIL, HEXYL",en:france,,https://world.openbeautyfacts.org/product/3522930004028,https://images.openbeautyfacts.org/images/products/352/293/000/4028/front_en.9.400.jpg,open_beauty_facts
3522930004035,Caudalie,CAUDALIE ARIS Thé des Vignes Gel Douche Haute tolé,"Duschg stas de de origem Sehr hohe Vertrag Seifenfrei. Für alle Hauttypen. Angereichert m Duftnoten von weißem Moschus, Neroli und Inge Reinigung pflanzlichen Ursprungs. Tutti i tipi di pelle. Arricchito con aloe vera. Note Gel Doccia Thé des Vignes Alta tollerabilita. Se bianco, neroli, zenzero. Base lavante delicata di o zeep. Voor alle huidtypen. Verrijkt met aloe v Douchegel Thé des Vignes-Hoge tolerantie Be bestanddelen van plantaardige oorsprong. van witte muskus, nerolibloem, gember. Zachter Zel Pod Prysznic Thé des Vignes-Wysoka tolere Nuty białego piza, neroli, imbiru. Łagodna baza zawiera mydła. Do każdego typu skóry. Wzbog pochodzenia ronnego. Thé des Vignes Shower Gel-Appólourpo. Y με αλόη. Νότες και του μόσχου, νερολί της κα Χωρίς σαπούνι. Για όλους τους τύπους επιδερμίδες βάση φυτικής της πύλευσης Flacon em que 100% recyclé & recyclable.100% & recyclable plastic bottle. / Frasco de plástico 100% e recicláve 100% recycelte & recycelbare Flasche 100% z reyingu do ponownego recyklingu. gerecyclee & recycleerbare plastic fles. / Butel 0% Parabènes, phenoxyethanol, huiles minérales, PEG, sodium laureth sulfate, silicones, ingrédients d'origine animale. Contre les tests sur les animaux / Against animal testing/Contra os test Gegen Tierversuche. /Tegen het testen op dieren/Caudalie jest prac zwierzętach-*Là où il existe des installations./Where facilities are provide locais onde existem instalações./Da, wo es Sammelstellen gibt/Ware zijn./W punktach zbiórki zużytych opakowan-97% natural-origin ingre de ingredientes de origem natural./97% Inhaltsstoffe natürlichen Ursprungs./97% ingredienten van natuurlijke oorsprong./ 97% składników pochodzenia naturalnego. INGREDIENTS: AQUA/WATER/EAU, DECYL GLUCOSIDE, SODIUM COCOM GLUTAMATE, GLYCERIN, SUCROSE COCOATE, ACRYLATES/C10-30 ALKYL ACRYLATE CROSSPOLYMER, CAPRYLYL GLYCOL, POTASSIUM SORBATE, CITRIC ACD, LIMONENE LINALOOL ALOE BARBADENSIS LEAF JUICE POWDER PARFUM (FRAGRANCE) (123/005) FR 100% PLASTIC COLLECT Made in France-Caudalie 6 Place de Narvik 75008 Paris Caudalie UK London WIT 2DH Manufactured for Caudalie USA New York, NY 10018 15M 0 FOR THE PLANET",en:belgium,,https://world.openbeautyfacts.org/product/3522930004035,,open_beauty_facts
3522933034329,Caudalie,Brightening Dark Spot Serum,"Aqua/water/eau, butylene glycol, glycerin, cococaprylate/ caprate, squalane, palmitoyl grapevine shoot extract, polyglyceryl-3 distearate, bisabolol, glyceryl stearate, xanthan gum, caprylyl glycol, microcrystalline cellulose, polyacrylate crosspolymer-6, potassium sorbate, glyceryl stearate citrate, citric acid, sodium phytate, sodium hydroxide, parfum (fragrance).(243/032)",en:hong-kong,10 mL,https://world.openbeautyfacts.org/product/3522933034329,https://images.openbeautyfacts.org/images/products/352/293/303/4329/front_en.4.400.jpg,open_beauty_facts
3522930031840,Caudalie,Gel douche Rose de Vigne,"Aqua, Decyl Glucoside*, Sodium Cocoyl Glutamate*, Glycerin*, Sucrose Cocoate*, Parfum, Acrylates/C10-30 Alkyl Acrylate Crosspolymer, Propanediol*, Sodium Glutamate, Sodium Chloride, Caprylyl Glycol, Potassium Sorbate, Coconut Acid*, Citric Acid*, Aloe Barabdensis Leaf Juice*, Limonene, Linalool, Hydroxycitronellal, Citronellol. *Origine végétale",en:france,30 ml,https://world.openbeautyfacts.org/product/3522930031840,https://images.openbeautyfacts.org/images/products/352/293/003/1840/front_fr.11.400.jpg,open_beauty_facts
3522930001966,caudalie,Caudalie gel douche,"der, Standdelen van plar rsprong. Tegen het testen op dieren. 0% PARABENES, PHENOXYETHANOL, PHTALATES, HUILES MINERALES, SODIUM LAURETH SULFATE, INGREDIENTS D'ORIGINE ANIMALE EDIENTS: AQUA(WATERI, DECYL GLUCOSIDE&quot;, SODIUM COCOML AMATE&quot;, GLYCERIN&quot;, SUCROSE COCOATE&quot;, PARFUM (FRAGRANCE LATES/C10-30 ALKYL ACRYLATE CROSSPOLYMER PROPANEDIOL M GLUTAMATE SODIUM CHLORIDE CAPRYLYL GLYCOL SIUM SORBATE, COCONUT ACID, CITRIC ACD' BARBADENSIS LEAF JUICE, UMONENEALOOL ROXYCITRONELLAL, BUTYLPHENYL METHYLPROPIONAL NIOL 72002 ine végétale- Pflanzlichen Ursprungs 0rigine vegetale ardige oorsprong",en:belgium;en:france,200 ml,https://world.openbeautyfacts.org/product/3522930001966,https://images.openbeautyfacts.org/images/products/352/293/000/1966/front_fr.4.400.jpg,open_beauty_facts
3596204358506,Weleda,Weleda Baby Calendula Bodymilk,"Aqua, Sesamum Indicum (Sesame) Seed Oil, Prunus Amygdalus Dulcis (Sweet Almond) Oil, Alcohol, Glycerin, Glyceryl Stearate SE, Cetearyl Glucoside, Hydrogenated Coco-Glycerides, Calendula Officinalis Extract, Chamomilla Recutita (Matricaria) Flower Extract, Beeswax (Cera Alba), Theobroma Cacao (Cocoa) Seed Butter, Xanthan Gum, Glyceryl Caprylate, Parfum* (Fragrance), Limonene*, Linalool*, Geraniol*,

*d'Huiles essentielles naturelles.",en:netherlands,200ml,https://world.openbeautyfacts.org/product/3596204358506,https://images.openbeautyfacts.org/images/products/359/620/435/8506/front_nl.5.400.jpg,open_beauty_facts
7611916153600,Weleda,Activerende douchegel active fresh,"WATER (AQUA)

ALCOHOL

DISODIUM COCOYL GLUTAMATE

COCO-GLUCOSIDE

GLYCERIN

XANTHAN GUM

FRAGRANCE (PARFUM)

SODIUM COCOYL GLUTAMATE

LACTIC ACID

CITRIC ACID

TOCOPHEROL

LECITHIN

GLYCERYL OLEATE

HYDROGENATED PALM GLYCERIDES CITRATE

ASCORBYL PALMITATE

LIMONENE, LINALOOL, GERANIOL, CITRAL, COUMARIN.",en:france;en:india;en:netherlands,200 ml,https://world.openbeautyfacts.org/product/7611916153600,https://images.openbeautyfacts.org/images/products/761/191/615/3600/front_en.11.400.jpg,open_beauty_facts
7611916121975,weleda,Gel dentifrice pour les enfants calendula,"Glycerin, Water (Aqua), Silica Algin, Calendula Officinalis Flower Extract, Prunus Amygdalus Dulcis (Sweet Almond) Fruit Extract, Esculin Flavor (Aroma), Limonene",en:france,50 ml,https://world.openbeautyfacts.org/product/7611916121975,https://images.openbeautyfacts.org/images/products/761/191/612/1975/front_de.6.400.jpg,open_beauty_facts
4001638529389,Weleda,Weleda reichhaltige Pflege Korperlotion,"WELEDA
Reichhaltige
Pflege
Korperlotion
Replenishing Body Lotion
Seit 1921
48h Feuchtigkeit
Trockene Haut
SANDDORN
www.
NATRUE
Ganzheitliche
Naturkosmetik
MIT BIO.
STOFFEN
Bio
SIEHE INCI
UEBT
CERTIFIED
SOURCING
WITH RESPECT",en:germany,,https://world.openbeautyfacts.org/product/4001638529389,https://images.openbeautyfacts.org/images/products/400/163/852/9389/front_en.10.400.jpg,open_beauty_facts
4001638501989,Weleda,weleda skin food lip balm,"Helianthus Annuus (Sunflower)
Seed Oil, Lanolin, Beeswax e
(Cera Alba), Glycerin, Viola Tri-
color Extract, Rosmarinus
Officinalis (Rosemary) Leaf
7576
Extract, Chamomilla Recutita
N GE
(Matricaria) Flower Extract, ATO
5 S
Calendula Officinalis Flower
O Hu
Extract, Alcohol, Water (Aqua),
Fragrance (Parfum)*, Limo - vair
nene*, Linalool*, Geraniol*.
*from natural essential oils
organic ingredient",en:spain,,https://world.openbeautyfacts.org/product/4001638501989,https://images.openbeautyfacts.org/images/products/400/163/850/1989/front_en.3.400.jpg,open_beauty_facts
3596202568372,weleda,Arnica gel douche sport,"eau, glutamates de graisse de coco, alcool, esters de sucre, glycérine, huiles essentielles, xanthane, extrait de fleur d'arnica, acide lactique, acide citrique, vitamine E, lécithine, esters d'acides gras, esters d'acides gras hydrogénés, palmitate de vitamine C.",en:france,200 ml,https://world.openbeautyfacts.org/product/3596202568372,https://images.openbeautyfacts.org/images/products/359/620/256/8372/front_fr.4.400.jpg,open_beauty_facts
4001638088565,Weleda,Citrus — Erfrischende Feuchtigkeitslotion,"Ingredients (INCI) Water (Aqua), Sesamum Indi - cum (Sesame) Seed Oil, Alcohol, Cocos Nucifera (Coconut) Oil, Glycerin, Aloe Barbadensis Leaf Juice, Olea Europaea (Olive) Oil Unsaponifiables, Fragrance (Parfum)*, Butyrospermum Parkii (Shea) Butter, Glyceryl Stearate Citrate, Glyceryl Stea - rate SE, Magnesium Aluminum Silicate, Xanthan Gum, Carra - geenan, Limonene, Linalool&quot;, Citronellol, Geraniol&quot;, Citral* Coumarin. *from natural essential oils

Bestandteile (Volldeklaration) Wasser, Sesamöl, Alkohol, Ko - kosöl, Glyzerin, Aloe Vera Gel, unverseifbarer Anteil des Oli - venöls, Fettsäureglyzeride, Mischung natürlicher ätheri - scher Öle, Sheabutter, Tonerde. Xanthan, Carrageenan.",en:germany,200ml,https://world.openbeautyfacts.org/product/4001638088565,https://images.openbeautyfacts.org/images/products/400/163/808/8565/front_de.4.400.jpg,open_beauty_facts
4001638081870,Weleda,Coldcream Gesichtscreme,"Water (Aqua), Prunus Amygdalus Dulcis (Sweet Almond) Oil, Arachis Hy - pogaea (Peanut) Oil, Beeswax (Cera Alba), Alcohol, Glyceryl Oleate, Fragrance (Parfum)*, Sor - bitan Olivate, Zinc Sul - fate, Limonene*, Linalo - ol*, Citronellol*, Geraniol*, Citral*. *from natural essential oils
 Wasser, Mandelöl, Erdnussöl, Bienenwachs, Alkohol, Fettsäureglyze - rid, Mischung natürlicher ätherischer Öle, Fettsäu - reester, Zinksulfat.",en:germany,30ml,https://world.openbeautyfacts.org/product/4001638081870,https://images.openbeautyfacts.org/images/products/400/163/808/1870/front_de.7.400.jpg,open_beauty_facts
3596206462874,Weleda,Gel Gingival à La Sauge - 30 ML - Weleda,"Composition : eau, alcool, glycérine, xanthane, extraits de feuille de sauge, fleur de camomille, ratanhia et myrrhe ; extrait d'écorce de marron d'Inde* * fluorite* kiesérite* huiles essentiel- les. *substances en hautes dilutions Ingredients (INCI) : Water (Aqua), Alcohol, Glycerin, Xanthan Gum, Salvia Offici- nalis (Sage) Leaf Extract, Chamomilla Recutita (Matri- caria) Flower Extract, Krame- I ria Triandra Root Extract, Commiphora Myrrha Resin Extract, Aesculus Hippocas- I tanum (Horse Chestnut) Bark Calcium Fluori- Extract* * I de**, Magnesium Sulfate ** Flavor (Aroma)*, Limonene* Linalool*. *from natural essential Olls * highly diluted form Compatible avec les traitements homéopathiques.",en:france,,https://world.openbeautyfacts.org/product/3596206462874,,open_beauty_facts
3596209656003,Weleda,Weleda Bébé Huile de toilette au Calendula,"Sesamum Indicum (Sesame) Seed Oil, Calendula Officinalis Flower Extract,",en:france,200ml,https://world.openbeautyfacts.org/product/3596209656003,https://images.openbeautyfacts.org/images/products/359/620/965/6003/front_fr.3.400.jpg,open_beauty_facts
3264680004285,"Nuxe, Nuxe body",Gel douche fondant,"AQUA/WATER, SODIUM LAURYL SULFATE, GLYCERIN, CAPRYLYL/CAPRYL GLUCOSIDE, ACRYLATES/C10-30 ALKYL ACRYLATE CROSSPOLYMER, PARFUM/FRAGRANCE, PHENOXYETHANOL, GLUCONOLACTONE, SODIUM HYDROXIDE, SODIUM COCOAMPHOACETATE, LAURYL GLUCOSIDE, SODIUM BENZOATE, CITRIC ACID, TETRASODIUM EDTA, 1,2-HEXANEDIOL, CAPRYLYL GLYCOL, SODIUM COCOYL GLUTAMATE, SODIUM LAURYL GLUCOSE CARBOXYLATE, CALCIUM GLUCONATE, CITRUS AURANTIUM DULCIS (ORANGE) FLOWER EXTRACT, PRUNUS AMYGDALUS DULCIS (SWEET ALMOND) FLOWER EXTRACT, TROPOLONE [N2102/A].",en:france,200 ml,https://world.openbeautyfacts.org/product/3264680004285,https://images.openbeautyfacts.org/images/products/326/468/000/4285/front_fr.6.400.jpg,open_beauty_facts
3264680004964,Nuxe,Gel douche multi-usages Nuxe men,"Aqua/Water, Sodium Lauryl Sulfate, Coco-Glucoside, Glycerin, Parfum/Fragrance, Sodium Cocoamphoacetate, Phenoxyethanol, Gluconolactone, Acrylates/C10-30 Alkyl Acrylate Crosspolymer, Lauryl Glucoside, Sodium Cocoyl Glutamate, Sodium Hydroxide, Sodium Lauryl Glucose Carboxylate, Sodium Benzoate, Citric Acid, Hydroxypropyl Guar Hydroxypropyltrimonium Chloride, Tetrasodium EDTA, 1,2-Hexanediol, Caprylylglycol, Glyceryl Oleate, Alcohol, Calcium Gluconate, Tropolone, Carpinus Betulus Bud Extract, Quercus Robur Bark Extract, Hydrogenated Palm Glycerides Citrate, Tocopherol, Limonene [N1905/A]",en:france,200 ml,https://world.openbeautyfacts.org/product/3264680004964,https://images.openbeautyfacts.org/images/products/326/468/000/4964/front_fr.5.400.jpg,open_beauty_facts
3264680025891,NUXE,NUXE RÊVE DE MIEL GEL LAVANT,"AQUA/WATER, GLYCERIN, SODIUM COCOAMPHOACETATE, SODIUM LAUROYL SARCOSINATE, LAURYL GLUCOSIDE, PARFUM/FRAGRANCE, MEL/HONEY, SUNFLOWER SEED OIL PEG-8 ESTERS, SODIUM COCOYL GLUTAMATE, SODIUM LAURYL GLUCOSE CARBOXYLATE, ACRYLATES/C10-30 ALKYL ACRYLATE CROSSPOLYMER, PHENOXYETHANOL, GLUCONOLACTONE, SODIUM HYDROXIDE, COCO, sucre, GLYCERYL OLEATE, CITRIC ACID, ALLANTOIN, SODIUM BENZOATE, TETRASODIUM GLUTAMATE DIACETATE, 1,2-HEXANEDIOL, CAPRYLYL GLYCOL, CARAMEL, CALCIUM GLUCONATE, TROPOLONE, HYDROGENATED PALM GLYCERIDES CITRATE, TOCOPHEROL [N2002/A]. FR Ri MADE IN FRANCE Laboratoire NUXE + 127, rue d'Aguesseau 92100-Boulogne Paris-Frame NUXE UK-EC2M 1JH WWW.NUXE.COM จ A 12 M PET",en:france,750 ml,https://world.openbeautyfacts.org/product/3264680025891,https://images.openbeautyfacts.org/images/products/326/468/002/5891/front_fr.4.400.jpg,open_beauty_facts
3264680023576,Nuxe,gelée de douche parfumée,"ANO56001A 100950NA - Paris-France MADE IN FRANCE OTHER RIROIDE LIMONENE, LINALOOL N2218A RATE, SODIUM CHILORIDE. PRUNUS AMYGDALUS DULCIS (SWET ACRYLATES/C10-30 ALKYL ACRYLATE CROSSPOLYMER, GLYCERIL COCAMIDOPROPYL BETAINE, GLYCERIN, PARFUM/FRAGRANCE, NGREDIENTS : ADUA/WATER, CAPRYLYL/CAPRYL GLUCOSIDE, Ne peut etre vendu séparément, Not for individual sale imula facilmente biodegradável. Sem ingredientes de of Contiene Contiene un 96% ingredientes de origen natural, Bevat van natuurlijke oorsprong. GEL DE PERFUMAL GEL DOCCIA JMATO ALWOND OIL, GLUCONATE, SODUM LAURATE, PRUNUS DUL CIS (SWEET I di dolci Contém de de origem natural. I Com óleo de doces Limpa e TODO O PELE-CORPO సునన ne R in einer Pflegebasis natorlichen er Haut. Morgens/abends. Bel Augenkonts ALLE HAUTTYPEN-inP",en:france,100ml,https://world.openbeautyfacts.org/product/3264680023576,https://images.openbeautyfacts.org/images/products/326/468/002/3576/front_fr.7.400.jpg,open_beauty_facts
3337875895781,Vichy,Mineral 89 72h moisture boosting daily fluid,AQUA/WATER/ EAU ALCOHOL DENAT SILICA ISOPROPYL MYRISTATE DIISOPROPYL SEBACATE ETHYLHEXYL SALICYLATE ETHYLHEXYL TRIAZONE BIS-ETHYLHEXYLOXYPHENOL METHOXYPHENYL TRIAZINE BUTYL METHOXYDIBENZOYLMETHANE GLYCERIN PROPANEDIOL C12-22 ALKYL ACRYLATE/HYDROXYETHYLACRYLATE COPOLYMER NIACINAMIDE - DROMETRIZOLE TRISILOXANE PERLITE - TOCOPHEROL CAPRYLIC/CAPRIC TRIGLYCERIDE CITRIC ACID - HYDROXYACETOPHENONE MINERAL SALTS SODIUM HYALURONATE - TRIETHANOLAMINE TRISODIUM ETHYLENEDIAMINE DISUCCINATE - VITREOSCILLA FERMENT SQUALANE - ACRYLATES/C10-30 ALKYL ACRYLATE CROSSPOLYMER BUTYLENE GLYCOL - CAPRYLYL GLYCOL DISODIUM PHOSPHATE HYDROXYETHYLCELLULOSE - POLYSORBATE 60 SODIUM PHOSPHATE TEREPHTHALYLIDENE DICAMPHOR SULFONIC ACID. Code FLL: N70040137/2,en:united-kingdom,50ml,https://world.openbeautyfacts.org/product/3337875895781,https://images.openbeautyfacts.org/images/products/333/787/589/5781/front_en.3.400.jpg,open_beauty_facts
3337875674942,Vichy,Pureté Thermale Mineral Micellar Water for Sensitive Skin,"Aqua, Hexylene Glycol, Glycerin, Sodium Cocoamphoacetate, Sodium Chloride, Poloxamer 184, Disodium Edta, Panthenol, Myrtrimonium Bromide, Parfum.",en:united-states,,https://world.openbeautyfacts.org/product/3337875674942,https://images.openbeautyfacts.org/images/products/333/787/567/4942/front_en.3.400.jpg,open_beauty_facts
3337875474900,Vichy,Vichy Idéal soleil SPF30,"WATER, HOMOSALATE, OCTOCRYLENE, ETHYLHEXYL SALICYLATE, BUTYL METHOXYDIBENZOYLMETHANE, ALCOHOL DENAT, PROPANEDIOL, ETHYLHEXYL TRIAZONE, PROPYLENE GLYCOL, DIMETHICONE, BIS-ETHYLHEXYLOXYPHENOL METHOXYPHENYL TRIAZINE , GLYCERIN,  ASCORBYL PALMITATE, CARBOMER, DISODIUM EDTA, DROMETRIZOLE TRISILOXANE, GLYCERYL OLEATE, HYDROGENATED PALM GLYCERIDES CITRATE, LECITHIN, NYLON-12, PEG-8 LAURATE, PHENOXYETHANOL, STYRENE/ACRYLATES COPOLYMER, TOCOPHEROL TRIETHANOLAMINE, PARFUM/FRAGRANCE, ACRYLATES/DIMETHICONE COPOLYMER, p-ANISIC ACID",en:france,200 ml,https://world.openbeautyfacts.org/product/3337875474900,https://images.openbeautyfacts.org/images/products/333/787/547/4900/front_fr.7.400.jpg,open_beauty_facts
3337875489867,Vichy,Liftactiv Serum 10 Supreme,"AQUA, RHAMNOSE, CYCLOHEXASILOXANE, GLYCERIN, ALCOHOL DENAT., BUTYLENE GLYCOL, POLYMETHYLSILSESQUIOXANE, OCTYLDODECANOL, POLYSILICONE-11, DIMETHICONE, PENTAERYTHRITYL TETRAETHYLHEXANOATE, BHT, PEG-20 METHYL GLUCOSE SESQUISTEARATE, C13-14 ISOPARAFFIN, SODIUM HYALURONATE, SODIUM HYDROXIDE, ADENOSINE, POLOXAMER 338, DISODIUM EDTA, AMMONIUM POLYACRYLDIMETHYLTAURAMIDE, TOCOPHEROL, CAPRYLOYL SALICYLIC ACID, CAPRYLYL GLYCOL, HYDROLYZED HYALURONIC ACID, LAURETH-7, T-BUTYL ALCOHOL, POLYACRYLAMIDE, PARFUM. CODE FIL: C180572/1",en:brazil;en:united-states,50 ml,https://world.openbeautyfacts.org/product/3337875489867,https://images.openbeautyfacts.org/images/products/333/787/548/9867/front_en.4.400.jpg,open_beauty_facts
3337875508896,Vichy,Masque Peel Double Éclat,"AQUA, ALCOHOLDENAT. , GLYCERIN, DIMETHICONE, HYDROXYETHYLPIPERAZINE ETHANE SULFONIC ACID, CI 14700, CI 19140, CARBOMER, VACCINIUM MYRTILLUS FRUIT EXTRACT, SACCHARUM OFFICINARUM EXTRACT, PUMICE, SODIUM HYDROXIDE, PHENOXYETHANOL, MANNOSE, ASCORBYL GLUCOSIDE, DISODIUM EDTA, CAPRYLYL GLYCOL, CITRUS AURANTIUM DULCIS FRUIT WATER, CITRUS LIMON FRUIT EXTRACT, ACER SACCHARUM EXTRACT, XANTHAN GUM, PARFUM, CODE F.I.L. : C185392/1",en:france,75ml,https://world.openbeautyfacts.org/product/3337875508896,,open_beauty_facts
3337871324346,Vichy,Liftactiv Serum 10 Yeux et Cils,"Aqua/Water, Rhamnose, Glycerin, Alcohol Denat. , Dimethicone, Hydroxyethylpiperazine Ethane Sulfonic Acid, Peg-20 Methyl Glucose Sesquistearate, CI 77891 / Titanium Dioxide, Mica, Triethanolamine, Sodium Hyaluronate, Salicyloyl Phytosphingosine, Palmitoyl Oligopeptide, Palmitoyl Tetrapeptide-7, Phenoxyethanol, Adenosine, Ammonium Polyacryldimethyl Tauramide / Ammonium Polyacryloyldimethyl Taurate, Chlorphenesin, Disodium EDTA, Xanthan Gum, Octyldodecanol, Acrylates/C10-30 Alkyl Acrylate Crosspolymer, N-Hydroxysucinimide, Chrysin, CODE F.I.L: 654577/1",en:france,15ml,https://world.openbeautyfacts.org/product/3337871324346,,open_beauty_facts
3337875560931,Vichy,LIFTACTIV Vitamine C avec de l'acide hyaluronique,"AQUA / WATER, ASCORBIC ACID, ALCOHOL DENAT. , DIPROPYLENE GLYCOL, GLYCERIN, LAURETH-23, NEOHESPERIDIN DIHYDROCHALCONE, SODIUM HYDROXIDE, TOCOPHEROL, HYDROLYZED HYALURONIC ACID, PINUS PINASTER BARK/BUD EXTRACT, Code F.I.L. : B199063/1",en:france,10ml,https://world.openbeautyfacts.org/product/3337875560931,,open_beauty_facts
3337875489836,Vichy,LIFTACTIV SUPREME SERUM 10,"Aqua, Glycerin, Dimethicone, Peg/PPG/Polybutylene Glycol-8/5/3 Glycerin, Peg-60 Hydrogenated Castor Oil, Dimethiconol, Sodium Hyaluronate, Phenoxyehtanol, Chondrus Crispus (Carrageenan), Ammonium Polyacryldimethyltauramide, Poloxamer 338, Disodium EDTA, Caprylyl Glycol, Citric Acid, Biosaccharide Gum-1, Acrylates/C10-30 Alkyl Acrylate Crosspolymer, Parfum,",en:france,30ml,https://world.openbeautyfacts.org/product/3337875489836,,open_beauty_facts
5054596164825,RoC,RoC Derm Correxion Dual Eye Cream with Advanced Retinol,"Water, Glycerin, Dimethicone, Cyclopentasiloxane, Stearyl Alcohol, Cetearyl Alcohol, Cetearyl Glucoside, Glyceryl Stearate, PEG-100 Stearate, Phenoxyethanol, Ethylhexylglycerin, Sodium Hyaluronate, Retinyl Linoleate, Retinyl Palmitate, Retinol, Tocopheryl Acetate, Disodium EDTA, Sodium Hydroxide, Caprylyl Glycol, Acrylates/C10-30 Alkyl Acrylate Crosspolymer, Xanthan Gum, Sodium Benzoate, Potassium Sorbate, Tetrasodium EDTA, Tocopherol, Ascorbyl Palmitate, Citric Acid, Biotin, Palmitoyl Oligopeptide, Palmitoyl Tetrapeptide-7, Carnosine, Sodium Chondroitin Sulfate, Sodium Hyaluronate Crosspolymer, Acetyl Hexapeptide-8, Hexapeptide-4, Hexapeptide-11, Pentapeptide-18, Dipeptide Diaminobutyroyl Benzylamide Diacetate, Copper Lysinate/Prolinate, Zinc PCA, Polysorbate 20, Sorbitan Isostearate",en:brazil,14g,https://world.openbeautyfacts.org/product/5054596164825,,open_beauty_facts
0154132826011,RoC,RoC Multi Correxion 5 in 1 Anti-Aging Eye Cream,"Aqua, Glycerin, Dimethicone, Butyrospermum Parkii Butter, Cetearyl Alcohol, Stearyl Heptanoate, Stearyl Caprylate, Stearic Acid, Palmitic Acid, Glyceryl Stearate, PEG-100 Stearate, Phenoxyethanol, Dimethiconol, Sodium Hyaluronate, Tocopheryl Acetate, Retinyl Linoleate, Retinyl Palmitate, Retinol, Disodium EDTA, Ethylhexylglycerin, Caprylyl Glycol, Hydroxyethylcellulose, Xanthan Gum, Sodium Hydroxide, Tetrasodium EDTA, Tocopherol, Ascorbyl Palmitate, Citric Acid, Pentaerythrityl Tetra-di-t-butyl Hydroxyhydrocinnamate, Biotin, Palmitoyl Oligopeptide, Palmitoyl Tetrapeptide-7, Carnosine, Sodium Chondroitin Sulfate, Sodium Hyaluronate Crosspolymer, Acetyl Hexapeptide-8, Hexapeptide-4, Hexapeptide-11, Pentapeptide-18, Dipeptide Diaminobutyroyl Benzylamide Diacetate, Copper Lysinate/Prolinate, Zinc PCA, Polysorbate 20, Sorbitan Isostearate, Sodium Benzoate, Potassium Sorbate, BHT, CI 77891, CI 77491, CI 77492, CI 77499.",en:brazil,15 ml,https://world.openbeautyfacts.org/product/0154132826011,,open_beauty_facts
0887167222243,Estée Lauder,Advanced Night Micro Cleansing Balm,"Ethylhexyl Palmitate, Carthamus Tinctorius (Safflower) Seed Oil, Caprylic/Capric Triglyceride, Sorbeth-30 Tetraoleate, Polyethylene, PEG-5 Glyceryl Triisostearate, Water\Aqua\Eau, Silybum Marianum (Lady's Thistle) Extract, Polygonum Cuspidatum Root Extract, Algae Extract, Anthemis Nobilis (Chamomile), Lavandula Angustifolia (Lavender), Methyldihydrojasmonate, Tocopherol, BHT, Linalool, Phenoxyethanol.",en:united-states,,https://world.openbeautyfacts.org/product/0887167222243,https://images.openbeautyfacts.org/images/products/088/716/722/2243/front_en.3.400.jpg,open_beauty_facts
0887167223769,Estée Lauder,Advanced Night Micro Cleansing Foam,"Water\Aqua\Eau, Sodium Cocoyl Isethionate, Butylene Glycol, Lauramidopropyl Betaine, Glycol Distearate, Glycerin, Sucrose, Citrullus Vulgaris (Watermelon) Fruit Extract, Lens Esculenta (Lentil) Fruit Extract, Pyrus Malus (Apple) Fruit Extract, Acrylates/C10-30 Alkyl Acrylate Crosspolymer, Silybum Marianum (Lady's Thistle) Extract, Anthemis Nobilis (Chamomile) Flower Extract, Cocos Nucifera (Coconut) Oil, Carthamus Tinctorius (Safflower) Seed Oil, Lavandula Angustifolia (Lavender) Oil, Polygonum Cuspidatum Root Extract, Caffeine, Cholesterol, Ceteth-20, Sodium PCA, Algae Extract, Polyquaternium-10, Sodium Lactate, PEG-6 Caprylic/Capric Glycerides, Sodium Chloride, Lauric Acid, PEG-150 Pentaerythrityl Tetrastearate, Methyldihydrojasmonate, Tocopheryl Acetate, Ethylhexylglycerin, Sodium Hydroxide, Potassium Sorbate, Disodium EDTA, BHT, Phenoxyethanol, Linalool, Titanium Dioxide (CI 77891).",en:united-states,,https://world.openbeautyfacts.org/product/0887167223769,https://images.openbeautyfacts.org/images/products/088/716/722/3769/front_en.3.400.jpg,open_beauty_facts
0302994910151,Differin,Differin Gel Adapalene 0.1% Acne Treatment,"Adapaleno 0,1%, Álcool Isopropílico, Água, Carbômero, Poloxâmero 124, Edetato Dissódico, Dióxido de Titânio, Ácido Cítrico, Hidróxido de Sódio.",en:brazil,25g,https://world.openbeautyfacts.org/product/0302994910151,,open_beauty_facts
0302990220506,Differin,Daily Refreshing Cleanser,"Water, Glycerin, PEG-200 Hydrogenated Glyceryl Palmate, Butylene Glycol, Sodium Lauroyl Sarcosinate, Acrylates/Steareth-20 Methacrylate Copolymer, PEG-7 Glyceryl Cocoate, Sodium Laureth Sulfate, Phenoxyethanol, Methylparaben, Disodium EDTA, PEG-60 Hydrogenated Castor Oil, Panthenol, Masking Fragrance.",en:united-states,,https://world.openbeautyfacts.org/product/0302990220506,https://images.openbeautyfacts.org/images/products/030/299/022/0506/front_en.3.400.jpg,open_beauty_facts
3574660587524,Johnson’s,Baby oil,"Paraffinum Liquidum, Isopropyl Palmitate, Parfum",en:poland,200 ml,https://world.openbeautyfacts.org/product/3574660587524,https://images.openbeautyfacts.org/images/products/357/466/058/7524/front_en.11.400.jpg,open_beauty_facts
0381371196647,Johnson's,Baby Lotion,"Water*, Glycerin*, Isopropyl Palmitate*, Stearic Acid*, Cetyl Alcohol*, Cetearyl Alcohol*, Cocos Nucifera (Coconut) Oil*, Glyceryl Stearate*, Phenoxyethanol, Polysorbate 20, Magnesium Aluminum Silicate*, Fragrance, Carbomer, p-Anisic Acid, Xanthan Gum*, Sodium Hydroxide, Ethylhexylglycerin",en:united-states,,https://world.openbeautyfacts.org/product/0381371196647,https://images.openbeautyfacts.org/images/products/038/137/119/6647/front_en.6.400.jpg,open_beauty_facts
0381371024230,Johnson's,Shea & Cocoa Butter Oil,"Mineral Oil, Fragrance, Butyrospermum Parkii (Shea) Butter, Theobroma Cacao (Cocoa) Seed Butter",en:united-states,,https://world.openbeautyfacts.org/product/0381371024230,https://images.openbeautyfacts.org/images/products/038/137/102/4230/front_en.3.400.jpg,open_beauty_facts
0638489001852,Johnson's,cottontouch newborn wash & shampoo,"Water*, Cocamidopropyl Betaine*, PEG-80 Sorbitan Laurate*, Decyl Glucoside*, Cotton*, Acrylates/C10-30 Alkyl Acrylate Crosspolymer, Phenoxyethanol, Sodium Benzoate, Fragrance, Coco-Glucoside, Glyceryl Oleate*, Sodium Hydroxide, Ethylhexylglycerin, Tetrasodium Glutamate Diacetate*",en:united-states,,https://world.openbeautyfacts.org/product/0638489001852,https://images.openbeautyfacts.org/images/products/063/848/900/1852/front_en.3.400.jpg,open_beauty_facts
0381371196715,Johnson's,Baby Lotion,"Water*, Glycerin, Isopropyl Palmitate*, Stearic Acid*, Glyceryl Stearate, Cetyl Alcohol*, Cocos Nucifera (Coconut) Oil*, Dimethicone, Cetearyl Alcohol*, Phenoxyethanol, Polysorbate 20, Magnesium Aluminum Silicate*, Fragrance, Carbomer, p-Anisic Acid, Sodium Hydroxide, Xanthan Gum*, Ethylhexylglycerin, Titanium Dioxide*",en:united-states,,https://world.openbeautyfacts.org/product/0381371196715,https://images.openbeautyfacts.org/images/products/038/137/119/6715/front_en.3.400.jpg,open_beauty_facts
0381371174614,Johnson's,Bedtime Lotion,"Water, Glycerin, Isopropyl Palmitate, Stearic Acid, Cetyl Alcohol, Cetearyl Alcohol, Cocos Nucifera (Coconut) Oil, Glyceryl Stearate, Phenoxyethanol, Fragrance, Polysorbate 20, Magnesium Aluminum Silicate, Carbomer, p-Anisic Acid, Xanthan Gum, Sodium Hydroxide, Ethylhexylglycerin",en:france,,https://world.openbeautyfacts.org/product/0381371174614,https://images.openbeautyfacts.org/images/products/038/137/117/4614/front_en.3.400.jpg,open_beauty_facts
0381371196654,Johnson's,Head-to-toe Wash & Shampoo,"Water&quot;, Cocamidopropyl Betaine&quot;, PEG-80 Sorbitan Laurate, Glycerin&quot;, PEG-150 Pentaerythrityl Tetrastearate, PPG-2 Hydroxyethyl Cocamide, Phenoxyethanol, Sodium Methyl Cocoyl Taurate,, Sodium Benzoate, Decyl Glucoside&quot;, Citric Acid, Fragrance, Ethylhexylglycerin",en:united-states,,https://world.openbeautyfacts.org/product/0381371196654,https://images.openbeautyfacts.org/images/products/038/137/119/6654/front_en.9.400.jpg,open_beauty_facts
0281371174614,Johnson's,BedtIme Baby Lotion,"Water*, Glycerin*, Isopropyl Palmitate*, Stearic Acid*, Glyceryl Stearate*, Cetyl Alcohol*, Cocos Nucifera (Coconut) Oil*, Dimethicone, Cetearyl Alcohol*, Phenoxyethanol, Fragrance [Citronellyl Acetate, Dipropylene Glycol, Ethyl Linalool, Ethylene Brassylate, Florosa, Habanolide, Hedione, Hexyl Salicylate, Mefrosol, Tetrahydro Linalool], Polysorbate 20, Magnesium Aluminum Silicate*, Carbomer, p-Anisic Acid*, Sodium Hydroxide, Xanthan Gum*, Ethylhexylglycerin, Titanium Dioxide*",en:french-polynesia,440 ml,https://world.openbeautyfacts.org/product/0281371174614,,open_beauty_facts
3574661270524,Johnson's,baby extracare lotion,"Aqua, Glycerin, Paraffinum Liquidum, Stearyl Alcohol, Glyceryl Oleate, Carbomer, Caprylyl Glycol, Ceteareth-6, p-Anisic Acid, Sodium Citrate, Citric Acid, Sodium Hydroxide, Parfum",en:switzerland,500 ml,https://world.openbeautyfacts.org/product/3574661270524,https://images.openbeautyfacts.org/images/products/357/466/127/0524/front_en.4.400.jpg,open_beauty_facts
3574661218083,Johnson's,Baby Oil,"Paraffinum Liquidum, Isopropyl Palmitate, Parfum",en:united-kingdom,300 ml,https://world.openbeautyfacts.org/product/3574661218083,https://images.openbeautyfacts.org/images/products/357/466/121/8083/front_en.5.400.jpg,open_beauty_facts
0019100218246,Jergens,Jergens Oil-Infused Hydrating Coconut,"water, glycerin, cetearyl alcohol, cetyl esters, ceteareth-20, glyceryl dilaurate, cetyl alcohol, mineral oil, c12-15 alkyl benzoate, dimethicone, stearic acid, fragrance, methylparaben, phenoxyethanol, isopropyl myristate, ethylparaben, carbomer, sodium hydroxide, cocos nucifera (coconut) oil, arginine, propylene glycol, butylene glycol, cocos nucifera (coconut) water, withania somnifera root extract, cocos nucifera (coconut) fruit extract, sorbitol.",en:united-states,,https://world.openbeautyfacts.org/product/0019100218246,https://images.openbeautyfacts.org/images/products/001/910/021/8246/front_en.8.400.jpg,open_beauty_facts
0019100175563,Jergens,Daily Moisture,"WATER, GLYCERIN, CETEARYL ALCOHOL, STEARIC ACID, CETYL ESTERS, DIMETHICONE, GLYCERYL DILAURATE, MINERAL OIL, C12-15 ALL BENZOATE, CETEARETH-20, FRAGRANCE, ARGININE, CARBOMER, ISOPROPIL MYRISTATE, SODIUM HYDROXIDE, HYDROLYZED SILK, ANANAS SATIVUS (PINEAPPLE) FRUIT JUICE, CITRUS GRANDIS (GRAPEFRUIT) JUICE, CITRUS LIMON (LEMON) JUICE, METHYLPARABEN, PHENOXYETHANOL, ETHYLPARABEN",en:united-states,21 FL OZ (621 mL),https://world.openbeautyfacts.org/product/0019100175563,https://images.openbeautyfacts.org/images/products/001/910/017/5563/front_en.14.400.jpg,open_beauty_facts
0019100109940,Jergens,Jergens Original Scent Dry Skin Moisturizer,"water, glycerin, alcohol denat., cetearyl alcohol, stearic acid, glyceryl dilaurate, cetyl esters, dimethicone, lanolin oil, fragrance, arginine, sodium hydroxide, acrylates/c10-30 alkyl acrylate crosspolymer tocopheryl acetate, methylparaben, phenoxyethanol ethylparaben. questions or comments? jergens skincare experts are always at your fingertips: www.jergens.com or call 1-800-742-8798 10994-0-321 jergens is a trademark of kao corp.",en:united-states,,https://world.openbeautyfacts.org/product/0019100109940,https://images.openbeautyfacts.org/images/products/001/910/010/9940/front_en.8.400.jpg,open_beauty_facts
0019100110656,Jergens,Lotion,"petrolatum, stearic acid, c12-15 alkyl benzoate, aluminum starch octenylsuccinate, dimethicone, ceteareth-20, allantoin, methylparaben, phenoxyethanol arginine, sodium hydroxide, ethylparaben, carbomer, fragrance, panthenol, lecithin, pentylene glycol, alcohol, ascorbyl palmitate, tocopherol.",en:united-states,,https://world.openbeautyfacts.org/product/0019100110656,https://images.openbeautyfacts.org/images/products/001/910/011/0656/front_en.10.400.jpg,open_beauty_facts
7322540757781,Lotus,Lotus Papier toilette humide,"Aqua, Glycerin, Cocamidopropyl PG-Dimonium Chloride Phosphate, Sodium Benzoate, Citric Acid, Sodium Citrate",en:france,,https://world.openbeautyfacts.org/product/7322540757781,https://images.openbeautyfacts.org/images/products/732/254/075/7781/front_fr.6.400.jpg,open_beauty_facts
3133200054072,Lotus,Papier toilette ultra doux aqua tube,Ouate de cellulose - Pure pâte vierge,en:france,6,https://world.openbeautyfacts.org/product/3133200054072,https://images.openbeautyfacts.org/images/products/313/320/005/4072/front_fr.7.400.jpg,open_beauty_facts
7322540928525,Lotus,Papier toilette Moltonel,ouate de cellulose,en:france,6,https://world.openbeautyfacts.org/product/7322540928525,https://images.openbeautyfacts.org/images/products/732/254/092/8525/front_fr.8.400.jpg,open_beauty_facts
8904422708990,Patanjali,Kesh Kanti Hair Cleanser,"Each 100 ml contains - (Aloe barbadensis) LI. Juice 5000 mg 66 (Hibiscus rosa sinensis) A 10 mg ger (Ocimum sanctum) Lf. Ext 10 mg, and (Bacop monen) Wp. Ext 10 mg, ha (Sapindus trifoliatus) Ft. Ext. 10 mg, sides (Emblica analis) Fr. Ext. 10 mg ajar (Ecipta alba) Wp Ext 10 mg (Lawsona ermis) L. Ext. 10 mg, frastas (Acacia concinna) Fr. Ex 10 mg set (Curcuma longa) Rz Ext 10 mg, free (Tinospora cordifolia) St. Ext. 10 mg tar Azadimchta indica) Sd Ext 10 mg. Base Materials: Aga Sodium Lauryl Ether Sulphate, Cocamide MEA, Cocamidopropyl bela Acylate Copolymer, Glycerin, Sodium chloride, Betaine, Polyquaternium Paathenic acid, Tocopheryl acetate, Citric Acid Diazolidinyl urea & IPBC, Sodium benzoa C42090, C19140, Sugandhit Dravya Ucage Nourish, soothe and provide deep nourishment for hair & scalp skin and also protect from dandruff Directions for use: Apply desired quantity on wet hair and scalp, massage genty to work into a father and rinse off Net Volume Batch No. Mtg Date 5 ml } see side seal MRP USP: 1.00, 0.20/ml (nd of all taxes) EXPIRY DATE: 24 MONTHS FROM THE DATE OF MFG. For Consumer Care Contact: Manager - Marketing, Patanjali Foods Limited, Regd. Office: 616, Tulsiani Chambers, Nariman Point, Mumbai-400021, Maharashtra. Toll Free No. 18001804109 E-mail:  Visit Us At : www.patanjalifoods.com 066802 22706 Do not purchase the Marketed by: PATANJALI FOODS LIMITED pack if found tampered Laksar Road, Vi Padartha, Food Division Patanjali Food & Herbal Park Hardwarehand 24 For Mg unit address, read the first character (s) of the batch no & see belo Mfd. by: A) PATANJALI FOODS LIMITED Non-Food Division, Block B, Patanjali Food and Herbal Park Partha L Road Handwar 249404, Uttarakhand, Mig Lic. No Uta Ave 191/2000 8) PATANJALI AYURVED LTD. For sale in Indian subcontinent orly Industrial Growth Centre (IGC), Ghoramar, AIDC Balpara Tezpu Call Sonitpur 784105 (ASSAM). Mfg Lic No SNT/Avur Mly/A-20",en:india,5ml,https://world.openbeautyfacts.org/product/8904422708990,https://images.openbeautyfacts.org/images/products/890/442/270/8990/front_en.5.400.jpg,open_beauty_facts
8904109498923,patanjali,Patanjali saundarya alovera gel,"Aloe barbadensis, Vitamin E, Permitted colour & Sugandhit dravya",en:india,150gm,https://world.openbeautyfacts.org/product/8904109498923,https://images.openbeautyfacts.org/images/products/890/410/949/8923/front_en.4.400.jpg,open_beauty_facts
8904109400643,Patanjali,Saundarya aloe vera gel,"aloe barbadensis
permitted colour",en:india,150ml,https://world.openbeautyfacts.org/product/8904109400643,https://images.openbeautyfacts.org/images/products/890/410/940/0643/front_en.4.400.jpg,open_beauty_facts
0666151031081,Dermalogica,Dynamic Skin Recovery Broad Spectrum SPF 50,"Water, Ethylhexyl Methoxycinnamate, Butylene Glycol, Carthamus Tinctorius Oleosomes, C12-15 Alkyl Benzoate, Cyclopentasiloxane, Glycerin, Butyl Methoxydibenzoylmethane, Dimethicone, Dimethyl Capramide, Palmitoyl Tripeptide-5, Aniba Rosaeodora Wood Oil, Rose Flower Oil, Pelargonium Graveolens Flower Oil, Helianthus Annuus Seed Oil, Eugenia Caryophyllus Leaf/Flower Oil, Citrus Medica Limonum Peel Oil, Saccharomyces Cerevisiae Extract, Citrus Medica Limonum Peel Extract, Camellia Sinensis Leaf Extract, Algae Extract, Dipotassium Glycyrrhizate, Lecithin, Glucosamine HCL, Arginine/Lysine Polypeptide, Tocopheryl Acetate, Squalane, Sodium Hyaluronate, Polysilicone-11, Glycine Soja Protein, 1,2-Hexanediol, Caprylic/Capric Triglyceride, Cetearyl Alcohol, Stearic Acid, Ceteareth-20, Sodium Polyacrylate, Hydroxyethyl Acrylate/Sodium Acryloyldimethyl Taurate Copolymer, Sodium Acrylates Copolymer, Decyl Glucoside, Polysorbate 80, Urea, Galactoarabinan, Glyceryl Polyacrylate, Polysorbate 60, Aminomethyl Propanol, Disodium EDTA, Phenoxyethanol, Ethylhexylglycerin, Linalool, Eugenol, Limonene, Geraniol, Citronellol, CI 77891.",en:united-states,,https://world.openbeautyfacts.org/product/0666151031081,https://images.openbeautyfacts.org/images/products/066/615/103/1081/front_en.3.400.jpg,open_beauty_facts
0666151011205,Dermalogica,Precleanse Balm,"Caprylic/Capric Triglyceride, C12-15 Alkyl Benzoate, Laureth-4, Hydrogenated Vegetable Oil, Ozokerite, Bis-Stearyl Dimethicone, Glyceryl Behenate, Tribehenin, Stearyl Stearate, Stearic Acid, Phospholipids, Prunus Armeniaca (Apricot) Kernel Oil, Glycine Soja (Soybean) Oil, Lavandula Angustifolia (Lavender) Oil, Citrus Aurantium Dulcis (Orange) Oil, Citrus Grandis (Grapefruit) Peel Oil, Citrus Nobilis (Mandarin Orange) Peel Oil, Cymbopogon Schoenanthus Oil, Lavandula Hybrida Oil, Glycol Distearate, Sorbitol/Sebacic Acid Copolymer Behenate, Tocopherol, Glycolipids, Eucalyptus Staigeriana Branch/Leaf Oil, Glycine Soja (Soybean) Sterols, Linalool, Citral, Limonene, Phenoxyethanol.",en:united-states,,https://world.openbeautyfacts.org/product/0666151011205,https://images.openbeautyfacts.org/images/products/066/615/101/1205/front_en.7.400.jpg,open_beauty_facts
0666151010734,Dermalogica,Travel Size Skin Resurfacing Cleanser,"Water/Aqua/Eau, Sodium Laureth Sulfate, Lactic Acid, PPG-2 Hydroxyethyl Cocamide, Cocamidopropyl Betaine, Polyacrylate-1 Crosspolymer, Glycol Distearate, Caprylic/Capric Triglyceride, Tocopheryl Acetate, Sodium Hydroxide, Disodium EDTA, Phenoxyethanol, Caprylyl Glycol, Ethylhexyl Glycerin, Hexylene Glycol, Titanium Dioxide (CI 77891), Citronellol, Eugenol, Geraniol, Limonene, Linalool, Citrus Medica Limonum (Lemon) Peel Extract, Helianthus Annuus (Sunflower) Seed Oil, Rose Damascena Flower Oil, Eugenia Caryophyllus (Clove) Flower Oil, Aniba Rosaeodora (Rosewood) Wood Oil, Citrus Medica Limonum (Lemon) Peel Oil, Pelargonium Graveolens Oil.",en:united-states,,https://world.openbeautyfacts.org/product/0666151010734,https://images.openbeautyfacts.org/images/products/066/615/101/0734/front_en.3.400.jpg,open_beauty_facts
0666151010093,Dermalogica,Travel Size Special Cleansing Gel,"Water/Aqua/Eau, Disodium Laureth Sulfosuccinate, Sodium Lauroyl Sarcosinate, Quillaja Saponaria Bark Extract Lavandula Angustifolia (Lavender) Oil, Melissa Officinalis Leaf Extract, Citrus Limon (Lemon) Peel Oil, Citrus Aurantium Bergamia (Bergamot) Fruit Oil, Cymbopogon Winterianus Herb Oil, Glycerin, Cocamidopropyl Betaine, Coco-Betaine, Hydroxyethylcellulose, Sodium Cocoyl Isethionate, Capryloyl Glycine, Sodium Lauryl Sulfoacetate, Methylpropanediol, Ethylhexylglycerin, Caprylhydroxamic Acid, PPG-5-Ceteth-20, Sodium Hydroxide, Disodium ED",en:united-states,,https://world.openbeautyfacts.org/product/0666151010093,https://images.openbeautyfacts.org/images/products/066/615/101/0093/front_en.3.400.jpg,open_beauty_facts
0758259323141,Dermalogica,Clearing Skin Wash,"Salicylic Acid (0.5%), Water (Aqua), Sodium C14-16 Olefin Sulfonate, Cocamidopropyl Betaine, PEG-3 Glyceryl Cocoate, Sodium Lauroyl Oat Amino Acids, Melissa Officinalis Leaf Extract, Quillaja Saponaria Bark Extract, Echinacea Purpurea Extract, Arnica Montana Flower Extract, Citrus Aurantium Bergamia (Bergamot) Fruit Extract, Arctium Majus Root Extract, Calendula Officinalis Flower Extract, Chamomilla Recutita (Matricaria) Flower Extract, Eucalyptus Globulus Leaf Extract, Taraxasum Officinale (Dandelion) Rhyizome/Root Extract, Hydrastis Canadensis (Golden Seal) Extract, Glycyrrhiza Glabra (Licorice) Root Extract, Citrus Medica Limonum (Lemon) Peel Extract, Silybum Marianum Fruit Extract, Melaleuca Alternifolia (Tea Tree) Leaf Oil, Sodium PCA, Lactic Acid, Camphor, Menthol, Butylene Glycol, PEG-150 Pentaerythrityl Tetrastearate, PEG-6 Caprylic/Capric Glycerides, Tetrasodium EDTA, Phenoxyethanol, Caprylyl Glycol, Chlorphenesin, Diammonium Copper EDTA.",en:united-states,,https://world.openbeautyfacts.org/product/0758259323141,https://images.openbeautyfacts.org/images/products/075/825/932/3141/front_en.3.400.jpg,open_beauty_facts
0885204332900,Dermalogica,Special Cleansing Gel,"Water/Aqua/Eau, Disodium Laureth Sulfosuccinate, Sodium Lauroyl Sarcosinate, Quillaja Saponaria Bark Extract Lavandula Angustifolia (Lavender) Oil, Melissa Officinalis Leaf Extract, Citrus Limon (Lemon) Peel Oil, Citrus Aurantium Bergamia (Bergamot) Fruit Oil, Cymbopogon Winterianus Herb Oil, Glycerin, Cocamidopropyl Betaine, Coco-Betaine, Hydroxyethylcellulose, Sodium Cocoyl Isethionate, Capryloyl Glycine, Sodium Lauryl Sulfoacetate, Methylpropanediol, Ethylhexylglycerin, Caprylhydroxamic Acid, PPG-5-Ceteth-20, Sodium Hydroxide, Disodium EDTA.",en:united-states,,https://world.openbeautyfacts.org/product/0885204332900,https://images.openbeautyfacts.org/images/products/088/520/433/2900/front_en.3.400.jpg,open_beauty_facts
0717334255012,Origins,Ginzing Refreshing eye cream,"Water\Aqua\Eau, Butylene Glycol, Peg-100 Stearate, Dimethicone, Silica, Cetyl Ricinoleate, Olea Europaea (Olive) Fruit Oil, Glycerin, Panax Ginseng (Ginseng) Root Extract, Coffea Arabica (Coffee) Seed Oil, Caffeine, Citrus Aurantium Dulcis (Orange) Peel Extract, Aminopropyl Ascorbyl Phosphate, Caprylic/Capric Triglyceride, Hypnea Musciformis (Algae) Extract, Gelidiella Acerosa Extract, Sigesbeckia Orientalis (St. Paul's Wort) Extract, Ascophyllum Nodosum Extract, Chrysanthellum Indicum Extract, Asparagopsis Armata Extract, Cucumis Sativus (Cucumber) Fruit Extract, Pyrus Malus (Apple) Fruit Extract, Scutellaria Baicalensis Root Extract, Molasses Extract\Saccharum Officinarum \Extrait De Melasse, Butyrospermum Parkii (Shea) Butter, Simmondsia Chinensis (Jojoba) Seed Oil, Sodium Hyaluronate, Niacinamide, Linoleic Acid, Phytosphingosine, Tocopheryl Acetate, Methyl Trimethicone, Trehalose, Tribehenin, Inulin, Sorbitol, Ethylhexylglycerin, Caprylyl Glycol, Tocopherol, Myristyl Alcohol, Hydrogenated Lecithin, Jojoba Wax Peg-120 Esters, Carbomer, Behenyl Alcohol, Sodium Hydroxide, Bht, Hydroxyacetophenone, Sodium Metabisulfite, Sodium Sulfite, Disodium Edta, Phenoxyethanol, Chlorphenesin, Sorbic Acid, Potassium Sorbate, [+/- Mica, Titanium Dioxide (Ci 77891), Iron Oxides (Ci 77491), Iron Oxides (Ci 77492), Bismuth Oxychloride (Ci 77163)]",en:hong-kong,5 mL,https://world.openbeautyfacts.org/product/0717334255012,https://images.openbeautyfacts.org/images/products/071/733/425/5012/front_en.11.400.jpg,open_beauty_facts
2000000152357,Origins,GinZing Glow-Boosting Gel Moisturizer,"Water\aqua\eau, butylene glycol, dicaprylyl carbonate, glycerin, panax ginseng (ginseng) root extract, citrus grandis (grapefruit) peel oil*, citrus limon (lemon) peel oil*, citrus aurantium dulcis (orange) peel oil*, mentha viridis, (spearmint) leaf oil*, citral, limonene, linalool, squalane, butyrospermum parkii (shea) buer, cucumis sativus (cucumber) fruit extract, simmondsia chinensis (jojoba) butter, sodium hyaluronate, helianthus annuus (sunflower) seed extract, sodium pca, caffeine, tocopheryl acetate, linoleic acid, hordeum vulgare (barley) extract\extrait d’orge, caprylyl glycol, trehalose, carbomer, ammonium acryloyldimethyltaurate/vp copolymer, sodium hydroxide, hydroxyacetophenone, phenoxyethanol, mica, titanium dioxide (ci 77891), iron oxides (ci 77491), iron oxides (ci 77492)",en:canada,1.7 fl. oz,https://world.openbeautyfacts.org/product/2000000152357,https://images.openbeautyfacts.org/images/products/200/000/015/2357/front_en.3.400.jpg,open_beauty_facts
0717334221499,Origins,Modern Friction Cleansing Oil with Radiance-Boosting White &amp; Purple Rice,"Glycereth-26, Glycine Soja (Soybean) Oil, PEG-25 Glyceryl Trioleate, Polysorbate 85, PEG-12 Diisostearate, Citrus Limon (Lemon) Peel Oil*, Citrus Aurantium Dulcis (Orange) Peel Oil*, Citrus Grandis (Grapefruit) Peel Oil*, Mentha Viridis (Spearmint) Leaf Oil*, Citrus Aurantium Bergamia (Bergamot) Fruit Oil*, Ricinus Communis (Castor) Seed Oil, Cucumis Sativus (Cucumber) Fruit Extract, Cinnamomum Camphora (Camphor) Leaf Extract, Limonene, Linalool, Citral, Sorbitan Trioleate, Oryza Sativa (Rice) Bran Oil, Oryza Sativa (Rice) Extract, Butylene Glycol, Tocopheryl Acetate, Benzophenone-4, Tocopherol, Dextrin, Water\Aqua\Eau, Yellow 5 (Ci 19140), Red 33 (Ci 17200), Ext. Violet 2 (Ci 60730) .",en:united-states,,https://world.openbeautyfacts.org/product/0717334221499,https://images.openbeautyfacts.org/images/products/071/733/422/1499/front_en.3.400.jpg,open_beauty_facts
0885302032887,Origins,Dr. Andrew WEIL for Origins Mega-Mushroom Skin Relief Micellar Cleanser,"Water\Aqua\Eau , Butylene Glycol , Glycerin , Citrus Aurantium Dulcis (Orange) Oil*, Lavandula Angustifolia (Lavender) Oil*, Pogostemon Cablin Oil*, Citrus Nobilis (Mandarin Orange) Peel Oil*, Pelargonium Graveolens Flower Oil*, Boswellia Carterii (Olibanum) Oil**, Limonene , Vaccinium Macrocarpon (Cranberry) Fruit Extract , Vaccinium Angustifolium (Blueberry) Fruit Extract , Lycium Chinense (Wolfberry) Fruit Extract , Fuscoporia Obliqua Extract , Curcuma Longa (Turmeric) Root Extract , Silybum Marianum Fruit Extract , Ocimum Sanctum Leaf Extract , Cordyceps Sinensis Extract , Ganoderma Lucidum (Mushroom) Extract , Trehalose , Zingiber Officinale (Ginger) Root Extract , Helianthus Annuus (Sunflower) Seed Oil , Hypnea Musciformis (Algae) Extract , Cucumis Sativus (Cucumber) Fruit Extract , Polysorbate 20 , Gellidiela Acerosa (Algae) Extract , Sodium Methyl Cocoyl Taurate , Sodium Hyaluronate , Yeast Extract\Faex\Extrait De Levure , Cetrimonium Chloride , Citric Acid , Cellulose , Sodium Citrate , Sodium Phytate , Phenoxyethanol *Organic Essential Oils: Organic Orange Oil, Organic Mandarin Oil, Organic Patchouli Oil, Organic Geranium Oil, Organic Lavender Oil** Essential Oil.",en:united-states,,https://world.openbeautyfacts.org/product/0885302032887,https://images.openbeautyfacts.org/images/products/088/530/203/2887/front_en.3.400.jpg,open_beauty_facts
0701853046145,Origins,Travel Size Checks and Balances Frothy Face Wash,"Water\Aqua\Eau, Lavandula Angustifolia (Lavender) Flower Water, Myristic Acid, Glycerin, Behenic Acid, Sodium Methyl Cocoyl Taurate, Palmitic Acid, Potassium Hydroxide, Lauric Acid, Stearic Acid, Anthemis Nobilis Flower Oil *, Mentha Viridis (Spearmint) Leaf Oil*, Pelargonium Graveolens Flower Oil*, Lavandula Hybrida Oil*, Citrus Aurantium Bergamia (Bergamot) Fruit Oil*, Styrax Benzoin Gum, Linalool, Peg-3 Distearate, Tourmaline, Laminaria Saccharina Extract, Hydrolyzed Wheat Protein, Cetearyl Alcohol, Polyquaternium-7, Butylene Glycol, Disodium Edta, Methylchloroisothiazolinone, Methylisothiazolinone.",en:united-states,,https://world.openbeautyfacts.org/product/0701853046145,https://images.openbeautyfacts.org/images/products/070/185/304/6145/front_en.3.400.jpg,open_beauty_facts
0717334136052,Origins,A Perfect World Antioxidant Cleanser with White Tea,"Water\Aqua\Eau, Rosa Damascena (Rose) Flower Water, Sodium Laureth Sulfate, Glycerin, Disodium Cocoamphodiacetate, Glycol Distearate, Acrylates Copolymer, Cocamide Mea, Citrus Aurantium Bergamia (Bergamot) Fruit Oil*, Citrus Medica Limonum (Lemon) Peel Oil*, Citrus Aurantium Dulcis (Sweet Orange) Oil*, Cinnamomum Camphora (Shiu) Bark Oil*, Mentha Viridis (Spearmint) Leaf Oil*, Vetiveria Zizanoides (Vetiver) Root Oil*, Plumeria Alba (Frangipani) Flower Extract, Magnolia Acuminata Flower Extract, Iris Pallida (Orris) Root Extract, Rosa Damascena (Rose) Extract, Linalool, Limonene, Camellia Sinensis (White Tea) Leaf Extract, Aloe Barbadensis Leaf Juice, Polysorbate 20, Laureth-2, Dipotassium Glycyrrhizate, Sodium Lauroyl Oat Amino Acids, Sodium Sulfate, Hydroxypropyl Methylcellulose, Sodium Chloride, Pentaerythrityl Tetra-Di-T-Butyl Hydroxyhydrocinnamate, Edta, Disodium Edta, Trisodium Hedta, Sodium Citrate, Methylchloroisothiazolinone, Methylisothiazolinone, Sodium Benzoate, Sorbic Acid, Potassium Sorbate, Phenoxyethanol, Chlorphenesin.",en:united-states,,https://world.openbeautyfacts.org/product/0717334136052,https://images.openbeautyfacts.org/images/products/071/733/413/6052/front_en.3.400.jpg,open_beauty_facts
0809280158278,fresh,Umbrian Clay Purifying Mask,"Solum Fullonum (Fuller's Earth), Water, Glycerin, Butylene Glycol, Pentylene Glycol, Cocamidopropyl Betaine, Vitis Vinifera (Grape) Seed Oil, Xanthan Gum, Sodium Acrylate/Sodium Acryloyldimethyl Taurate Copolymer, Parfum (Fragrance), C15-19 Alkane, Polyglyceryl-6 Laurate, Polyglycerin-6, Sorbitan Oleate, Sorbitan Isostearate, Citric Acid, Chlorphenesin, Linalool, Farnesol",en:hong-kong,4 mL,https://world.openbeautyfacts.org/product/0809280158278,https://images.openbeautyfacts.org/images/products/080/928/015/8278/front_en.9.400.jpg,open_beauty_facts
0809280138300,fresh,Travel Size Sugar Strawberry Exfoliating Face Wash,"Glycerin, Sucrose, Butylene Glycol, Fragaria Vesca (Strawberry) Fruit Extract, PEG-6 Caprylic/Capric Glycerides, Ribes Nigrum (Black Currant) Fruit Extract, Zea Mays (Corn) Starch, Vitis Vinifera (Grape) Seed Oil, Fragaria Ananassa (Strawberry) Fruit Juice, Sapindus Mukorossi Peel Extract, Tocopherol, Parfum (Fragrance), Aqua (Water), Carbomer, Sodium Hydroxide, BHT, Potassium Sorbate, Phenoxyethanol, Limonene, Citral, Benzyl Alcohol, Linalool.",en:united-states,,https://world.openbeautyfacts.org/product/0809280138300,https://images.openbeautyfacts.org/images/products/080/928/013/8300/front_en.3.400.jpg,open_beauty_facts
0809280149078,fresh,Travel Size Soy Face Cleanser,"Aqua (Water), Coco-Glucoside, Glycerin, Butylene Glycol, PEG-7 Glyceryl Cocoate, Xanthan Gum, Glycine Soja (Soybean) Oil, Helianthus Annuus (Sunflower) Seed Oil, Borago Officinalis Seed Oil, Aloe Barbadensis Leaf Juice, Cucumis Sativus (Cucumber) Fruit Extract, Rosa Damascena Extract, Rosa Damascena Flower Water, Centaurea Cyanus Flower Extract, Glycine Soja (Soybean) Sterols, Panax Ginseng Root Extract, Rosa Damascena Flower Oil, Malva Sylvestris (Mallow) Flower Extract, Tocopherol, Ascorbyl Palmitate, PEG-120 Methyl Glucose Dioleate, PEG-40 Hydrogenated Castor Oil, Caprylyl Glycol, Polysorbate 20, Caprylic/Capric Triglyceride, Silica, Benzoic Acid, Disodium EDTA, Citric Acid, Behenyl Alcohol, Glyceryl Stearate, Lecithin, Pentylene Glycol, Hydrolyzed Soy Protein, Caramel, Sodium Benzoate, Potassium Sorbate, Phenoxyethanol.",en:united-states,,https://world.openbeautyfacts.org/product/0809280149078,https://images.openbeautyfacts.org/images/products/080/928/014/9078/front_en.3.400.jpg,open_beauty_facts
0856556004111,Drunk Elephant,C-Firma™ Vitamin C Day Serum,"Water/Aqua/Eau, Dimethyl Isosorbide, Ascorbic Acid, Laureth-23, Glycerin, Lactobacillus/Pumpkin Ferment Extract, Sclerocarya Birrea Seed Oil, Dipotassium Glycyrrhizate, Glycyrrhiza Glabra (Licorice) Root Extract, Vitis Vinifera (Grape) Juice Extract, Phyllanthus Emblica Fruit Extract, Camellia Sinensis Leaf Extract, Tocopherol, Lactobacillus/Punica Granatum Fruit Ferment Extract, Sodium Hyaluronate Crosspolymer, Hydrolyzed Quinoa, Phytosterols, Glutamylamidoethyl Imidazole, Hydrolyzed Wheat Protein, Ferulic Acid, Acetyl Glucosamine, Sodium Hyaluronate, Tetrahydrobisdemethoxydiferuloylmethane, Tetrahydrodemethoxydiferuloylmethane, Tetrahydrodiferuloylmethane, Glycine, Leuconostoc/Radish Root Ferment Filtrate, Sucrose, Maltodextrin, Chondrus Crispus Extract, Hydroxyethyl Acrylate/Sodium Acryloyldimethyl Taurate Copolymer, Isohexadecane, Phenoxyethanol, Caprylhydroxamic Acid, Caprylyl Glycol, Sorbitan Isostearate, Propanediol, Pentylene Glycol, Xanthan Gum, Butylene Glycol, Sodium Hydroxide, Chlorphenesin, Polysorbate 60, Sodium Dehydroacetate, Potassium Sorbate, Sorbic Acid, Ethylhexylglycerin",en:united-states,,https://world.openbeautyfacts.org/product/0856556004111,https://images.openbeautyfacts.org/images/products/085/655/600/4111/front_en.3.400.jpg,open_beauty_facts
0851939002791,First Aid Beauty,Ultra Repair Cream,Active Ingredient: Colloidal Oatmeal 0.50%.,en:united-states,,https://world.openbeautyfacts.org/product/0851939002791,https://images.openbeautyfacts.org/images/products/085/193/900/2791/front_en.3.400.jpg,open_beauty_facts
0815517026746,First Aid Beauty,Pure Skin Deep Cleanser with Red Clay,"Aqua / Water / Eau, Sodium Lauroyl Sarcosinate, Cocamidopropyl Betaine, Glycerin, Acrylates/Steareth-20 Methacrylate Copolymer, Peg-120 Methyl Glucose Dioleate, Dipropylene Glycol, Camellia Sinensis Leaf Extract, Chrysanthemum Parthenium (Feverfew) Extract, Glycyrrhiza Glabra (Licorice) Root Extract, Bisabolol, Rosmarinus Officinalis (Rosemary) Leaf Extract, Allantoin, Acrylates/C10-30 Alkyl Acrylate Crosspolymer, Panthenol, Llite, Caprylyl Glycol, Potassium Hydroxide, Disodium Edta, Mica, Tetrasodium Edta, Phenoxyethanol, Ci 77491 (Iron Oxide).",en:united-states,,https://world.openbeautyfacts.org/product/0815517026746,https://images.openbeautyfacts.org/images/products/081/551/702/6746/front_en.3.400.jpg,open_beauty_facts
0079656049718,Banana Boat,Sport Performance Advanced UVA/UVB Sunscreen,"Avobenzone, Homosapate, Octisalate, Octocylene, Oxybenzone, Water, Stearyl Alcohol, Glycerin, Caprylyl Glycol, Hydrogenated Dimer Dilinoleyl/Dimethylcarbonate Copolymer, Cetyl Alcohol, Triethanolamine, Behenyl Alcohol, Glyceryl Stearate, Glyceryl Stearate Citrate, Disodium Ethylene Dicocamide PEG-15 Disulfate, Sodium Lauroyl Sarcosinate, Carbomer, Xanthan Gum, Aloe Barbadensis Leaf Juice, Retinyl Palmitate (Vitamin A), Tocopherol, Tocopheryl Acetate (Vitamin E), Cetearyl Alcohol, Sodium Lauroyl Lactylate, Lecithin, BHT, Methyldibromo Methyldibromo Glutaronitrile, Methylchloroisothiazolinone, Methylisothiazolinone, Phenoxyethanol, Dipropylene Glycol, Disodium EDTA",en:united-states,236ml,https://world.openbeautyfacts.org/product/0079656049718,https://images.openbeautyfacts.org/images/products/007/965/604/9718/front_en.4.400.jpg,open_beauty_facts
0079656044966,Banana Boat,UltraSport Faces Sunscreen Lotion UVA/UVB Broad Spectrum SPF 30,"Avobenzone 2.7%, Homosalate 6.0%, Octisalate 4.5%, Octocrylene 4.5%,

Water, Glyceryl Stearate, PEG-100 Stearate, Cetyl Alcohol, Cetyl Dimethicone, Propylene Glycol, Phenoxyethanol, Caprylyl Glycol, VP/Eicosene Copolymer, Acrylates/C12-22 Alkyl Methacrylate Copolymer, Behenyl Alcohol, Sodium Polyacrylate, Chlorphenesin, Xanthan Gum, Disodium EDTA, Fragrance, Tocopheryl Acetate, Aloe Barbadensis Leaf Juice.",en:united-states,3 fl oz (88 ml),https://world.openbeautyfacts.org/product/0079656044966,https://images.openbeautyfacts.org/images/products/007/965/604/4966/front_en.4.400.jpg,open_beauty_facts
5099821002213,Hawaiian Tropic,Cool aloe gel after sun,"Aqua, Glycerin, Polysorbate 20, Carbomer, Phenoxyethanol, Caprylyl Glycol, Allantoin, Sodium Hydroxide, Panthenol, Parfum, Sorbic Acid, Chamomilla Recutita Flower Extract, Aloe Barbadensis Leaf Juice, Aleurites Moluccanus Seed Extract, Carica Papaya Fruit Extract, Colocasia Antiquorum Root Extract, Mangifera Indica Fruit Extract, Passiflora Incarnata Fruit Extract, Plumeria Acutifolia Flower Extract, Psidium Guajava Fruit Extract, Simmondsia Chinensis Seed Oil, Tocopheryl Acetate, Hexyl Cinnamal, Linalool, Benzyl Salicylate, CI 19140, CI 42090.",en:sweden,200 mL,https://world.openbeautyfacts.org/product/5099821002213,https://images.openbeautyfacts.org/images/products/509/982/100/2213/front_sv.4.400.jpg,open_beauty_facts
5099821048976,Hawaiian Tropic,Luminosity protective sun lotion SPF 15,"Aqua, Glycerin, Octocrylene, Ethylhexyl Salicylate, C12-15 Alkyl Benzoate, Alcohol Denat., Butyl Methoxydibenzoylmethane, Dibutyl Adipate, VP/Eicosene Copolymer, Cetearyl Alcohol, Phenoxyethanol, Parfum, Bis-Ethylhexyloxyphenol Methoxyphenyl Triazine, Glyceryl Stearate, Phenylbenzimidazole Sulfonic Acid, Tocopheryl Acetate, Sodium Stearoyl Glutamate, Xanthan Gum, Sodium Hydroxide, Acrylates/C10-30 Alkyl Acrylate Crosspolymer, Butyrospermum Parkii Butter, Sodium Ascorbyl Phosphate, Disodium EDTA, Hexyl Cinnamal, Linalool, Methyl Salicylate, Carica Papaya Fruit Extract, Mangifera Indica Fruit Extract, Passiflora Incarnata Fruit Extract, Plumeria Acutifolia Flower Extract, Psidium Guajava Fruit Extract.",en:sweden,180 mL,https://world.openbeautyfacts.org/product/5099821048976,https://images.openbeautyfacts.org/images/products/509/982/104/8976/front_sv.4.400.jpg,open_beauty_facts
5099821049799,Hawaiian Tropic,Luminosity protective sun lotion SPF 50,"Aqua, Octocrylene, Glycerin, Ethylhexyl Salicylate, Alcohol Denat, Butyl Methoxydibenzoylmethane, C12-15 Alkyl Benzoate, Tapioca Starch, Polyurethane-34, Bis-Ethylhexyloxyphenol Methoxyphenyl Triazine, Dibutyl Adipate, VP/Eicosene Copolymer, Ethylhexyl Triazone, Cetearyl Alcohol, Phenoxyethanol, Glyceryl Stearate, Xanthan Gum, Sodium Stearoyl Glutamate, Tocopheryl Acetate, Parfum, Panthenol, Acrylates/C10-30 Alkyl Acrylate Crosspolymer, Butyrospermum Parkii Butter, Sodium Ascorbyl Phosphate, Disodium EDTA, Sodium Hydroxide, Hexyl Cinnamal, Linalool, Psidium Guajava Fruit Extract, Plumeria Acutifolia Flower Extract, Passiflora Incarnata Fruit Extract, Mangifera Indica Fruit Extract, Carica Papaya Fruit Extract.",en:sweden,180 ml,https://world.openbeautyfacts.org/product/5099821049799,https://images.openbeautyfacts.org/images/products/509/982/104/9799/front_sv.4.400.jpg,open_beauty_facts
5099821048990,Hawaiian Tropic,Luminosity protective sun lotion SPF 30,"Aqua, Octocrylene, Glycerin, Ethylhexyl Salicylate, Butyl Methoxydibenzoylmethane, C12-15 Alkyl Benzoate, Alcohol Denat, Dibutyl Adipate, VP/Eicosene Copolymer, Phenylbenzimidazole Sulfonic Acid, Cetearyl Alcohol, Phenoxyethanol, Glyceryl Stearate, Parfum, Bis-Ethylhexyloxyphenol Methoxyphenyl Triazine, Tocopheryl Acetate, Sodium Stearoyl Glutamate, Sodium Hydroxide, Xanthan Gum, Acrylates/C10-30 Alkyl Acrylate Crosspolymer, Butyrospermum Parkii Butter, Sodium Ascorbyl Phosphate, Disodium EDTA, Methyl Salicylate, Hexyl Cinnamal, Linalool, Carica Papaya Fruit Extract, Mangifera Indica Fruit Extract, Passiflora Incarnata Fruit Extract, Plumeria Acutifolia Flower Extract, Psidium Guajava Fruit Extract.",en:sweden,180 ml,https://world.openbeautyfacts.org/product/5099821048990,https://images.openbeautyfacts.org/images/products/509/982/104/8990/front_sv.4.400.jpg,open_beauty_facts
0075486085018,"Edgewell, Hawaiian Tropic",Sheer Touch Oil-free Sunscreen Lotion SPF 15,"Octisalate 4.5%, homosalate 3%, octocrylene 4%, avobenzone 1.5%, aqua, cetearyl alcohol, phenoxyethanol, VP/eicosene copolymer, mica, diisopropyl adipate, C12-15 alkyl benzoate, glycerin, parfum, neopentyl glycol diheptanoate, acrylates/C10-30 alkyl acrylate crosspolymer, methylparaben, coco-glucoside, dimethicone, polymethylsilsesquioxane, propylparaben, sodium hydroxide, ceteth-10 phosphate, dicetyl phosphate, propylene glycol dibenzoate, disodium EDTA, paraffin, xanthan gum, butyrospermum parkii (shea) butter, jojoba alcohol, potassium jojobate, simmondsia chinensis (jojoba) butter, mangifera indica (mango) seed butter, propanediol, tocopheryl acetate, carica papaya (papaya) fruit extract, colocasia antiquorum root extract, mangifera indica (mango) fruit extract, passiflora incarnata fruit extract, plumeria acutifolia flower extract, psidium guajava fruit extract, panthenol, aloe barbadensis leaf juice, sodium ascorbyl phosphate, titanium dioxide",en:canada,240 mL,https://world.openbeautyfacts.org/product/0075486085018,https://images.openbeautyfacts.org/images/products/007/548/608/5018/front_en.3.400.jpg,open_beauty_facts
0075486085025,"Edgewell, Hawaiian Tropic",Sheer Touch Oil-free Sunscreen Lotion 30 SPF,"Homosalate 5.5%, Octisalate 4.5%,, octocrylene 4%, avobenzone 2%, aqua, C12-15 alkyl benzoate, cetearyl alcohol, phenoxyethanol, VP/eicosene copolymer, isopropyl adipose, neopentyl glycol diheptanoate, mica, dimethicone, glycerin, parfum, polymethylsilsesquioxane, acrylates/C10-30 alkyl acrylate crosspolymer, coco-glucoside, methylparaben, propylene glycol dibenzoate, ceteth-10 phosphate, dicetyl phosphate, propylparaben, sodium hydroxide, disodium EDTA, paraffin, xanthan gum, butyrospermum parkii (shea) butter, jojoba alcohol, potassium jojoba, simmondsia chinensis (jojoba) butter, mangifera indica (mango) seed butter, propanediol, tocopheryl acetate, carica papaya (papaya) fruit extract, colocasia antiquorum root extract, mangifera indica (mango) fruit extract, passiflora incarnate fruit extract, plumeria acutifolia flower extract, psidium guajava fruit extract, panthenol, aloe barbadensis leaf juice, sodium ascorbyl phosphate, titanium dioxide",en:canada,240 mL,https://world.openbeautyfacts.org/product/0075486085025,https://images.openbeautyfacts.org/images/products/007/548/608/5025/front_en.3.400.jpg,open_beauty_facts
8901399241697,Santoor,Handwash Classic Sandalwood & Tulsi,"Vater, Sodium Laureth ulfate, Sodium Lauryl 'ulfate, Cocamidopropyl Betaine, Glycerin, Ammonium Lauryl Sulfate, Sodium Chloride, Laura.hide DEA, Perfume, DMDM Hydantoin, Disodium EDTA, PEG 40 Hydrogenated Castor oil, BHT, Triclosan, Citric Acid, Ocimum Sanctum (Tulsi) Extract, Santalum Album (Sandalwood) Extract, CI 19140, CI 16255 Dermatologically tested for safe use on skin.",en:india,215 ml,https://world.openbeautyfacts.org/product/8901399241697,,open_beauty_facts
8904417314755,The DermaCo,1% Kojic Acid Daily Face Wash,"Myristic Acid, Glycerin, Aqua, Potassium Hydroxide, Propylene Glycol, Stearic Acid, Decyl Glucoside, Lauric Acid, Glycol Distearate, Cocamidopropyl Betaine, Xylitol, Glucose, Anhydroxylitol, Phoenix Dactylifera (Date Palm) Extract, Kojic Acid Dipalmitate, Niacinamide, Sodium PCA, Glyceryl Stearate, Phenoxyethanol, Polyquaternium-7, Titanium Dioxide, Sodium Metabisulfite, Butylated Hydroxytoluene, Vitamin E, Pentaerythrityl Tetra-Di-T-Butyl Hydroxyhydrocinnamate, Disodium EDTA, Glyceryl Glucoside and Alpha Arbutin.",en:india,150 ml,https://world.openbeautyfacts.org/product/8904417314755,,open_beauty_facts
5060489796134,BYOMA,Barrier Repair Treatment,"Aqua, Glycerin, Butylene Glycol, Pentaerythrityl Tetraisostearate, Butylene Glycol Dicaprylate/Dicaprate, Diisostearyl Malate, Cetyl Ethylhexanoate, Methyl Trimethicone, Butyrospermum Parkii (Shea) Butter, Phenyl Trimethicone, Behenyl Alcohol, Cetearyl Alcohol, Persea Gratissima (Avocado) Oil, Sorbitan Olivate, C12-22 Alcohols, Ectoin, Dipropylene Glycol, Ethylhexylglycerin, 1,2-Hexanediol, Glucose, Arachidyl Glucoside, Niacinamide, Ceramide NP, Polyacrylate-13, Palmitic Acid, Arachidyl Alcohol, C12-15 Alkyl Benzoate, Stearic Acid, C12-16 Alkyl Glucoside, Hydrogenated Polyisobutene, Isostearyl Alcohol, Dimethicone, Caprylic/Capric Triglyceride, Ammonium Acryloyldimethyltaurate/VP Copolymer, Tromethamine, Sodium Hyaluronate, Polyglyceryl-10 Laurate, Ethylhexyl Palmitate, Sorbitan Isostearate, Sodium Phytate, Cyanocobalamin, Dipotassium Glycyrrhizate, Tocopherol",en:india,,https://world.openbeautyfacts.org/product/5060489796134,,open_beauty_facts
0667659413713,Bath & Body Works,Touch of Gold Gentle & Clean Foaming Hand Soap,"Water (Aqua, Eau), Disodium Laureth Sulfosuccinate, Cocamidopropyl Hydroxysultaine, PEG-40 Hydrogenated Castor Oil, Sodium C14-16 Olefin Sulfonate, Fragrance (Parfum), Propanediol, PEG-7 Glyceryl Cocoate, Sodium Cocoyl Glycinate, Aloe Barbadensis Leaf Juice, Disodium EDTA, Tocopheryl Acetate, Butyrospermum Parkii (Shea) Butter Extract, Citric Acid, Sodium Hydroxide, BHT, Citric Acid, Tetrasodium EDTA, Tetrahydroxypropyl Ethylenediamine, Hexamethylindanopyran, Benzyl Salicylate, Linalool, Vanillin, Hydroxycitronellal, Methylisothiazolinone, Phenoxyethanol, Yellow 10, Red 40, Limonene",en:india,,https://world.openbeautyfacts.org/product/0667659413713,,open_beauty_facts
8906117254881,DR.RASHEL,Sunscreen (vitamin C),"DM Water, Octyl Methoxycinnamate, Octyl Salicylate, C15-19 Alkane, Avobenzone, Cyclopentasiloxane, Cetostearyl Alcohol, Glyceryl Stearate, PEG-100 Stearate, Glycerine, Hydroxyethyl Acrylate/Sodium Acryloyldimethyl Taurate Copolymer, Polyacrylate-13 (and) Polyisobutene (and) Polysorbate 20, Phenoxyethanol and Ethylhexylglycerin, Iso Propyl Myristate, Octyl Dodecanol, Benzophenone - 4, Titanium Dioxide, Xanthan Gum, Butylated Hydroxytoluene, IFRA Certified Allergen Free Perfume, Tocopheryl Acetate, Sodium Ascorbyl Phosphate, Sodium Metabisulfite, Sodium Gluconate, CI No. 15985. Natural ingredients may result in a slight change in color or texture; however, this has no impact on the efficacy of the product. Mfg. & Mktd. By: PP Consumer Private Limited 灰 Office No. 1110 to 1114, 11th Floor, NCP Supremus (Lodha), New Cuffe Parade, Wadala East, Mumbai - 400037, Maharashtra, India. For Consumer Complaints, Query Or Feedback, Please Contact The Above Address. Call Customer Care No.: 022 4891 0602 info@dr.rashel.in www.dr.rashel.in At: Plot No. E-29/6, Additional Patalganga MIDC, Patalganga, Tal. Khalapur, Dist. Raigad-410220. Maharashtra, India.Mfg. LIC. No.: MH/105658A Batch No. 381",en:india,100 ml,https://world.openbeautyfacts.org/product/8906117254881,,open_beauty_facts
8901803001404,amurtanjan health care pvt Ltd,amurtanjan pain balm Extra power,"Indications: For headache and cold. Caution: Do not apply If swallowed, get medical help. Avoid contact with eyes and on broken skin and on eyes. Keep out of reach of children. nostrils. Do not use if allergic to ingredients. Directions for use: Apply on forehead and gently massage, rub on the throat and chest for cold relief. Close the cap tightly after every use,",en:india,46.0 g (50 ml),https://world.openbeautyfacts.org/product/8901803001404,,open_beauty_facts
8902618000453,"Eva, Pritam International Pvt. Ltd., TTK Healthcare Limited",Eva Mosturizing Lip Balm Orange,"Petroleum Jelly. Light Liquid Paraffin, Multiwax, Beeswax Cocoa Butter, Apricot Kernel Oil, Flavour, Vitamin E Acetate.",en:india,9 g,https://world.openbeautyfacts.org/product/8902618000453,,open_beauty_facts
8901088210577,Nihar Naturals,Hair Oil,"Mineral Oil (68.9%v/v), Vegetable Oils including Amla extract (30.1% v/v), Almond Oil, Fragrance, Menthol, Camphor, TBHQ, Vitamin E acetate, Hydrogenated Coconut Oil, CI 61565, CI 12740, CI 26100.

Mktd. by: Marico Ltd., 175, CST Road, Kalina, Mumbai, MH-400 098. Mfd. & Pkd. by: See first and second letter of batch number (respectively) & address panel below. (K) Marico Ltd. Plot-99; BIP; North Guwahati, Assam-781101. M: C-58M/2021. (G) Marico Ltd",en:india,175ml,https://world.openbeautyfacts.org/product/8901088210577,,open_beauty_facts
8906205400046,The Wellness Shop,Turmeric Facial Wax,"Each 100 gm is prepared out of: Turmeric Powder (Curcuma longa L), Rosa Gallica Flower Powder (Rose Powder), Santalum Album Powder (Chandan Powder), Azadirachta Indica Leaf Powder (Neem Powder), Glycyrrhiza Glabra Root Powder (Mulethi Powder), Fuller's Earth (Multani Mitti), Bas, Calcium Hydroxide, Base QS.",en:india,100g,https://world.openbeautyfacts.org/product/8906205400046,,open_beauty_facts
8906118414215,Plum,Plum Rice Water & Niacinamide 3% Toner,"Aqua, Niacinamide, Pentylene Glycol, Oryza Sativa (Rice) Extract, Rice Ferment Filtrate (Sake), Butylene Glycol, Rosa Damascena (Rose) Flower Water, Methyl Gluceth-20, Sorbitol, Cyclodextrin, Avena Sativa (Oat) Kernel Extract, Hydroxyethyl Acrylate/Sodium Acryloyldimethyl Taurate Copolymer, Xylitylglucoside, Panthenol, Sodium Gluconate, Anhydroxylitol, Xylitol, Phenoxyethanol, Ethylhexylglycerin, PEG-40 Hydrogenated Castor Oil",en:india,150ml,https://world.openbeautyfacts.org/product/8906118414215,,open_beauty_facts
8901030837418,"Pond's, HINDUSTAN UNILEVER LIMITED.",POND'S BRIGHT BEAUTY Face Scrub,"WATER, PENTYLENE GLYCOL, PEG-6 CAPRYLIC/CAPRIC GLYCERIDES, GLYCERIN, PEG 40 HYDROGENATED CASTOR OIL, HYDRATED SILICA, PHENOXYETHANOL, METHYLPARABEN, ETHYLPARABEN, CAPRYLYL GLYCOL, TRIETHANOLAMINE, ACRYLATES/C10-30 ALKYL ACRYLATE CROSSPOLYMER, PERFUME, DISODIUM EDTA, NIACINAMIDE, SODIUM ASCORBYL PHOSPHATE, TOCOPHERYL ACETATE, BENZOPHENONE-4, PROPYLENE GLYCOL, JUGLANS REGIA (WALNUT) SEED EXTRACT, LACTIC ACID, GLUCOSE, SODIUM BENZOATE, POTASSIUM SORBATE, BENZYL ALCOHOL, CITRONELLOL, HEXYL CINNAMAL, LIMONENE, LINALOOL, SODIUM SULFATE: CI 12490, CI 77492, CI 77266, CI 17200.",en:india,50 g,https://world.openbeautyfacts.org/product/8901030837418,,open_beauty_facts
8901023029547,Godrej Magic,Godrej Magic Ready to Mix Hand Wash,"Sodium Lauryl Sulfate, Guar Gum, DMDM Hydantoin, Cellulose Gum, Parfum, Silicon Dioxide, Disodium Lauryl Sulfosuccinate, Disodium EDTA, Xanthan Gum, lodopropynyl Butylcarbamate, Azadirachta Indica (Neem) Leaf Extract, Aloe Indica (Aloe Vera) Leaf Extract, CI 19140, CI 42090.",en:india,45g,https://world.openbeautyfacts.org/product/8901023029547,,open_beauty_facts
8906065541378,moisoft,cleanser,"Purified Water, Glycerine, Propanediol, Sodium Lauroyl Sarcosinate, Aloevera Extract, Cetyl Alcohol, Hydroxyethyl Acrylate/ Sodium Acryloyldimethyl Taurate Copolymer, Xanthan Gum, Phenoxy Ethanol, Sodium Lactate & Sodium Gluconate, Ceto Stearyl Alcohol, Citric Acid.",en:india,125g,https://world.openbeautyfacts.org/product/8906065541378,,open_beauty_facts
8904430201957,Plum,moisture gel cream,"Aqua, Glycerin, Pseudoalteromonas Ferment Extract, Niacinamide, Oryza Sativa (Rice) Extract, Caprylyl Methicone, PEG-12 Dimethicone/PPG-20 Crosspolymer, Triolein, Opuntia Ficus-Indica (Prickly Pear) Stem Water, Squalane, Ammonium Acryloyldimethyltaurate/VP Copolymer, Ethoxydiglycol, Cyclopentasiloxane, Phenoxyethanol, Ethylhexylglycerin, Disodium EDTA",en:india,,https://world.openbeautyfacts.org/product/8904430201957,,open_beauty_facts
8908020836123,Oliva,Oliva Sunscreen,"Aqua, Ethylhexyl Methoxycinnamate, Butyl Methoxydibenzoylmethane, Oxybenzone, Phosph 1,3-Butylene Glycol, Stearic Acid, Cetyl Alcohol, Sorbitan Stearate And Sucrose Cocoate,Caprylic Triglyceride, Polyacrylamide, C13-14 Isoparaffin 19-11 Pareth-6, Coco Caprylate/Caprate, Mica, Sodium Lactate, Sodium Pca, Glycine, Fruc Urea, Niacinamide, Inositol, Sodium Benzoate, Lad Phenoxyethanol, Ethylhexylglycerin, Carbomer, 3-0-Ethyl Ascorbic Acid, Aloe Barbadensis (Aloe Ven) Leaf Extract, Citric Acid, Disodium EDTA.",en:india,,https://world.openbeautyfacts.org/product/8908020836123,,open_beauty_facts
8904352003820,BIOTIQUE,BIOTIQUE MORNING NECTAR MOISTURIZER,Is it contain any animal derived product?,en:india,190 ml,https://world.openbeautyfacts.org/product/8904352003820,,open_beauty_facts
8901396323372,Dettol,Dettol Liquid Handwash,"Aqua, Ammonium Lauryl Sulfate, Sodium Laureth Sulfate, Glycol Distearate, Glycerin, Sodium Chloride, Cocamide MEA, Parfum, Salicylic Acid, Tetrasodium EDTA, Citric Acid, Methylchloroisothiazolinone, Methyl - isothiazolinone, Citronellol, Hexyl Cinnamal, Limonene, Benzyl Salicylate, Butylphenyl Methylpropional.",en:india,200ml,https://world.openbeautyfacts.org/product/8901396323372,,open_beauty_facts
8904256023375,Nivea,Body Lotion Aloe Hydration,"Aqua, Alcohol Denat.(7.93% V/V) Glycerin, Isopropyl Palmitate, Glyceryl Stearate SE, Cetearyl Alcohol, Hydroxypropyl Starch Phosphate, Aloe Barbadensis Leaf Juice Powder, Sodium Hyaluronate, Sodium Cetearyl Sulfate, Xanthan Gum, Gellan Gum, Phenoxyethanol, Citric Acid, Hydroxyacetophenone, Parfum",en:india,,https://world.openbeautyfacts.org/product/8904256023375,,open_beauty_facts
8901138011062,Himalaya,Aloe Vera Face Wash,"Aqua. Ammonium Lauryl Sulfate. Stearic Acid. Glycerin Cocamidopropyl Betaine, Cucumis Sativus (Cucumber) Fruit Extract, Glycol Stearate, Cetyl Alcohol, Glyceryl Stearate, PEG-100 Stearate, Phenoxyethanol, Ethylhexylglycerin, Fragrance, Xanthan Gum, Sodium Lauroyl Sarcosinate, Alce Barbadensis Leaf Extract, Sodium Benzoate, Cetearyl Alcohol, Coco-Glucoside, Glyceryl Oleate, Menthol, Tocopherol. Disodium EDTA, CI 19140, CI 42053.",en:india,100 ml,https://world.openbeautyfacts.org/product/8901138011062,,open_beauty_facts
8901207038457,"Dabur, Vatika",Vatika Enriched Coconut Hair Oil,"Each 100 ml is prepared from: powder of following Bhringaraja (Eclipta alba, Wh Pl.), 0.1g, Madayantika (Lawso ainermis, L.), 0.1 g, Amalaki (Emblica officinalis, Dr. Fr.), 0.19 Hartaki (Terminalia chebula, Dr. Fr.), 0.1g, Vibhitaki (Terminala bellica, Dr.Fr.), 0.1g, Nimba (Azadirachta indica, Lf.), 0.19 Mandukparni (Centella asiatica, Wh. Pl.), 0.1g, Shati (Hedychium spicatum, Rz.), 0.1g, Kaidarya (Murraya Koenigii, Lf.), 0.1g, Marid (Piper nigrum, Fr.), 0.1g, Methi (Trigonella foenum-graecum Sd.), 0.05g and Kumari (Aloe barbadensis, Lf. Oil extract), 0.1 m ml, Nimbu ka Tel (Citrus limon, Fr. peel, Oil.), 0.01ml, Rosemar Kalonji (Nigella sativa, Sd. Oil), 0.025 ml, Dugdha (milk), 0.0375 Oil (Rosmarinus officinalis, Fl., Oil.), 0.02ml, Nariyal Tel (Cocos nucifera, Endos. Ol.), Q.S. to 100 ml. Excipients - Sugandhi Dravyas with antioxidants-q.s. Ingredient benefits &quot;Basis clinical study, as compared to No oil group at week 4.",en:india,405 ml,https://world.openbeautyfacts.org/product/8901207038457,,open_beauty_facts
8906005274069,"Cetaphil, Galderma",Cetaphil Gentle Skin Cleanser,"AQUA, GLYCERIN, CETEARYL ALCOHOL, PANTHENOL, NIACINAMIDE, PANTOLACTONE, XANTHAN GUM, SODIUM COCOYL ISETHIONATE SODIUM BENZOATE, CITRIC ACID.",en:india,250 ml,https://world.openbeautyfacts.org/product/8906005274069,,open_beauty_facts
8901138819668,Himalaya,Natural Glow Kesar Face Wash,"Aqua, Ammonium Lauryl Sulfate, Glycol Distearate, Cocamidopropyl Betaine, Glycerin, Phenoxyethanol & Ethylhexylglycerin, Fragrance, Cetyl Alcohol, Acrylates/C10-30 Alkyl Acrylate Crosspolymer, Sodium Cocoyl Glutamate (and) Disodium Cocoyl Glutamate, Crocus Sativus Flower Extract, Cucumis Sativus (Cucumber) Fruit Extract, Sodium Hydroxide, Citric Acid, Coco-Glucoside (and) Glyceryl Oleate, Disodium EDTA, Tocopheryl Acetate, Menthol, Punica Granatum Fruit Extract, CI 15985.",en:india,100 ml,https://world.openbeautyfacts.org/product/8901138819668,,open_beauty_facts
8901138009991,Himalaya,Pure Hands Tulsi & Aloe Moisturizing Hand Wash,"Aqua, Sodium Laureth Sulfate, Sodium Chloride, Glycol Distearate, Glycerin, Cocamidopropyl Betaine, Cocamide MEA, Sodium Benzoate, Fragrance, Aloe Barbadensis Leaf Juice, Ocimum Sanctum Leaf Extract, Salicylic Acid, Carbomer, Sodium Metabisulfite, Sodium Hydroxide, Disodium EDTA, CI 19140, CI 42053.",en:india,675 ml,https://world.openbeautyfacts.org/product/8901138009991,,open_beauty_facts
8909106030534,"Glow & Lovely, Hindustan Unilever Limited (HUL)",Glow & Lovely Re-New Bright Advanced Multi Vitamin Serum in Cream,"WATER, PALMITIC ACID & STEARIC ACID, NIACINAMIDE, GLYCERIN, DIMETHICONE, ETHYLHEXYL METHOXYCINNAMATE, BUTYL METHOXYDIBENZOYLMETHANE, TITANIUM DIOXIDE, SODIUM ASCORBYL PHOSPHATE, ISOPROPYL MYRISTATE, TOCOPHERYL ACETATE, ALLANTOIN, PYRIDOXINE HYDROCHLORIDE, CETYL ALCOHOL, TITANIUM DIOXIDE & ALUMINUM HYDROXIDE & STEARIC ACID, PHENOXYETHANOL, METHYLPARABEN, PROPYLPARABEN, POTASSIUM HYDROXIDE, DISODIUM EDTA, PERFUME, ALPHA-ISOMETHYL IONONE, BENZYL SALICYLATE, BUTYLPHENYL METHYLPROPIONAL, CITRONELLOL, GERNANIOL, HEXYL CINNAMAL, COUMARIN, CINNAMYL ALCOHOL, LIMONENE, LINALOOL.",en:india,80 g,https://world.openbeautyfacts.org/product/8909106030534,,open_beauty_facts
8904091190256,Glenmark Pharmaceuticals,Episoft CL Cleansing Lotion,"Purified Water, Cetearyl Alcohol, 1,3 Butylene Glycol, Phenoxyethanol, Maltooligosyl Glucoside, Cetostearyl Alcohol, Sodium Lauroyl Sarcosinate L-30, Hydrogenated Starch Hydrolysate, Ethylhexylglycerin, Acrylic acid/ C10-C30 Alkyl Acrylate copolymers and Trolamine.",en:india,125 ml,https://world.openbeautyfacts.org/product/8904091190256,,open_beauty_facts
8906005274106,Cetaphil,Gentle Skin Cleanser,"AQUA, GLYCERIN, CETEARYL ALCOHOL, PANTHENOL, NIACINAMIDE, PANTOLACTONE, XANTHAN GUM, SODIUM COCOYL ISETHIONATE, SODIUM BENZOATE, CITRIC ACID.",en:india;en:sri-lanka,125ml,https://world.openbeautyfacts.org/product/8906005274106,,open_beauty_facts
8906028129537,Think Skin,Think Skin LemonFresh Body Wash,"Water, Sodium Lauryl Ether Sulphate, Cocoamidopropyl Betaine, Sodium Chloride, Perfume, Glycerin, Coco-Glucoside (and) Glyceryl Oleate, Sodium Hydroxide, Disodium EDTA, Etidronic acid, Methylchloroisothiazolinone (and) Methylisothiazolinone, Benzophenone 4, C.I. No.19140.",en:india,250ml,https://world.openbeautyfacts.org/product/8906028129537,,open_beauty_facts
8906058337612,FCL (FIXDERMA COSMETIC LABORATORY,AHA Resurfacing lotion 20,"Water (Aqua) Glycolic Acid, Lactic Acid, Salix Nigra (Willow) Bark Extract, Squalane, Propanediol, Cetearyl Alcohol & D cetyl Phosphate & Ceteth-10 Phosphate, Caprylhydroxamic Acid & Caprylyl Glycol & Glycerin, Allantoin, Xanthan Gum, Hydrolyzed Hyaluronic Acid, Polyquaternium-10, Sodium Gluconate.",en:india,100 ml 3.38oz,https://world.openbeautyfacts.org/product/8906058337612,,open_beauty_facts
8904473104024,RENEE,Pink Therapy Collagen Night Wrapping Mask,"Purified Water, Glycerin, Polyvinyl Alcohol, Propylene Glycol, Phenoxyethanol, Niacinamide, Sodium Hyaluronate, Sodium Benzoate, Polysorbate-20, Hydroxyethylcellulose, Hydrolyzed Collagen, Sodium Gluconate, Xanthan Gum, Xylitol, Rosmarinus Officinalis (Rosemary) Extract, Parfum, Citric Acid, Tocopheryl Acetate, Phospholipids, Sphingolipids.",en:india,50ml,https://world.openbeautyfacts.org/product/8904473104024,,open_beauty_facts
8906087778462,Aqualogica,Aqualogica Glow+ Dewy Gel Sunscreen,"Aqua, Isododecane, Propylene Glyco Methoxydibenzoylmethane, Terephthalylidene Dicamphor Acid, Glycerin, Ethylhexyl Methoxycinnamate, Methy Bs-Benzotriazolyl Tetramethylbutylphenol, Decyl Gl nybenzimidazole Sulfonic Acid, Hyaluronic Acid, Eth Ad Triethanolamine, Caprylic Capric Triglyceride, An loyldimethyltaurate/VP Copolymer, Tapioca Starch D bonate, Ethylhexyl Salicylate, Dimethicone, Cyclopenta Cetearyl Alcohol, Ceteareth-20, Cetearyl Olivate, Sorbitan Phenoxyethanol, Ethylhexylglycerin, Glyceryl Stearate C aya Fruit Extract, Glyceryl Glucoside, Niacinamide, P Neopentyl Glycol Diheptanoate, Sodium Polyacry Bharydiglycol, Biosaccharide Gum-4, 1,2-Hexanediol, Cap ruum Fruit Extract, Xanthan Gum, Tocopheryl Acetate Gluconate, Laminaria Digitata Extract, Cetyl-PG Hyd tamide, Ceramide EOP, Ceramide NG, Ceramide NP AS, Ceramide AP, Panthenol And Butylated Hydra",en:india;en:nepal,50 g,https://world.openbeautyfacts.org/product/8906087778462,,open_beauty_facts
8809416470511,COSRX,Low PH good morning gel cleanser,"Water, Cocamidopropyl Betaine, Sodium Lauroyl nicus Branch/Fruit/Leaf Extract, Butylene Glycol, Saccharomyces Methyl Isethionate, Sodium Chloride, Polysorbate 20, Styrax Japo - Ferment, Cryptomeria Japonica Leaf Extract, Nelumbo Nucifera Leaf Extract, Pinus Palustris Leaf Extract, Ulmus Davidiana Root raria Lobata Root Extract, Melaleuca Alternifolia (Tea Tree) Leaf Oil, Extract, Oenothera Biennis (Evening Primrose) Flower Extract, Pue Acid, Ethyl Hexanediol, 1,2-Hexanediol, Trisodium Ethylenediamine Allantoin, Caprylyl Glycol, Ethylhexylglycerin, Betaine Salicylate, Citric Disuccinate, Sodium Benzoate, Disodium EDTA",en:brunei;en:india,150ml,https://world.openbeautyfacts.org/product/8809416470511,,open_beauty_facts
8901248126373,,Boro plus body lotion,"BORO PLUS Doodh Kesar Body Lotion for healthy, moisturised skin. WHAT'S IN IT? VIT Doodh Kesar Vitamin E No Parabens WHAT DOES IT DO? Intensely Moisturises ◆ Softens dry skin ◆ Unveils glowing skin ALL SKIN TYPES Directions: Apply daily all over body. Each 100 ml contains: Extracts of Ocimum sanctum WH.PL. 0.25g, Azadirachta indica LF. 0.25g, Curcuma longa RZ. 0.25g, Santalum album HT.WD. 0.2g, Glycyrrhiza glabra RT. 0.15g, Aloe barbadensis LF. 1.0g, Vetiveria zizanioides RT. 0.05g, Symplocos racemosa ST.BK. 0.2g. Nymphaea alba FL. 0.2g Hedychium spicatum RZ./RT. 0.1g, Crocus sativus STL/STG 0.0005g., Prunus amygdalus OL. 0.05g, Malai 0.1g, Rosa centifolia FL. 0.5g, Moti pisti 0.0008g, Phenoxyethanol, DMDM Hydantoin; base qs. Dermatologist recommended. Ayurvedic Medicine. FOR EXTERNAL USE ONLY. A preventive, curative & healing Ayurvedic Lotion for dry skin diseases, minor cuts, wounds, chapped skin & cold sores.",en:india,,https://world.openbeautyfacts.org/product/8901248126373,,open_beauty_facts
8904026643864,Lacto Calamine is sold by Piramal Pharma Ltd.,Lacto Calamine Daily Sunshield Matte Look Sunscreen,"Purified Water, C12-C15 Alkyl Benzoate, Ethylhexyl Methoxycinnamate, Kaolin, Octocrylene, Glycerin, Zinc oxide, Glyceryl Stearate, Butyl Methoxydibenzoylmethane, Laureth-23, PEG-100 stearate, Cyclopentasiloxane, Tapioca Starch, Cetostearyl Alcohol, Sodium Acrylate/Sodium Acryloyldimethyl Taurate Copolymer, Citrus Limon Fruit Extract, Tocopheryl Acetate, Phenoxyethanol, Ethylhexylglycerin, PEG-10 dimethicone. Polymethylsilsesquioxane, Hydrogen Dimethicone, Perfume, EDTA Disodium, Citronellol, Coumarin, Linalool, Benzyl Alcohol, Hydroxycitronellal, Cinnamyl Alcohol, Amyl Cinnamal, Isoeugenol, Geraniol, Benzyl Cinnamate, Benzyl Salicylate, Benzyl Benzoate, Ci 77491, CI 15850:1",en:india,100 g,https://world.openbeautyfacts.org/product/8904026643864,,open_beauty_facts
8906045488112,Coloressence,Coloressence True Tone BB Cream (Papaya Extract),"Glycerin, CCTG, Propylene Glycol, Cetyl Alcohol, Stearic Acid, Glyceryl Monostearate, Iso Propyl Myristate, Phenoxyethanol, Cyclopentasiloxane, Polysorbate, Octyldodecanol, Octyl Methoxycinnamate Dimethicone, Vitamin-E Acetate, Papaya Extract, Titanium Dioxide.",en:india,30 g,https://world.openbeautyfacts.org/product/8906045488112,,open_beauty_facts
8906045486859,Coloressence,Coloressence Pre Make-Up Base,"Vitamin E Acetate, Wheatgerm Oil, Cyclopentasiloxane, Dimethicone.",en:india,30 g,https://world.openbeautyfacts.org/product/8906045486859,,open_beauty_facts
8901396324584,Dettol,Dettol Liquid Handwash,"No TCC & Triclosan Plant derived cleansers Ingredients: Aqua, Ammonium Lauryl Sulfate, Sodium Laureth Sulfate, Glycerin, Parfum, Glycol Distearate, Cocamide MEA, Glycol Stearate, Propylene Glycol, Sodium Chloride, Citric acid, Tetrasodium EDTA, Salicylic Acid, Sodium Citrate, Citral, Magnesium Nitrate, Methylchloroisothiazolinone, Methylisothiazolinone, CI 11710, CI 12085 Directions: Press nozzle nently to net Dettol Liquid CAUTION - For external use only. Keep out of",en:india,200 ml,https://world.openbeautyfacts.org/product/8901396324584,,open_beauty_facts
8809624507009,,Mirabelle sheet mask,"Water, Glycerin, Dipropylene Glycol, Tocopheryl Acetate (0.01%), Ascorbic Acid (0.001%), Hydroxyacetophenone, Caprylyl Glycol, PEG-60 Hydrogenated Castor Oil, Niacinamide, Carbomer, Ethylhexylglycerin, Panthenol, Tromethamine, Butylene Glycol, Cellulose Gum, Allantoin, Disodium EDTA, 1,2-Hexanediol, Citrus Limon (Lemon) Fruit Extract, Fragaria Chiloensis (Strawberry) Fruit Extract, Pyrus Malus (Apple) Fruit Extract, Cucumis Sativus (Cucumber) Fruit Extract, Vitis Vinifera (Grape) Fruit Extract, Sodium Hyaluronate, Xanthan Gum, Dipotassium Glycyrrhizate, Fragrance, Linalool, Limonene, Citral, Citronellol",en:india,25ml,https://world.openbeautyfacts.org/product/8809624507009,,open_beauty_facts
8904103303858,Mankind,Calapure-A Lotion,"Purified Water, Aloe Vera Gel, Light Liquid Paraffin, Calamine, Glycerin, Silicone Oil 350 cs, Steareth-2, Steareth-21, Dimethicone (and) Dimethiconol, Bentonite, Magnesium Aluminium Silicate, Methyl Paraben, Perfume, Propyl Paraben, Citric Acid Monohydrate.",en:india,50ml,https://world.openbeautyfacts.org/product/8904103303858,,open_beauty_facts
8905452213249,Forest Essentials,Hair Growth Serum,"Amla Fruit Concentrate (Emblica officinalis) - 2.0%, Bhringraj Whole Plant Concentrate (Eclipta prostrata) - 2.0%, Jatamansi Root Concentrate (Nardostachys jatamansi) - 2.0%, Aloe Vera Leaf Juice 200X Concentrate (Aloe barbadensis) - 1.0%, Brahmi Leaf Concentrate (Bacopa monnieri) - 1.0%, Hibiscus Flower Concentrate (Hibiscus rosa sinensis) - 1.0%, Methi Seed Concentrate (Trigonella foenum graecum) - 1.0% Base contains Concentrated Actives, Redensyl and AnaGain, Glycerin, Natural Preservative - Q.S.",en:india,,https://world.openbeautyfacts.org/product/8905452213249,,open_beauty_facts
8901725928377,Fiama,Fiama Shower Gel,"AQUA, SODIUM LAURETH SULFATE, COCAMIDOPROPYL BETAINE, COCAMIDE MEA, FRAGRANCE, PEG-40 HYDROGENATED CASTOR OIL, PEG-7 GLYCERYL COCOATE, ACRYLATES COPOLYMER, GLYCERIN, SODIUM HYDROXIDE, BLACKCURRANT EXTRACT, BEARBERRY EXTRACT SODIUM CHLORIDE, SODIUM BENZOATE, PHENOXYETHANOL, TETRASODIUM EDTA, BUTYLATED HYDROXYTOLUENE, LINALOOL, BUTYLPHENYL METHYLPROPIONAL, LIMONENE, COUMARIN,",en:india,250ml,https://world.openbeautyfacts.org/product/8901725928377,,open_beauty_facts
8904355407076,Apollo,Essentials Body Wash,"DM Water, Sodium Lauryl Ether Sulfate, Sodium Lauryl Sulfate, Cocamidopropyl Betaine, Glycerin, Coco Diethalnoamide, Sodium Chloride, Lime Liquid Extract, Almond Liquid Extract, Grapefruit Liquid Extract, Phenoxyethanol, Disodium EDTA, Menthol, Fragrance, CI 42090.",en:india,200ml,https://world.openbeautyfacts.org/product/8904355407076,,open_beauty_facts
8901023030765,"Cinthol, Godrej",Foam Body Wash,"Aqua, Palm Kernelate, Potassium Hydroxide, Sodium C14 Olefin Sulfonate, Perfume, Glycerin, Acrylates Copolymer, Lauryl Alcohol, Phenoxyethanol, 2-Benzylheptanol, Decylene Glycol, Tetrasodium EDTA, Pentasodium Pentate, Hydroxyethylidene-1, 1-diphosphonic ad Menthol, Butylated Hydroxytoluene, Polyquaternium-7",en:india,200ml,https://world.openbeautyfacts.org/product/8901023030765,,open_beauty_facts
8906163410163,Ralycos,Ecavitam Lotion,"Aqua, Tocopherol Acetate, Glycerol Monostearate, Stearic Acid, Aloe Barbadensis Leaf Juice, Acrylates Copolymer, Cocos Nucifera Oil, Octyldodecanol, Cyclopentasiloxane, Cetyl Alcohol, Propanediol, Ceteareth 20, Lauryl Laurate, Triethanolamine, Phenoxyethanol, Ethylhexylglycerin, Sodium PCA, Polysorbate 80, Dimethicone 350, Lipex Shea Light, Simmondsia Chinensis Seed Oil, Fragrance, Allantoin, Disodium EDTA, Retinyl Palmitate.",en:india,150g,https://world.openbeautyfacts.org/product/8906163410163,,open_beauty_facts
8901396389682,Reckitt,Dettol Skincare Liquid Handwash.,"Aqua, Ammonium Lauryl Sulfate, Sodium Laureth Sulfate, Glycerin, Glycol Distearate, Cocamide MEA, Sodium Chloride, Parfum, Salicylic Acid, Citric Acid, Tetrasodium EDTA, Hexyl Cinnamal, Disodium EDTA, Citronellol, Benzyl Salicylate, Limonene, Magnesium Nitrate, Sodium Hydroxide, BHT, Methylchloroisothiazolinone, Methylisothiazolinone, Potassium Ferrocyanide.",en:india,675 ml,https://world.openbeautyfacts.org/product/8901396389682,,open_beauty_facts
8904035422092,JOY,Honey and Almonds Body Lotion,"Water, Mineral Oil, Glycerine, Glyceryl Monostearate, Cetyl Alcohol, Isopropyl Palmitate, Stearic Acid, Dimethicone, Triticum Vulgare (Wheat) Germ Oil, Lanolin Anhydrous, Propylene Glycol, Octyl Methoxycinnamate, Aloe Barbadensis (Aloe Vera) Leaf Extract, Honey Extract, Prunus Amygdalus Dulcis (Almond) Oil, Butyrospermum Parki (Shea) Butter, Acrylates/C10-30 Alkyl Acrylate Crosspolymer, Thethanolamine, Methyl Paraben, Disodium EDTA, Propyl Paran Butylated Hydroxytoluene, CI 15985, CI 19140, Perfume.",en:india,750ml,https://world.openbeautyfacts.org/product/8904035422092,,open_beauty_facts
8906171510039,Hyphen,sunscreen,"Aqua (water), Aloe Barbadensis (Aloe Vera) Extract, Ethylhexyl Methoxycinnamate, Avobenzone, Butylene Glycol, Cyclopentasiloxane, Octocrylene, Glycerin, Niacinamide, Hydrogenated Polyisobutene, Diisopropyl Adipate, Propylene Glycol Dicaprylate/Dicaprate, Methyl Methacrylate Crosspolymer, C12-15 Alky Benzoate, Diisopropyl Sebacate, Hydroxyethyl Acrylate/Sodium Acrylo Dimethyl Taurate Copolymer, Cetearyl Olivate, Terminalia Ferdinandian (Kakadu Plum) Extract, Kojic acid, Ceramide NP, Ceramide AP, Cerami EOP, Phytosphingosine, Glucosylceramide, Tetraacetylphytosphingosin Cholesterol, Hyaluronic Acid, Tocotrienol (Vitamin E), Sorbitan Olivate Saccharide Isomerate, Glyceryl Stearate, PEG-100 Stearate, Polysorbate 20, Pentaerythrityl Tetra-di-t-butyl Hydroxyhydrocinnamate, Sodium Citrate, Sodium Gluconate, Citric Acid, Titanium Dioxide, Zinc Oxide, Stearic acid, Hydrogenated Lecithin, Glyceryl Monostearate, Ceteary cohol, Hydrogenated Polydecene, 1,2-Hexanediol, Xanthan Gum, henoxyethanol, Ethylhexylglycerin, CI19140, CI 42090. Contains Natur ngredients. Products with natural ingredients may change color but does not change their effectiveness.",en:india,50 ml,https://world.openbeautyfacts.org/product/8906171510039,,open_beauty_facts
8906118416370,Plum,Saffron & papaya glow bright face wash,"Aqua, Cocamidopropyl Betaine, Acrylates Copolymer, Coco Glucoside, Sodium Cocoyl Glycinate, Glycerin,  Propanediol, Olive Oil PEG-7 Esters, Triethanolamine, Capryloyl/Caproyl Methyl Glucamide, Carica Papaya Fruit Extract, Crocus Sativus (Saffron) Oil, Niacinamide, Lauroyl/Myristoyl Methyl Glucamide, Phenoxyethanol, Ethylhexylglycerin, Panthenol, Fragrance, Sodium Gluconate, CI 15510, CI 47005",en:india,100ml,https://world.openbeautyfacts.org/product/8906118416370,,open_beauty_facts
4987176278586,Gillette,Shave Foam,"PEMENTS: Water, Triethanolamine, Palmitic Acid, Stearic Acid, Butane, Land me, Sodium Lauryl Sulfate, Propane, Fragrance, BHT Choue From",en:india,418 g,https://world.openbeautyfacts.org/product/4987176278586,,open_beauty_facts
8906147702383,Dot and key,Dot and key Watermelon cooling sunscreen,"Aqua, Ethylhexyl Methoxycinnamate (and) Butyl

Methoxydibenzoylmethane (and) Benzophenone-3 (and) Phospholipids (and) 1,3-Butylene Glycol, Glycerine, C12-15 Alkyl Benzoate, Caprylic/Capric Triglyceride, Propanediol, Cyclopentasiloxane, Zea Mays (Corn) Starch, Citrullus Lanatus (Watermelon) Fruit Extract, Oxothiazolidine (and) Butylene glycol (and) Sodium benzoate, Methylene Bis-Benzotriazolyl Tetramethylbutylphenol (and) Aqua (and) Decyl Glucoside (and) Propylene Glycol (and) Xanthan Gum, Diethylamino Hydroxybenzoyl Hexyl Benzoate, Titanium Dioxide (and) Silica, Fructooligosaccharides (and) Beta Vulgaris (Beet) Root Extract (and) Water, Sodium Hyaluronate, Aloe Barbadensis (Aloe Vera) Leaf Juice, Tocopheryl Acetate, Menthyl Lactate, Glyceryl Stearate (and) PEG-100 Stearate, Acrylates/C10-30 Alkyl Acrylate Crosspolymer, Sorbitan Stearate (and) Sucrose Cocoate, Sodium Lactate, Sodium Gluconate, Disodium EDTA, Sodium Hydroxide, Phenoxyethanol (and) Ethylhexylglycerin.",en:india,30g,https://world.openbeautyfacts.org/product/8906147702383,,open_beauty_facts
8904391103970,Earth Rythm,Sunscreen Spray,"Ethyl Alcohol, Homosalate, Ethylhexyl Methoxycinnamate, 3-0 Ethyl Ascorbic Acid, Betaine, Diethylamino Hydroxybenzoyl Hexyl Benzoate, Propanediol, Xylitylglucoside, Anhydroxylitol, Xylitol, Phenoxyethanol, Triethylene Glycol, Tocopheryl Acetate, Photos Free Fragrance (IFRA Certified)",en:india,,https://world.openbeautyfacts.org/product/8904391103970,,open_beauty_facts
8904430201070,Plum,Rice water & Niacinamide Hybrid Sunscreen,"Aqua, Ethylhexyl Methoxycinnamate, Butyl Methoxydibenzoylmethane, Benzophenone-3, Phospholipids, 1,3-Butylene Glycol, Propanedi - ol, Niacinamide, Glycerin, Titanium Dioxide, Rice Ferment Filtrate, Oryza Sativa (Rice) Extract, Aluminum Hydroxide, Benzyl Alcohol, Hydroxyace - tophenone, Stearic Acid, Caprylyl Glycol, Ammonium Acryloyldi - methyltaurate/VP Copolymer, Sodium Polyacryloyldimethyl Taurate, Sodium Benzoate, Potassium Sorbate, Sodium Gluconate, D-Panthenol",en:india,50g,https://world.openbeautyfacts.org/product/8904430201070,,open_beauty_facts
8901030971846,Vasaline,Vaseline Deep moisturizer,"BA F10/-, *0.50/m] # 11/23 B246 @10/26 Vaseline® intensive care™м Triples skin's moisture level** Long Lasting Moisturization to restore dry skin **Based on clinical study 2021. BODY LOTION. USER HINDUST DE IN INDIA. MKTD. BY LIC. UNILEVER LIMITED (HUL). HUL 2023.VASELINE IS THE REGISTERED TRADE MARK OF UNILEVER PLC. MFG. BY M/S RHP HEALTHCARE PVT. LTD., PLOT NO. 23, SECTOR-2, SIDCUL, HARIDWAR - 249 403 (UK). M. 3/C/UA/2021. HUL REGN. NO. 80-13-000-07-AAACH1004N-22 MINIMUM THICKNESS OF THE PACKAGING IS 500 MICRON &quot;MRP (INCL. OF ALL TAXES), USP, #MFD., B. NO. & @USE BEFORE: SEE ABOVE. ^ LEVERCARE-QUERY/FEEDBACK, C TOLL FREE: 1800-10-22-221, PO BOX 14760, MUMBAI 400 099, LEVER CARE@UNILEVER.COM PET Net Vol. When Packed 62678704 Unilever 20 ml",en:india;en:united-states,20ml,https://world.openbeautyfacts.org/product/8901030971846,,open_beauty_facts
8901207037948,DABOUR,ODOMOS CREAM 25G,"INSTRUCTIONS TO USE For best results, apply the cream uniformly over the exposed skin. Do not apply to eyes, lips and mouth. Do not apply over cuts and wounds. &quot;Certified by leading pediatricians as safe on skin for infants & children Ref: International Journal of Risk & Safety in Medicine. 2011 Jan 1; 23(1):1-3. *When tested under lab conditions at an application of 12mg/cm². Odomos Non-sticky Mosquito Repellent Cream protects from mosquito bites, causing diseases like dengue, chikungunya and malaria • Creates a shield around you due to which the mosquitoes do not bite you • Gives protection against Culex, . Aedes and Anopheles mosquitoes Almond Oil and Vitamin E: Known to provide nourishment to the skin and work as an antioxidant",en:india,25g,https://world.openbeautyfacts.org/product/8901207037948,,open_beauty_facts
8904256023283,Nivea,Nivea body milk,"Aqua, Paraffinum Liquidum, Glycerin, C15-19 Alkane, Alcohol Denat. (3.53% V/V), Cetearyl Alcohol, Glyceryl Stearate Citrate, Dimethicone, Phenoxyethanol, Prunus Amygdalus Dulcis Oil, Parfum, Carbomer, Tocopherol, Sodium Hydroxide, Linalool, Citronellol, Alpha-Isomethyl Ionone, Maris Sal, Citrus Aurantium Peel Oil, Limonene, Acetyl Cedrene, Benzyl Alcohol, Lavandula Oil/Extract, Benzyl Salicylate, Terpineol, Linalyl Acetate, Sodium Hyaluronate CH",en:india,,https://world.openbeautyfacts.org/product/8904256023283,,open_beauty_facts
8901030989872,hul,pond's Bright beauty face wash,"Myristic Acid

Glycerin

Water (Aqua)

Propylene Glycol

Potassium Hydroxide

Stearic Acid

Lauric Acid

Glycol Distearate

Decyl Glucoside

Palmitic Acid

Hydroxystearic Acid

Glyceryl Stearate

Menthol

Phenoxyethanol

Disodium EDTA

Piroctone Olamine

Sodium Benzoate

Niacinamide

Polyquaternium-7

Fragrance (Parfum)

Benzyl Alcohol

Benzyl Salicylate

Citronellol

Geraniol

Hexyl Cinnamal

Limonene

Linalool",en:india,,https://world.openbeautyfacts.org/product/8901030989872,,open_beauty_facts
3616305266743,Gucci,Gucci Guilty Pour Homme Eau de Toilette,ALCOHOL DENAT. AQUA/WATER/EAU PARFUMFRAGRANCE LIMONENE⚫ LINALOOL ETHYLHEXYL . WETHOXYCINMAMATE HYDROXYCITRONELLAL. DIETHYLAMINO HYDROXYBENZOYL HEXYL BENZOATE BENZYL SALICYLATE - ALPHA ISOMETHYL IONONE. CITRAL GERANIOL BHT - EXT. VIOLET 2 (CI 60730) RED 4 (C14700) YELLOW 5 (CI 19140). PLUIE 1 (CI 42080) RED 33 (CI 17200).,en:india,100 ml,https://world.openbeautyfacts.org/product/3616305266743,,open_beauty_facts
8901296016961,Volini is sold by Sun Pharma,Volini Pain Relief Gel,"Diclofenac Diethylamine IP 1.16% w/w (equivalent to Diclofenac Sodium 1% w/w) 
Linseed Oil BP....... 3% w/w
Methyl Salicylate IP..........10% w/w
Menthol IP d ....... 5% w/w
Preservative: 
Benzyl Alcohol IP......... 1% w/w
Gel base q.s.",en:india,50 g,https://world.openbeautyfacts.org/product/8901296016961,,open_beauty_facts
4005808319725,Nivea,Nivea Intensive Moisture Body Milk 5-in-1 Complete Care (or Nivea Nourishing Body Milk),"Aqua, Alcohol Denat., C15-19 Alkane, Distarch Phosphate, Glycerin, Dimethicone, Glyceryl Stearate Citrate, Isopropyl Palmitate, Tocopheryl Acetate, Vitis Vinifera Seed Oil, Persea Gratissima Oil, Glyceryl Glucoside, Cetearyl Alcohol, Carbomer, Phenoxyethanol, Sodium Hydroxide, Parfum",en:india;en:malaysia;en:nepal,380 ml,https://world.openbeautyfacts.org/product/4005808319725,,open_beauty_facts
6923700970449,L'Oréal Paris,L'Oréal Paris Extraordinary Oil Serum,CAPRYLIC/CAPRIC TRIGLYCERIDE DIMETH DICAPRYLYL ETHER DIMETHICOL TRIMETHYLSILOXYSILICATE - CHAMOMRECUTA FLOWER EXTRACT/MATRICARIA FLOWER EXT •COCOS NUCIFERA OIL/COCONUT CLUETO HEXYL SALICYLATE HELIANTH SUNFLOWEREDBLUM S FLUMEN EXTRACT LMONENE SUMUNTA UM FLOWER EXTRACT/LINSEED FLOWERE ISOEUGENOL CADOVAC/CAPRIC G HIPPOPHAERHOIDES SEED OIL M FRAGRANCE GARDENIA TAITENSIS FL FARNESOL BISABOLOL ROSA CANINO EXTRACT CITRAL SQUALANE (FLL,en:india,100 ml,https://world.openbeautyfacts.org/product/6923700970449,,open_beauty_facts
8906129572201,mCaffeine,Green Tea Body Wash,"Cocamidopropyl Betaine (and) Sodium Methyl Cocoyl Taurate (and) Disodium Cocoy Glutamate (and) Sodium Cocoyl Isethionate (and) Glycerin (and) Sodium Benzoate (and) Phenoxyethanol, Aqua (water), Lactic Acid, Triethanolamine, Glycolic Acid, Sodium Hydroxide, Caffeine, Camellia Sinensis (Green Tea) leaf extract, PEG-150 Distearate, Sodium Lauroyl Lactylate, Methoxycinnamidopropyl Hydroxysultaine, Sodium Gluconate, CI 19140, CI 42090, Fragrance.",en:india,200 ml,https://world.openbeautyfacts.org/product/8906129572201,,open_beauty_facts
9556589003303,Ginvera,Balinese Shower Scrub Lemongrass & Frangipani,"Water, Sodium Laureth Sulfate, Cocamidopropyl Betaine, Acrylates Copolymer, Glycerin, Plumeria Alba Flower Extract, Cymbopogon Schoenanthus Extract, Leuconostoc/Radish Root Ferment Filtrate, Propylene Glycol, Fragrance, Sodium Hydroxide, Backhousia Citriodora Leaf Oil, Tocopheryl Acetate, Hydrated Silica, Synthetic Wax, Mannitol, Microcrystalline Cellulose, Acrylates/Ammonium Methacrylate Copolymer, Hydroxypropyl Methylcellulose, Mica, Talc, Sodium Chloride, Triethyl Citrate, Disodium EDTA, Phenoxyethanol, Methylchloroisothiazolinone, Methylisothiazolinone, CI 19140, CI 47005, CI 77289, CI 77491, CI 77492, CI 77891",en:india,750 ml,https://world.openbeautyfacts.org/product/9556589003303,,open_beauty_facts
8906129573888,mCaffeine,mCaffeine Pumpkin Spice Latte Body Wash:,"Aqua (Purified Water), Cocamidopropyl Betoine, Glycrerin, Sodium Lauroyl Sarcosinate, Caprylyl/Capryl Glucoside, Glycol Distecrate, Fragrance, Sodium Methyl Cocoyl Taurate, Sodium Cocoyl Apple Amino Acids, Caffeine, Cucurbita Pepo (Pumpkin) Fruit Extract, Avena Sativa (Oat) Milk, Coffee Arabica Seed Oil, Tocopheryl acetate (Vitamin E), Polyquaternium-7, Citric Acid, Benzophenone-4, Sodium Gluconate, PEG-150 Distearate, Sodium Benzoate, Ethylhexylglycerin, Phenoxyethanol, CI 15985.",en:india,300 ml,https://world.openbeautyfacts.org/product/8906129573888,,open_beauty_facts
8901030868719,Love Beauty & Planet is sold by Hul,Argan Oil & Lavender Smooth and Serene Conditioner,"Water, Cetearyl Alcohol, Behentrimonium Chloride (and) Dipropylene Glycol, Dimethicone (And) Amodimethicone (and) PEG-7 Propylheptyl Ether (and) Cetrimonium Chloride, Cocos Nucifera (Coconut) Oil, Perfume, L-Lysine Monohydrochloride, Argania Spinosa (Argan) Kernel Oil, Lavandula Angustifolia (Lavender) Oil^, Acrylates/Beheneth-25 Methacrylate Copolymer, Lactic Acid, Disodium EDTA, Benzyl Alcohol, 1, 2-Hexanediol, Sodium Hydroxide, Citronellol, Coumarin, Limonene, Linalool. 
Plant Based Ingredients.",en:india,200 ml,https://world.openbeautyfacts.org/product/8901030868719,,open_beauty_facts
2000029158520,Pureen,Pureen Kids Yogurt Head To Toe Wash,"Water, Ammonium Laureth Sulfate, Sodium Sodium Laureth Sulfate, Cocamidopropyl Betaine, PEG-7 Glyceryl Cocoate, Styrene/Acrylates Copolymer, Polyquaternium-10, Polyquaternium-7, Yogurt Powder, Guar Hydroxypropyltrimonium Chloride, Allantoin, Carbomer, Sodium Chloride, Tetrasodium EDTA, Sodium Hydroxide, Fragrance, Sodium Levulinate, Potassium Sorbate, CI 45100.",en:india;en:malaysia;en:singapore,750 ml,https://world.openbeautyfacts.org/product/2000029158520,,open_beauty_facts
8901030868702,Love beauty and planet,Argan Oil & Lavender,"Water, Sodium Methyl Cocoyl Taurate, Cocamidopropyl Betaine, Dimethicond (and Trideceth-10 (and) TEA Dodecylbenzenesulfonate, Perfume, L-Lysine Monohydrochloride, Cocos Nucifera (Coconut) Oil, Argania Spinosa (Argan) Kernel Oil Lavandula Angustifolia (Lavender) Oil, Stearamidopropy Dimethylamine, Glycol Distearate^, Laureth-4^, Citric Acid Monohydrate, Sodium Benzoate, Carbomer, Sodium Chloride, Polyquaternium-10, PPG-9, Disodium EDTA, Citronellol, Coumarin, Limonene, Linalool. Plant Based Ingredients.",en:india,200 ml,https://world.openbeautyfacts.org/product/8901030868702,,open_beauty_facts
4005900133342,Nivea,NIVEA CREME DARK SPOT REDUCTION,"NIVEAⓇ MEN DARK SPOT# REDUCTION CREME A breakthrough in skincare specifically developed for men's skin. It contains UV filters and licorice extracts that reduce dark spots. It is extra light, non-greasy and fast absorbing. SKIN COMPATIBILITY DERMATOLOGICALLY APPROVED SKIN CREAM. INGREDIANTS: Aqua, Glycerin, Isopropyl Palmitate, Cetearyl Alcohol, Alcohol Denat. 3.7% v/v, C12-15 Alkyl Benzoate, Butyl Methoxydibenzoyl - methane, Distarch Phosphate, Glyceryl Stearate, Octocrylene, Glycyrrhiza Glabra Root Extract, Polyglyceryl-10 Stearate, Dimethicone, Carbomer, Acrylates/C10-30 Alkyl Acrylate Crosspolymer, Trisodium EDTA, Sodium Hydroxide, Phenoxyethanol, Ethylhexylglycerin, Limonene, Linalool, Coumarin, Alpha-Isomethyl Ionone, Parfum. Imported by: NIVEA India Pvt Ltd, 4th Floor, AGH, Phoenix Market City, Kurla (W), Mumbai, Maharashtra - 400070. RC No. COS052/13. Query/Feedback: Contact NIVEA CARE Executive at above address or :(022)62487999, care@beiersdorf.com.For Batch No., MFD. (P) & Use Before (E): See Pack. Manufactured by: Beiersdorf Manufacturing Hamburg GmbH, Troplowitzstraße 10, 22529 Hamburg, Germany. MRP (Incl. of all Taxes): *255.00, USP: *3.40/ml Net Content #Dark spots accumulated from dirt & residues. (When Packed): Beiersdorf 75ml (75.2g) 12M 4 005900133342 Hamburg =reg. tm. of Beiersdorf AG Beiersdorf AG, D-20245 Hamburg ALU www.NIVEAMEN.IN Art. No. 83927 83927.498.DB.01",en:india,75,https://world.openbeautyfacts.org/product/4005900133342,,open_beauty_facts
8901088150729,Parachute,Parachute Advansed Gold Coconut Hair Oil,Vegetable Oil including Coconut Oil (79 4% v/v). Paraffinum liquidum (20% v/v). Vitamin E. TBHQ. Perfume.,en:india,190 ml,https://world.openbeautyfacts.org/product/8901088150729,,open_beauty_facts
8809093097100,Mielle,Mielle Argan Essential Oil,"Dimethicone, Cyclomethicone, Isopropyl Myristate, Cyclopentasiloxane, Perfume, Argania spinosa kernel oil",en:india,,https://world.openbeautyfacts.org/product/8809093097100,,open_beauty_facts
0616761436350,HUL,Lakme cream,"Vitamin e, vitamin c, vitamin b,",en:india,100 g,https://world.openbeautyfacts.org/product/0616761436350,,open_beauty_facts
8901030971839,hul,vaseline deep moisturizer,"WATER, MINERAL OIL, GLYCERIN, CETEARYL ALCOHOL, PETROLATUM, AVENA SATIVA (OAT) STRAW EXTRACT, SODIUM CETEARYL SULFATE, GLYCERYL STEARATE, PARAFFIN, DIMETHICONE, MICROCRYSTALLINE WAX, SODIUM CARBOXY METHYL CELLULOSE, METHYL PARABEN, PHENOXYETHANOL, PROPYL PARABEN, SIMETHICONE, DISODIUM EDTA, GLYCINE SOJA (SOYABEAN) OIL, BHT, PERFUME, BENZYL SALICYLATE, CITRONELLOL, HEXYL CINNAMAL, LIMONENE, LINALOOL, AMYL CINNAMAL",en:india,400ml,https://world.openbeautyfacts.org/product/8901030971839,,open_beauty_facts
8906007200110,ICPA,Thermoseal Repair Toothpaste,"Strontium Chloride Hexahydrate - 10% w/w, Sorbitol, Glycerin, Hydrated silica, CAPB, Polysorbate 20, Flavour, Cellulose gum, Sodium saccharin, Titanium dioxide, Sodium benzoate, Brilliant blue colour and Purified water.",en:india,100g,https://world.openbeautyfacts.org/product/8906007200110,,open_beauty_facts
8901088064576,Parachute,parachute body lotion coconut milk & honey 400ml,"Aqua, Glycerin, Cocos nucifera (Coconut) oil*, Cetyl alcohol, Isopropyl myristate, Palmitic acid (and) Stearic acid, PEG-100 stearate (and) Glyceryl stearate, Polysorbate 20, Fragrance, Triethanolamine, Carbomer, Methyl paraben, Busted Hydroxytoluene, Propyl paraben, Disodium EDTA, Honey Extract, Cocos nucifera (Coconut) milk*",en:india,400 ml,https://world.openbeautyfacts.org/product/8901088064576,,open_beauty_facts
9554100394756,K & K SIGNATURE BEAUTY,Breathe Deep Ayurveda Shower Gel Stress Relief - Peppermint Oil & Pink Salt,"Peppermint Oil, Himalayan Pink Salt, Apricot Scrub,Neem Extract",en:india,400 ml,https://world.openbeautyfacts.org/product/9554100394756,,open_beauty_facts
4902430685542,,Pantene pro-v oil replacement,"Water, stearyl Alcohol, cetyl Alcohol, Stearamidopropyl",en:india,80 ml,https://world.openbeautyfacts.org/product/4902430685542,,open_beauty_facts
8906146680958,Arata,Vitamin C Body Wash,"Purified Water, Sodium Laureth Sulfate, Sodium Chloride, Cocamidopropyl Betaine, Glycerin, Cocamide DEA, Polyquaternium-7, Ceteareth 25, Fragrance (Mandarin), Sodium Gluconate, Sodium Benzoate, CI 15985, Methylchloroisothiazolinone, Vitamin C, Kakadu Plum Fruit Extract, Methylisothiazolinone",en:india,300ml,https://world.openbeautyfacts.org/product/8906146680958,,open_beauty_facts
8901571010844,Sensodyne,Sensodyne Repair & Protect,"Glycerin, PEG-8, Hydrated Silica, Calcium Sodium Phosphosilicate (NOVAMIN), Cocamidopropyl Betaine, Sodium Methyl Cocoyl Taurate, Aroma, Titanium Dioxide, Carbomer, Silica, Sodium Saccharin, Sodium Fluoride, Limonene.",en:india,100g,https://world.openbeautyfacts.org/product/8901571010844,,open_beauty_facts
8906036217684,OSHEA HERBALS,Papaya Clean Anti Blemish Facewash,"Purified Water, Glycerine, Stearic Acid, Myristic Acid, Palmitic Acid, Potassium Hydroxide, Coconut acid, Sodium Methyl Cocoyl Taurate, Cocamidopropy Betaine, Aloe Vera Extract, Papaya (Carica papaya) Extract, Liquorice (Glycyrrhiza Glabra Extract, Mulberry (Morus alba) Extract, Cetyl Alcohol, Ethylene Glycol Monostearale Fragrance, Imidazolidinyl Urea, Phenoxyethanol, Xylitylglucoside, Vitamin E, Anhydroxylit Xylitol, Colour",en:india,50 g,https://world.openbeautyfacts.org/product/8906036217684,,open_beauty_facts
8901314077998,Colgate,MaxFresh Plax Mouthwash,"Water, Glycerin, Propylene Glycol, Sorbitol, Poloxamer 407, Flavor, Cetylpyridinium Chloride, Potassium Sorbate, Sodium Fluoride, Menthol, Sodium Saccharin, CI 42051. Contains: Sodium Fluoride Total Fluoride content: 225 ppm This formula does not contain Ethanol.",en:india,250ml,https://world.openbeautyfacts.org/product/8901314077998,,open_beauty_facts
8886335980437,Three Beauties,Three Beauties 804 CREAM POWDER FAIR & NATURAL 03,"Talc, Calcium Carbonate, Zinc Stearate, Cetyl Acetate, Cetyl Alcohol, Acetylated Lanolin Alcohol, Lanolin Oil, Mineral Oil, Fragrance May Contain: [+/- Iron Oxide Yellow CI 77492, Titanium Dioxide CI 77891, Iron Oxide CI 77491, Iron Oxide Black CI 77499]",en:india,20 g,https://world.openbeautyfacts.org/product/8886335980437,,open_beauty_facts
8888115000144,Axe Brand,Universal Oil,Pudina Ka Phool 20%w/w Nilgiri Ka Tel 15%w/w Gandhapura Tel 15%w/w Karpoor Tel 5%w/w Essential Oil 12%w/w Base ad 100%w/w,en:india,10ml,https://world.openbeautyfacts.org/product/8888115000144,,open_beauty_facts
0620530540243,Actamec,Face wash,"Vitamin c, hyaluronic acid,",en:india,70 g,https://world.openbeautyfacts.org/product/0620530540243,,open_beauty_facts
8888202054685,Enchanteur,Romantic Eau de Toilette,"Ethanol, Fragrance, PPG-20 Methyl Glucose Ether, Benzophenone-3, BHT.",en:india,50ml,https://world.openbeautyfacts.org/product/8888202054685,,open_beauty_facts
8888202018052,Dashing,Dashing Cool Aqua Eau de Toilette,"Ethanol, Fragrance, PPG-20 Methyl Glucose Ether, BHT.",en:india,100ml,https://world.openbeautyfacts.org/product/8888202018052,,open_beauty_facts
8901030907449,Hamam,Hamam 100% Pure Neem Oil,"SODIUM PALMATE, SODIUM PALM KERNELATE WATER, GLYCERINE FRAGRANCE, SODIUM CHLORIDE, OLEA EUROPAEA (OLIVE) FRUIT OIL, MELIA AZADIRACHTA (NEEM) SEED OIL, TETRASODIUM ETIDRONATE, TETRASODIUM EDTA, ALOE BARBADENSIS LEAF EXTRACT, OCIMUM SANCTUM LEAF EXTRACT, CAMELLIA SINENSIS LEAF EXTRACT, AZADIRACHTA INDICA LEAF EXTRACT, ALPHA-ISOMETHYL IONONE BENZYL BENZOATE, BENZYL SALICYLATE, CINNAMAL, CITRAL, CITRONELLOL, COUMARIN, EUGENOL, GERANIOL, ISOEUGENOL, LIMONENE, LINALOOL, CI 11680, CI 74260.",en:india,100g,https://world.openbeautyfacts.org/product/8901030907449,,open_beauty_facts
8906087770671,mamaearth,mamaearth ubtan face wash,"Aqua, Stearic Acid, Cocamidopropyl Betaine, Caprylyl/Capryl Glucoside, Sodium Methyl Cocoyl Taurate, Glycerin, Sodium Lauroyl Sarcosinate, Ethylene Glycol Distearate, Potassium Hydroxide, Lauric Acid, Coconut Oil, Myristic Acid, Acrylates/Beheneth-25 Methacrylate Copolymer, Polysorbate 20, Glyceryl Monostearate, Polyquaternium 7, D-Panthenol, Walnut Beads, Phenoxyethanol, Ethylhexylglycerin, Turmeric Powder, Saffron Extract, Xanthan Gum, Titanium Dioxide, IFRA Certified Allergen Free Fragrance, Liquorice Extract, Vitamin E, Sodium Hydroxide, Niacinamide, Sodium Gluconate, Butylated Hydroxytoluene, Carrot Seed Oil, Orange Oil, Ylang Ylang Oil & Patchouli Oil. DIRECTIONS FOR USE: Apply a small amount on wet face and gently massage with your fingertips in a circular motion. Concentrate scrubbing your forehead, nose and chin. Rinse off with water and pat dry. Avoid direct contact with eyes. CAUTION: Product contains natural ingredients & may change color and fragrance, without losing effectiveness. Even natural ingredients can cause and trigger existing allergies, patch test recommended. Results may vary.",en:india,100 gm,https://world.openbeautyfacts.org/product/8906087770671,,open_beauty_facts
8901030904486,Lifebuoy is sold by Hindustan Unilever,Lifebuoy Total 10 Germ Protection Handwash,"WATER, SODIUM LAURETH SULFATE, BENZOIC ACID, COCAMIDOPROPYL BETAINE, GLYCOL DISTEARATE, PERFUME, AMMONIUM CHLORIDE, HYDROXYPROPYL METHYLCELLULOSE, SODIUM CHLORIDE, GLYCERIN, TETRASODIUM EDTA, SODIUM BENZOATE, SODIUM HYDROXIDE, TOCOPHERYL ACETATE, NIACINAMIDE, SODIUM ASCORBYL PHOSPHATE, HYDROXYSTEARIC ACID, TERPINEOL, THYMOL, STEARIC ACID, CITRIC ACID, SODIUM CARBONATE, PALMITIC ACID, ARACHIDIC ACID, SODIUM SULFATE, COUMARIN, CI 45100.",en:india,190ml,https://world.openbeautyfacts.org/product/8901030904486,,open_beauty_facts
8903105033572,"Yardley, Yardley London",Yardley Clear Gel Bat Gardenia and waterlily,"Aqua, Propylene Glycol, Sodium Cocoate, Sodium Palmitate, Sodium Stearate, Sorbitol, Sodium Lauryl Sulfate, Sodium Laureth Sulfate, Glycerine, PEG 400, Sodium Propionate, Perfume, Caprylyl/Capryl Glucoside, Cocamidopropyl Betaine, Sodium Chloride, Anthemis nobilis (Chamomile) Flower Oil, Gardenia jasminoids (Gardenia) Flower Extract, Nymphaea nouchali (Waterlily) Flower Extract, BHT, Tetra Sodium EDTA, Etidronic Acid, CI 42090, CI 45100",en:india,125 x 3 = 375g,https://world.openbeautyfacts.org/product/8903105033572,,open_beauty_facts
,L'Oreal Paris,L'Oreal Paris Revitalift Crystal Micro-Essence,"Aqua/Water, Butylene Glycol, Alcohol, Hydroxyethylpiperazine Ethane Sulfonic Acid, Propanediol, PPG-6-Decyltetradeceth-30, Caprylyl Glycol, Salicylic Acid, Sodium Hydroxide, P-Anisic Acid, Adenosine, Capryloyl Salicylic Acid, Acetyl Trifluoromethylphenyl Valylglycine, Disodium EDTA, Parfum/Fragrance, Madecassoside, Benzyl Salicylate, Limonene, Linalool, Benzyl Alcohol, Pentylene Glycol, Faex Extract/Yeast Extract, Tocopherol",en:india,,https://www.nykaa.com/l-oreal-paris-revitalift-crystal-micro-essence/p/699313,,nykaa_manual
,L'Oreal Paris,"L'Oreal Paris Revitalift Serum, 1.5% Hyaluronic Acid","Aqua/Water, Glycerin, Hydroxyethylpiperazine Ethane Sulfonic Acid, Sodium Hyaluronate, PEG-60 Hydrogenated Castor Oil, Secale Cereale Seed Extract/Rye Seed Extract, Calcium Pantothenate, Dipeptide Diaminobutyroyl Benzylamide Diacetate, Ascorbyl Glucoside, Disodium EDTA, Pentylene Glycol, Phenoxyethanol, Chlorphenesin",en:india,,https://www.nykaa.com/l-oreal-paris-revitalift-1-5-hyaluronic-acid-serum/p/1112060,,nykaa_manual
,L'Oreal Paris,L'Oreal Paris Glycolic Bright 8% [Melasyl + Niacinamide] Face Serum,"Aqua/Water, Caprylyl Methicone, Niacinamide, Alcohol Denat., Butylene Glycol, Glycerin, Hydroxyethylpiperazine Ethane Sulfonic Acid, Caffeine, Potassium Hydroxide, Linalool, Glycolic Acid, 2-Mercaptonicotinoyl Glycine, Sodium Thiosulfate, Sodium Hyaluronate, Phenoxyethanol, Ammonium Acryloyldimethyltaurate/VP Copolymer, Chlorphenesin, Tocopheryl Acetate, Poloxamer 338, Limonene, Tocopherol, Hydroxyacetophenone, Capryloyl Salicylic Acid, Citronellol, Trisodium Ethylenediamine Disuccinate, Biosaccharide Gum-1, Xanthan Gum, Menthoxypropanediol, Benzyl Alcohol, Benzyl Salicylate, PEG-12 Dimethicone/PPG-20 Crosspolymer, CI 17200/Red 33, CI 42090/Blue 1, Parfum/Fragrance",en:india,,https://www.nykaa.com/l-oreal-paris-glycolic-bright-skin-brightening-serum/p/7010178,,nykaa_manual
,L'Oreal Paris,"L'Oreal Paris UV Defender Serum Protector Sunscreen SPF 50+ PA++++, Bright & Clear","Aqua, Water, Ethylhexyl Methoxycinnamate, Titanium Dioxide, Squalane, Glycerin, Drometrizole Trisiloxane, Terephthalylidene Dicamphor Sulfonic Acid, Propylene Glycol, Alcohol Denat., Triethanolamine, Dipropylene Glycol, Mica, Stearic Acid, Potassium Cetyl Phosphate, Tocopherol, Nylon-12, CI 77891, Titanium Dioxide, Niacinamide, Sodium Cocoyl Sarcosinate, Sodium Chloride, Phenoxyethanol, Diethylamino Hydroxybenzoyl Hexyl Benzoate, Paeonia Suffruticosa Root Extract, Thermus Thermophillus Ferment, PEG-100 Stearate, Ethylhexyl Triazone, Trisodium Ethylenediamine Disuccinate, Palmitic Acid, Polysorbate 80, Limonene, Xanthan Gum, Linalool, Tromethamine, Isohexadecane, Caprylyl Glycol, Alpha-Isomethyl Ionone, Barium Sulfate, Carbomer, Acrylamide/Sodium Acryloyldimethyltaurate Copolymer, Myristic Acid, Sorbitan Oleate, Bis-Ethylhexyloxyphenol Methoxyphenyl Triazine, Cetyl Alcohol, Butylene Glycol, BHT, Butyrospermum Parkii Seed Cake Extract, Shea Seedcake Extract, Potassium Sorbate, Aluminum Hydroxide, Hexyl Cinnamal, Glyceryl Stearate, Parfum, Fragrance",en:india,,https://www.nykaa.com/l-oreal-paris-uv-defender-serum-protector-sunscreen-spf-50/p/5093166,,nykaa_manual
,L'Oreal Paris,L'Oreal Paris Revitalift Hyaluronic Acid Line Filling Water Cream,"Aqua, Glycerin, Dimethicone, Isohexadecane, Hydroxyethylpiperazine Ethane Sulfonic Acid, Silica, Dipropylene Glycol, Synthetic Wax, PEG-10 Dimethicone, Dimethicone/PEG 10/15 Crosspolymer, Sodium Acrylates Copolymer, Caprylic/Capric Triglyceride, Dimethicone/Polyglycerin-3 Crosspolymer, Disteardimonium Hectorite, Sodium Hyaluronate, Phenoxyethanol, Nylon-12, Pentylene Glycol, Caprylyl Glycol, Secale Cereale Seed Extract, Methylparaben, Disodium EDTA, Dipotassium Glycyrrhizate, PEG-30 Dipolyhydroxystearate, Adenosine, Sorbitan Oleate, Benzyl Salicylate, Benzyl Alcohol, Sodium Citrate, Linalool, Benzyl Benzoate, Stearyl Alcohol, Ceteareth-3, Citronellol, Tocopherol, Fragrance",en:india,,https://www.nykaa.com/l-oreal-paris-revitalift-hyaluronic-acid-plumping-day-cream/p/1378036,,nykaa_manual
,L'Oreal Paris,"L'Oreal Paris Glycolic Bright Matte Luminizing Cream, Instant Glow Booster","Aqua/Water, Glycerin, Niacinamide, Alcohol Denat., Isononyl Isononanoate, Sodium Carbomer, Mica, Linalool, Glycolic Acid, Mercaptonicotinoyl Glycine, Salicylic Acid, Sodium Hydroxide, Silica Silylate, Sodium Thiosulfate, Silica, Chlorphenesin, Limonene, Caprylyl Glycol, Citronellol, Trisodium Ethylenediamine Disuccinate, Synthetic Fluorphlogopite, Disteardimonium Hectorite, Xanthan Gum, Polyglyceryl-2 Isostearate, Benzyl Alcohol, Benzyl Salicylate, CI 16035/Red 40, CI 14700/Red 4, CI 77891/Titanium Dioxide, Parfum/Fragrance",en:india,,https://www.nykaa.com/l-oreal-paris-glycolic-bright-matte-luminizing-cream-instant-glow-booster-fades-dark-spots/p/24854010,,nykaa_manual
,L'Oreal Paris,L'Oreal Paris Revitalift Hyaluronic Acid Oil Control Replumping Cleansing Gel,"Aqua/Water, Sodium Laureth Sulfate, Glycerin, Decyl Glucoside, Coco-Betaine, Salicylic Acid, Sodium Chloride, Zinc Gluconate, PEG-150 Pentaerythrityl Tetrastearate, PPG-5-Ceteth-20, Sodium Hyaluronate, Sodium Hydroxide, Capryloyl Salicylic Acid, Tetrasodium Glutamate Diacetate, Citric Acid, Linalool, Geraniol, Alpha-Isomethyl Ionone, Limonene, Benzyl Alcohol, Parfum/Fragrance",en:india,,https://www.nykaa.com/l-oreal-paris-revitalift-hyaluronic-acid-oil-control-replumping-cleansing-gel/p/20917229,,nykaa_manual
,L'Oreal Paris,"L'Oreal Paris Glycolic Bright Dark Circle Eye Serum, 3% Glycolic + Niacinamide + Vitamin C","Aqua/Water, Niacinamide, Glycerin, PEG/PPG/Polybutylene Glycol-8/5/3 Glycerin, Butylene Glycol, Ascorbyl Glucoside, Methyl Gluceth-20, Carbomer, Glycolic Acid, Triethanolamine, Sodium Hyaluronate, Phenoxyethanol, Caprylyl Glycol, Citrus Limon Fruit Extract, Lemon Fruit Extract, Biosaccharide Gum-1, Polysorbate 20",en:india,,https://www.nykaa.com/l-oreal-paris-glycolic-bright-dark-circle-eye-serum-with-3percent-glycolic-niacinamide-vitamin-cg/p/12966172,,nykaa_manual
,Pond's,"Pond's Sun Miracle SPF 50 PA+++ Creme Gel Sunscreen - Protect & Hydrate, with Hyaluronic Acid","Water, Ethylhexyl Salicylate, Cyclohexasiloxane, Cyclopentasiloxane, Niacinamide, Glycerin, Butyl Methoxydibenzoylmethane, Octocrylene, Phenylbenzimidazole Sulfonic Acid, Silica, Glycol Stearate, Palmitic Acid, Stearic Acid, PEG-100 Stearate, Titanium Dioxide, Aluminium Hydroxide, Stearic Acid, Pyridoxine HCl, Sodium Ascorbyl Phosphate, Tocopheryl Acetate, Cystine, Glycine, Hydroxystearic Acid, Sodium PCA, Carbomer, Potassium Hydroxide, Acrylates Crosspolymer, Dimethicone and Dimethiconol, Phenoxyethanol, Glyceryl Stearate, Cetyl Alcohol, Fragrance, Sodium Hydroxide, Methylparaben, Propylparaben, Disodium EDTA, BHT, Stearamide AMP, Alpha-Isomethyl Ionone, Benzyl Alcohol, Benzyl Benzoate, Citronellol, Geraniol, Hexyl Cinnamal, Hydroxycitronellal, Limonene, Linalool",en:india,,https://www.nykaa.com/ponds-sun-miracle-spf-50-pa-hyaluronic-creme-gel-sunscreen/p/14319373,,nykaa_manual
,Pond's,Pond's Biome Miracle Freeze Recovery Moisturizer Gel,"Water, Caprylyl Methicone (and) PEG-12 Dimethicone/PPG-20 Crosspolymer, Glycerin, Niacinamide, Propylene Glycol, Bis-PEG-18 Methyl Ether Dimethyl Silane, Dimethicone, Sodium Carbomer, Phenoxyethanol, Triethanolamine, Acrylates Crosspolymer, Menthyl Lactate, Methoxy PEG-18, Ammonium Acryloyldimethyltaurate/VP Copolymer, Allantoin, Menthone Glycerin Acetal, Ethylhexylglycerin, Disodium EDTA, Hydroxyethyl Urea, PEG-4 Dilaurate, PEG-4 Laurate, Hydrated Silica, Iodopropynyl Butylcarbamate, PEG-4, Lysine Carboxymethyl Cysteinate, Perfume, Tocopherol",en:india,,https://www.nykaa.com/ponds-biome-miracle-freeze-recovery-gel/p/27461564,,nykaa_manual
,Pond's,Pond's Hydra Light Hyaluronic Acid Gel Facewash,"Water, Sodium Cocoyl Glycinate, Sodium C14-16 Olefin Sulfonate, Sodium Cocoyl Isethionate, Acrylates Copolymer, Cocamidopropyl Betaine, Glycerin, Sodium Chloride, Coco-Glucoside & Glyceryl Oleate, Phenoxyethanol, Coconut Acid, PEG-120 Methyl Glucose Trioleate & Propylene Glycol, Hydroxyacetophenone, Fragrance, 1,2-Hexanediol, Sodium Hydroxide, Tetrasodium EDTA, Iodopropynyl Butylcarbamate, Benzophenone-4, Sodium Hyaluronate Crosspolymer, Sodium Hyaluronate, Sodium Acetylated Hyaluronate, Hydrolyzed Sodium Hyaluronate, Pentylene Glycol, Ethylhexylglycerin, Hexyl Cinnamal, Limonene, Linalool, CI 74160, CI 42090",en:india,,https://www.nykaa.com/ponds-hydra-light-hyaluronic-acid-hydrating-gel-facewash/p/12711467,,nykaa_manual
,Pond's,Pond's Sun Miracle Detan Facewash with Vitamin C & Niacinamide,"Myristic Acid, Glycerin, Water, Propylene Glycol, Potassium Hydroxide, Stearic Acid, Lauric Acid, Glycol Distearate, Decyl Glucoside, Palmitic Acid, Hydroxystearic Acid, Glyceryl Stearate, Microcrystalline Wax & CI 73360 & Talc & CI 19140, Niacinamide, Sodium Ascorbyl Phosphate, Phenoxyethanol, Disodium EDTA, Piroctone Olamine, Polyquaternium-7, Sodium Benzoate, Fragrance, Benzyl Alcohol, Benzyl Salicylate, Citronellol, Hexyl Cinnamal, Limonene, Linalool, CI 19140, CI 14700",en:india,,https://www.nykaa.com/ponds-detan-facewash-for-tan-reduction-with-brightening-vitamin-c-niacinamide/p/10777443,,nykaa_manual
,Pond's,Pond's Biome Miracle UV Invisigel Moisturiser 100HR Hydration with SPF 50 PA+++,"Water, Phenylbenzimidazole Sulfonic Acid, Ethylhexyl Methoxycinnamate, Triethanolamine, Glycerin, Disodium Phenyl Dibenzimidazole Tetrasulfonate, Niacinamide, Sodium Polyacryloyldimethyl Taurate, Dimethicone, Tetrahydroxypropyl Ethylenediamine, Caprylyl Methicone (and) PEG-12 Dimethicone/PEG PPG-20 Crosspolymer, Phenoxyethanol, Caprylyl Glycol, Butylene Glycol, Acrylates/C10-30 Alkyl Acrylate Crosspolymer, Xanthan Gum, Polysorbate 20 HPC, Sodium Hydroxide, Fragrance, Lysine Carboxymethyl Cysteinate, Ceramide NP, Sodium Hyaluronate Crosspolymer, Hydroxyethyl Urea, CI 42090",en:india,,https://www.nykaa.com/ponds-biome-miracle-uv-invisigel/p/27461565,,nykaa_manual
,Pond's,"Pond's Sun Miracle SPF 50 PA+++ Creme Gel Sunscreen - Protect & Bright, with Niacinamide","Water, Ethylhexyl Methoxycinnamate, Ethylhexyl Salicylate, Isostearyl Alcohol (and) Butylene Glycol Cocoate (and) Ethylcellulose, Diethylamino Hydroxybenzoyl Hexyl Benzoate, Butylene Glycol, Niacinamide, Silica, Caprylyl Methicone, Triethanolamine, Phenylbenzimidazole Sulfonic Acid, Bis-Ethylhexyloxyphenol Methoxyphenyl Triazine, Ethylhexyl Triazone, Sodium Ascorbyl Phosphate, Phenoxyethanol, Carbomer, Caprylyl Glycol, Magnesium Aluminum Silicate, Fragrance, PEG-100 Stearate, Disodium EDTA, Xanthan Gum, Iodopropynyl Butylcarbamate, Alpha-Isomethyl Ionone, Benzyl Alcohol, Benzyl Benzoate, Citronellol, Geraniol, Hexyl Cinnamal, Hydroxycitronellal, Limonene, Linalool",en:india,,https://www.nykaa.com/ponds-serum-boost-sunscreen-gel-spf-50/p/9897346,,nykaa_manual
,Lakme,"Lakme Perfect Radiance Brightening Face Wash, 98% Pure Niacinamide Complex","Myristic Acid, Glycerine, Water, Propylene Glycol, Potassium Hydroxide, Palmitic and Stearic Acid, Glycol Distearate, Lauric Acid, Decyl Glucoside, Glyceryl Stearate, Fragrance, Phenoxyethanol, Polyquaternium-7, Disodium EDTA, PEG-4 Laurate, PEG-4 Dilaurate, Niacinamide, PEG-4, Iodopropynyl Butylcarbamate, Sodium Benzoate, Alpha-Isomethyl Ionone, Benzyl Salicylate, Citronellol, Hexyl Cinnamal, Linalool, CI 14700",en:india,,https://www.nykaa.com/lakme-perfect-radiance-brightening-facewash-with-98percent-pure-niacinamide-complexfor-pigmentation/p/18108832,,nykaa_manual
,Lakme,Lakme Blush & Glow Avocado Matcha + Salicylic Acid Jelly Face Wash,"Water, Glycerin, Sodium Laureth Sulfate, Propylene Glycol, Cocamidopropyl Betaine, Acrylates Copolymer, Salicylic Acid, Butylene Glycol, Sodium Chloride, Niacinamide, Persea Gratissima (Avocado) Fruit Extract, Camellia Sinensis Leaf Extract, Ascorbic Acid, Lactic Acid, Phenoxyethanol, Disodium EDTA, Menthol, Iodopropynyl Butylcarbamate, Xanthan Gum, Microcrystalline Wax, Sodium Hydroxide, Fragrance, Sodium Benzoate, Citric Acid, Ethoxydiglycol, Potassium Sorbate, CI 19140, CI 42090",en:india,,https://www.nykaa.com/lakme-blush-glow-avocado-matcha-salicylic-acid-jelly-face-wash/p/26234148,,nykaa_manual
,Lakme,Lakme Blush & Glow Blueberry + Peptide Jelly Face Wash,"Water, Cocamidopropyl Betaine, Decyl Glucoside, Propylene Glycol, Panthenol, Acrylates/C10-30 Alkyl Acrylate Crosspolymer, Glycerin, Butylene Glycol, Sodium Chloride, Vaccinium Myrtillus Fruit Extract, Polysorbate 20, Pentylene Glycol, Palmitoyl Tripeptide-1, Palmitoyl Tetrapeptide-7, Copper Tripeptide-1, Tocopheryl Acetate, Phenoxyethanol, Disodium EDTA, Menthol, Iodopropynyl Butylcarbamate, Fragrance, Carbomer, Sodium Hydroxide, Citric Acid, Sodium Lactate, Potassium Sorbate, Sorbic Acid, Hexyl Cinnamal, Linalool, CI 42090, CI 17200",en:india,,https://www.nykaa.com/lakme-blush-glow-blueberry-peptide-jelly-face-wash/p/26234147,,nykaa_manual
,Lakme,"Lakme Sun Expert Dry Matte Fluid SPF 50 PA++++ Sunscreen, with 1% Niacinamide & Ceramide","Aqua, Dimethicone, Ethylhexyl Salicylate, Octocrylene, Glycerin, Phenylbenzimidazole Sulfonic Acid, Butyl Methoxydibenzoylmethane, Butylene Glycol, Sodium Hydroxide, Acrylates/C10-30 Alkyl Acrylate Crosspolymer, Niacinamide, Steareth-21, Silica, Caprylyl Glycol, Caprylic/Capric Triglyceride, Dimethicone, Polysorbate 20, Steareth-2, Fragrance, Phenoxyethanol, Stearic Acid, Linoleamidopropyl PG-Dimonium Chloride Phosphate, Propylene Glycol, Tocopheryl Acetate, Disodium EDTA, Pentylene Glycol, Sodium Acetylated Hyaluronate, Sodium Hyaluronate, Sodium Lauroyl Lactylate, Sodium Hyaluronate Crosspolymer, Hydrolyzed Sodium Hyaluronate, Ethylhexylglycerin, Ceramide NP, Ceramide AP, Phytosphingosine, Cholesterol, Xanthan Gum, Carbomer, Ceramide EOP, Alpha-Isomethyl Ionone, Benzyl Salicylate, Citronellol, Geraniol, Hexyl Cinnamal, Limonene, Linalool",en:india,,https://www.nykaa.com/lakme-sun-expert-dry-matte-fluid-spf-50-sunscreen/p/18714194,,nykaa_manual
,Lakme,Lakme 5% Niacinamide & Vitamin C Water-Light Sunscreen Gel SPF 50 PA++++,"Water, Glycerine, Octocrylene, Ethylhexyl Salicylate, Alcohol (Ethanol 95% v/v), Phenylbenzimidazole Sulfonic Acid, Butyl Methoxydibenzoylmethane, Cyclopentasiloxane, Dimethicone/Vinyl Dimethicone Crosspolymer, Silica, Ethylhexyl Methoxycinnamate, C18-36 Acid Triglyceride, Ammonium Acryloyldimethyltaurate/VP Copolymer, Niacinamide, Caprylyl Glycol, Fragrance, Phenoxyethanol, Sodium Hydroxide, Xanthan Gum, Sodium Ascorbyl Phosphate, Ammonium Acryloyldimethyltaurate/Beheneth-25 Methacrylate Crosspolymer, T-Butyl Alcohol, Tocopheryl Acetate, Disodium EDTA, Alpha-Isomethyl Ionone, Benzyl Salicylate, Citronellol, Geraniol, Hexyl Cinnamal, Limonene, Linalool",en:india,,https://www.nykaa.com/lakme-sun-expert-spf-50-pa-1percent-nia-vit-c-sunscreen/p/13920963,,nykaa_manual
,Lakme,Lakme Sun Expert Invisible Sunstick SPF 50+ PA++++,"Dimethicone, Cetyl Ethylhexanoate, C13-16 Isoparaffin, Polyethylene, Ethylhexyl Methoxycinnamate, Silica, Diethylamino Hydroxybenzoyl Hexyl Benzoate, Ethylhexyl Salicylate, Bis-Ethylhexyloxyphenol Methoxyphenyl Triazine, Ozokerite, Dimethicone/Vinyl Dimethicone Crosspolymer, Titanium Dioxide, HDI/Trimethylol Hexyllactone Crosspolymer, C12-15 Alkyl Benzoate, Polymethyl Methacrylate, Cetyl Alcohol, Paraffin Wax, Shea Butter, Polymethylsilsesquioxane, Fragrance, Silica Dimethyl Silylate, Alumina, Aluminum Stearate, Microcrystalline Wax, Polyhydroxystearic Acid, Tocopheryl Acetate, CI 77492, CI 77491, BHT, Methicone, Alpha-Isomethyl Ionone, Benzyl Salicylate, Citronellol, Geraniol, Hexyl Cinnamal, Limonene, Linalool",en:india,,https://www.nykaa.com/lakme-sun-expert-invisible-sunstick-spf-50-pa/p/19619310,,nykaa_manual
